date,movie_cd,movie_nm,open_dt,seat_occupancy_pct,seat_sell_ratio_pct,seat_cnt,sales_amt,sales_amt_acc,audi_cnt,audi_cnt_acc
20260107,20249255,만약에 우리,2025-12-31,15.6,18.7,351561,525383350,6196658590,54918,647869
20260107,20256396,아바타: 불과 재,2025-12-17,7.7,32.3,607398,564475290,66124867940,46668,5715842
20260107,20252432,주토피아 2,2025-11-26,8.2,14.7,276614,209239830,78500515250,22565,8157882
20260107,20254219,"오늘 밤, 세계에서 이 사랑이 사라진다 해도",2025-12-24,9.9,7.3,136525,128883820,6762858980,13453,699727
20260107,20247457,신의악단,2025-12-31,13.5,4.7,88131,110968100,1423254970,11929,155281
20260107,20259383,극장판 짱구는 못말려: 초화려! 작열하는 떡잎마을 댄서즈,2025-12-24,9.2,3.0,55801,47252900,3984036230,5146,419190
20260107,20256173,스폰지밥 무비: 네모바지를 찾아서,2026-01-01,5.6,1.8,33882,15759480,602735250,1912,66362
20260107,20258808,뽀로로 극장판 스위트캐슬 대모험,2025-12-11,9.1,1.0,19740,13649020,2100929610,1802,239386
20260107,20000089,철도원,2000-02-04,5.3,1.3,24542,12349970,24888970,1289,3634
20260107,20250482,"신비아파트 10주년 극장판: 한 번 더, 소환",2026-01-14,106.6,0.1,1191,11421000,24278400,1269,2416
20260106,20256396,아바타: 불과 재,2025-12-17,7.8,36.4,666784,620916980,65560392650,52067,5669174
20260106,20249255,만약에 우리,2025-12-31,16.6,17.1,313581,496875890,5671275240,51980,592951
20260106,20252432,주토피아 2,2025-11-26,7.6,16.4,300383,213535900,78291275420,22717,8135317
20260106,20247457,신의악단,2025-12-31,17.8,4.6,83793,132674700,1312286870,14880,143352
20260106,20254219,"오늘 밤, 세계에서 이 사랑이 사라진다 해도",2025-12-24,9.3,8.4,154340,134528700,6633975160,14325,686274
20260106,20259383,극장판 짱구는 못말려: 초화려! 작열하는 떡잎마을 댄서즈,2025-12-24,8.7,3.6,66531,53343400,3936783330,5792,414044
20260106,20259641,송 썽 블루,2026-01-14,100.0,0.1,2632,18424000,50393000,2632,7199
20260106,20256173,스폰지밥 무비: 네모바지를 찾아서,2026-01-01,5.3,2.5,45688,20962300,586975770,2439,64450
20260106,20258808,뽀로로 극장판 스위트캐슬 대모험,2025-12-11,7.9,1.3,24025,15415360,2087280590,1900,237584
20260106,20258739,극장판 주술회전: 시부야사변 X 사멸회유,2025-12-03,7.4,0.3,4954,3662800,3699593110,367,364733
20260105,20256396,아바타: 불과 재,2025-12-17,8.8,36.6,669125,708157290,64939475670,58948,5617107
20260105,20249255,만약에 우리,2025-12-31,15.5,16.8,307900,457211870,5174399350,47857,540971
20260105,20252432,주토피아 2,2025-11-26,7.9,16.6,304033,227374110,78077739520,23959,8112600
20260105,20254219,"오늘 밤, 세계에서 이 사랑이 사라진다 해도",2025-12-24,9.2,8.6,157638,138911200,6499446460,14558,671949
20260105,20247457,신의악단,2025-12-31,17.1,4.2,77809,121782000,1179612170,13325,128472
20260105,20259383,극장판 짱구는 못말려: 초화려! 작열하는 떡잎마을 댄서즈,2025-12-24,8.1,3.5,64757,49390150,3883439930,5216,408252
20260105,20259641,송 썽 블루,2026-01-14,94.5,0.3,4831,31969000,31969000,4567,4567
20260105,20256173,스폰지밥 무비: 네모바지를 찾아서,2026-01-01,5.3,2.5,46234,21192400,566013470,2451,62011
20260105,20258808,뽀로로 극장판 스위트캐슬 대모험,2025-12-11,7.4,1.3,23474,14861620,2071865230,1728,235684
20260105,20250444,코드: G 주목의 시작,2025-12-27,37.7,0.2,3441,6603000,81595500,1296,14977
20260104,20256396,아바타: 불과 재,2025-12-17,26.1,37.3,774039,2418246230,64231318380,201728,5558159
20260104,20249255,만약에 우리,2025-12-31,31.2,15.2,316067,980875160,4717187480,98665,493114
20260104,20252432,주토피아 2,2025-11-26,22.1,17.7,367808,788872580,77850365410,81230,8088641
20260104,20254219,"오늘 밤, 세계에서 이 사랑이 사라진다 해도",2025-12-24,26.2,8.0,166887,447479390,6360535260,43686,657391
20260104,20247457,신의악단,2025-12-31,27.7,3.8,78787,213587320,1057830170,21817,115147
20260104,20259383,극장판 짱구는 못말려: 초화려! 작열하는 떡잎마을 댄서즈,2025-12-24,23.5,3.8,79083,175591140,3834049780,18578,403036
20260104,20256173,스폰지밥 무비: 네모바지를 찾아서,2026-01-01,19.2,3.0,61932,108266300,544821070,11913,59560
20260104,20258808,뽀로로 극장판 스위트캐슬 대모험,2025-12-11,13.8,1.5,31298,39645420,2057003610,4325,233956
20260104,20258681,후지모토 타츠키 17-26 파트 1,2025-10-24,14.7,0.3,6967,13076070,248246790,1025,22814
20260104,20258633,후지모토 타츠키 17-26 파트 2,2025-10-24,13.7,0.4,7465,13273740,252398900,1021,22776
20260103,20256396,아바타: 불과 재,2025-12-17,31.6,38.1,824817,3136319700,61813072150,260785,5356431
20260103,20249255,만약에 우리,2025-12-31,31.0,15.0,325190,999014170,3736312320,100809,394449
20260103,20252432,주토피아 2,2025-11-26,25.4,17.9,387098,958562790,77061492830,98413,8007411
20260103,20254219,"오늘 밤, 세계에서 이 사랑이 사라진다 해도",2025-12-24,25.2,7.8,168752,414244320,5913055870,42443,613705
20260103,20247457,신의악단,2025-12-31,31.0,3.5,74906,221603990,844242850,23232,93330
20260103,20259383,극장판 짱구는 못말려: 초화려! 작열하는 떡잎마을 댄서즈,2025-12-24,25.2,3.7,79972,191127400,3658458640,20177,384458
20260103,20256173,스폰지밥 무비: 네모바지를 찾아서,2026-01-01,20.5,2.9,63362,116820410,436554770,12958,47647
20260103,20258808,뽀로로 극장판 스위트캐슬 대모험,2025-12-11,15.2,1.4,29675,41791900,2017358190,4509,229631
20260103,20250046,#런석진_에피소드. 투어 더 무비,2025-12-31,14.8,0.6,12864,47574500,108574500,1903,4343
20260103,20227798,에반게리온 신극장판: 파,2022-10-14,33.6,0.2,5466,19158000,144490224,1839,13623
20260102,20256396,아바타: 불과 재,2025-12-17,21.0,38.0,800685,2059152600,58676752450,168103,5095646
20260102,20252432,주토피아 2,2025-11-26,17.8,17.6,371079,637877960,76102930040,65880,7908998
20260102,20249255,만약에 우리,2025-12-31,20.7,14.8,311976,632998370,2737298150,64445,293640
20260102,20254219,"오늘 밤, 세계에서 이 사랑이 사라진다 해도",2025-12-24,16.6,8.3,174159,279702200,5498811550,28817,571262
20260102,20247457,신의악단,2025-12-31,20.6,3.6,76283,145609300,622638860,15711,70098
20260102,20259383,극장판 짱구는 못말려: 초화려! 작열하는 떡잎마을 댄서즈,2025-12-24,15.0,3.8,79989,114647400,3467331240,11978,364281
20260102,20256173,스폰지밥 무비: 네모바지를 찾아서,2026-01-01,11.7,2.9,61007,64098200,319734360,7121,34689
20260102,20227798,에반게리온 신극장판: 파,2022-10-14,63.5,0.3,5932,40969700,125332224,3764,11784
20260102,20258808,뽀로로 극장판 스위트캐슬 대모험,2025-12-11,13.4,1.2,26253,31727500,1975566290,3511,225122
20260102,20250444,코드: G 주목의 시작,2025-12-27,51.0,0.2,3904,10258000,67233700,1992,12247
20260101,20256396,아바타: 불과 재,2025-12-17,44.1,38.0,811167,4207700560,56617599850,358005,4927543
20260101,20252432,주토피아 2,2025-11-26,35.4,18.2,388603,1340436480,75465052080,137413,7843118
20260101,20249255,만약에 우리,2025-12-31,32.8,14.3,305177,996136420,2104299780,100059,229195
20260101,20254219,"오늘 밤, 세계에서 이 사랑이 사라진다 해도",2025-12-24,30.6,8.2,174518,537611600,5219109350,53427,542445
20260101,20247457,신의악단,2025-12-31,41.2,3.4,72169,281148600,477029560,29755,54387
20260101,20256173,스폰지밥 무비: 네모바지를 찾아서,2026-01-01,36.7,3.2,68636,232480960,255636160,25204,27568
20260101,20259383,극장판 짱구는 못말려: 초화려! 작열하는 떡잎마을 댄서즈,2025-12-24,28.7,4.1,86851,237866440,3352683840,24913,352303
20260101,20258808,뽀로로 극장판 스위트캐슬 대모험,2025-12-11,21.2,1.2,26435,50957160,1943838790,5608,221611
20260101,20253289,극장판 귀멸의 칼날: 무한성편,2025-08-22,57.0,0.1,2472,13689400,61334191050,1409,5693247
20260101,20250444,코드: G 주목의 시작,2025-12-27,39.8,0.2,3423,7289500,56975700,1362,10255
20260107,20258739,극장판 주술회전: 시부야사변 X 사멸회유,2025-12-03,17.6,0.3,5345,9033020,3708626130,942,365675
20260107,20250419,강다니엘: 홀드 유어 브레스,2026-01-07,12.7,0.4,6926,21960000,21960000,879,879
20260107,20250046,#런석진_에피소드. 투어 더 무비,2025-12-31,7.4,0.4,8147,15000000,146923500,600,5877
20260107,20250444,코드: G 주목의 시작,2025-12-27,32.0,0.1,1501,2516600,84413600,480,15490
20260107,19960103,라스베가스를 떠나며,1996-03-01,5.5,0.5,8660,4627000,10974300,475,1162
20260107,20227798,에반게리온 신극장판: 파,2022-10-14,5.3,0.3,5402,2887900,165238924,288,15632
20260107,20250443,극장판 뿌이뿌이 모루카 MOLMAX (모루맥스),2026-01-07,12.2,0.1,2161,2623400,2623400,264,264
20260107,20256757,극장판 체인소 맨: 레제편,2025-09-24,7.1,0.2,3734,2602400,36098196810,264,3434606
20260107,20250783,우타다 히카루 사이언스 픽션 투어 2024,2026-01-07,12.4,0.1,1987,5434000,5434000,247,247
20260107,20255381,위키드: 포 굿,2025-11-19,6.1,0.2,3395,2070700,9898217380,208,969950
20260107,20258633,후지모토 타츠키 17-26 파트 2,2025-10-24,3.7,0.3,5214,1873400,259425860,192,23486
20260107,20247017,대가족,2024-12-11,100.0,0.0,174,1044000,3132865600,174,359624
20260107,20250420,시수: 복수의 길,2026-01-07,46.8,0.0,363,1246000,1246000,170,170
20260107,20258681,후지모토 타츠키 17-26 파트 1,2025-10-24,3.6,0.2,4698,1493600,254629890,168,23502
20260107,20259641,송 썽 블루,2026-01-14,100.0,0.0,151,1057000,51450000,151,7350
20260107,20259595,에이티즈 브이알 콘서트 : 라이트 더 웨이,2025-12-05,16.2,0.0,904,4818000,378790500,146,11657
20260107,20253289,극장판 귀멸의 칼날: 무한성편,2025-08-22,22.0,0.0,500,1121200,61352178350,110,5695097
20260107,20250586,주희에게,2026-04-15,100.0,0.0,79,711000,1431000,79,159
20260107,20253906,프레디의 피자가게 2,2025-12-03,4.2,0.1,1652,685100,2315402370,70,235609
20260107,20233259,정보원,2025-12-03,27.8,0.0,223,632000,1538803100,62,168335
20260107,20196478,영웅,2022-12-21,51.8,0.0,112,348000,32328056750,58,3278682
20260107,20225637,뿌까의 짜장면파티,2022-07-04,39.7,0.0,141,336000,252618500,56,41922
20260107,20242541,룩백,2024-09-05,5.3,0.0,753,350000,3146786404,40,327399
20260107,20249326,윗집 사람들,2025-12-03,4.0,0.0,870,346500,5309444400,35,548953
20260107,20256397,원 배틀 애프터 어나더,2025-10-01,21.9,0.0,128,204000,5665434410,28,533813
20260107,20250570,레드 소냐,2025-12-31,7.5,0.0,133,60000,954000,10,132
20260107,20227788,에반게리온 신극장판: 서,2022-10-14,4.9,0.0,142,64000,182486491,7,17752
20260107,20258383,나우 유 씨 미 3,2025-11-12,1.2,0.0,517,53000,12984750790,6,1372039
20260107,20243405,나혼자 프린스,2025-11-19,2.5,0.0,238,36000,509326310,6,56168
20260107,20256025,더 러닝 맨,2025-12-10,1.1,0.0,380,42000,377194860,4,38838
20260107,20250062,아이돌리쉬 세븐 퍼스트 비트! 극장총집편 후편,2025-12-12,0.9,0.0,324,26000,18483820,3,1983
20260107,20258570,극장판 똘똘이: 아기공룡의 비밀,2025-11-07,5.0,0.0,40,15000,362568400,2,38742
20260107,20250415,"불법 서비스 : 노래방, 미용실에서",2026-01-07,0.7,0.0,146,6000,6000,1,1
20260107,20250744,친형에게 반해버린 내 젊은아내,2026-01-07,1.1,0.0,91,1000,1000,1,1
20260106,20227798,에반게리온 신극장판: 파,2022-10-14,7.1,0.3,5012,3643700,162351024,354,15344
20260106,20256757,극장판 체인소 맨: 레제편,2025-09-24,8.7,0.2,3420,3094340,36095594410,299,3434342
20260106,20258633,후지모토 타츠키 17-26 파트 2,2025-10-24,3.9,0.4,6770,2572460,257552460,262,23294
20260106,20255381,위키드: 포 굿,2025-11-19,9.2,0.2,2760,2551570,9896146680,254,969742
20260106,20258681,후지모토 타츠키 17-26 파트 1,2025-10-24,3.7,0.4,6818,2365500,253136290,252,23334
20260106,20249326,윗집 사람들,2025-12-03,5.7,0.2,3240,1850700,5309097900,183,548918
20260106,20247017,대가족,2024-12-11,100.0,0.0,174,1044000,3131821600,174,359450
20260106,20253906,프레디의 피자가게 2,2025-12-03,5.3,0.2,2989,1569700,2314717270,159,235539
20260106,20259595,에이티즈 브이알 콘서트 : 라이트 더 웨이,2025-12-05,13.8,0.0,904,4125000,373972500,125,11511
20260106,20253289,극장판 귀멸의 칼날: 무한성편,2025-08-22,21.2,0.0,510,1097300,61351057150,108,5694987
20260106,20250046,#런석진_에피소드. 투어 더 무비,2025-12-31,1.3,0.3,5779,1925000,131923500,77,5277
20260106,20226444,극장판 엄마 까투리: 도시로 간 까투리 가족,2022-09-08,47.2,0.0,142,469000,1609593999,67,173963
20260106,19960115,센스 앤 센서빌리티,1996-03-16,31.6,0.0,212,319000,1387000,67,421
20260106,20242541,룩백,2024-09-05,6.1,0.0,814,440000,3146436404,50,327359
20260106,20209771,갈릴리 예수,2020-11-26,6.4,0.0,597,76000,158615630,38,18232
20260106,20250444,코드: G 주목의 시작,2025-12-27,2.1,0.1,1577,301500,81897000,33,15010
20260106,20250062,아이돌리쉬 세븐 퍼스트 비트! 극장총집편 후편,2025-12-12,1.8,0.1,1052,183980,18457820,19,1980
20260106,20256397,원 배틀 애프터 어나더,2025-10-01,21.6,0.0,88,171500,5665230410,19,533785
20260106,20258383,나우 유 씨 미 3,2025-11-12,1.2,0.0,840,103500,12984697790,10,1372033
20260106,20250570,레드 소냐,2025-12-31,10.4,0.0,96,60000,894000,10,122
20260106,20233259,정보원,2025-12-03,6.9,0.0,146,60000,1538171100,10,168273
20260106,20227788,에반게리온 신극장판: 서,2022-10-14,2.6,0.0,229,62000,182422491,6,17745
20260106,20243405,나혼자 프린스,2025-11-19,2.5,0.0,238,36000,509290310,6,56162
20260106,20212413,수궁,2026-01-01,8.3,0.0,36,21000,969000,3,189
20260106,20244265,청와대 건너 붉은 벽돌집,2025-12-24,2.2,0.0,90,20000,2123800,2,227
20260106,20253104,거유 엄마,2026-01-06,0.7,0.0,146,6000,6000,1,1
20260106,20253367,형수에게 따먹힌 동정,2026-01-06,0.7,0.0,146,6000,6000,1,1
20260105,20227798,에반게리온 신극장판: 파,2022-10-14,8.7,0.3,4821,4507100,158707324,418,14990
20260105,20258739,극장판 주술회전: 시부야사변 X 사멸회유,2025-12-03,8.2,0.3,5030,4117480,3695930310,412,364366
20260105,20249326,윗집 사람들,2025-12-03,10.9,0.2,3463,4613500,5307247200,376,548735
20260105,20256757,극장판 체인소 맨: 레제편,2025-09-24,10.5,0.2,3038,3226560,36092500070,320,3434043
20260105,20258681,후지모토 타츠키 17-26 파트 1,2025-10-24,3.9,0.4,6807,2524000,250770790,268,23082
20260105,20255381,위키드: 포 굿,2025-11-19,6.5,0.2,4049,2566800,9893595110,265,969488
20260105,20258633,후지모토 타츠키 17-26 파트 2,2025-10-24,3.9,0.4,6627,2581100,254980000,256,23032
20260105,20259595,에이티즈 브이알 콘서트 : 라이트 더 웨이,2025-12-05,19.8,0.0,904,5907000,369847500,179,11386
20260105,20253906,프레디의 피자가게 2,2025-12-03,5.3,0.2,3025,1570500,2313147570,159,235380
20260105,20233259,정보원,2025-12-03,45.6,0.0,320,1148000,1538111100,146,168263
20260105,20253289,극장판 귀멸의 칼날: 무한성편,2025-08-22,28.4,0.0,510,1478900,61349959850,145,5694879
20260105,20250046,#런석진_에피소드. 투어 더 무비,2025-12-31,1.4,0.4,6449,2175000,129998500,87,5200
20260105,20242541,룩백,2024-09-05,4.7,0.0,783,310000,3145996404,37,327309
20260105,20256397,원 배틀 애프터 어나더,2025-10-01,14.8,0.0,88,126800,5665058910,13,533766
20260105,20250062,아이돌리쉬 세븐 퍼스트 비트! 극장총집편 후편,2025-12-12,2.2,0.0,594,115000,18273840,13,1961
20260105,20250570,레드 소냐,2025-12-31,6.3,0.0,160,60000,834000,10,112
20260105,20258383,나우 유 씨 미 3,2025-11-12,2.1,0.0,423,75000,12984594290,9,1372023
20260105,20227788,에반게리온 신극장판: 서,2022-10-14,4.2,0.0,142,69000,182360491,6,17739
20260105,20243405,나혼자 프린스,2025-11-19,2.5,0.0,238,36000,509254310,6,56156
20260105,20212413,수궁,2026-01-01,3.9,0.0,52,20000,948000,2,186
20260105,20259829,홍어의 역습,2025-12-10,1.9,0.0,108,16000,11154500,2,1229
20260105,20257625,나나미의 삽입결단,2026-01-05,0.7,0.0,146,6000,6000,1,1
20260105,20258635,내 아내의 비밀친구,2026-01-05,0.7,0.0,146,6000,6000,1,1
20260105,20254022,내손으로 길들이는 그녀 무삭제판,2026-01-05,0.7,0.0,146,6000,6000,1,1
20260105,20256690,너무 궁금한 그녀의 치마속,2026-01-05,0.7,0.0,146,6000,6000,1,1
20260105,20254989,달콤한 사육 무삭제판,2026-01-05,0.7,0.0,146,6000,6000,1,1
20260105,20256659,두근두근 그녀의 섹스,2026-01-05,0.7,0.0,146,6000,6000,1,1
20260105,20256008,마사지에 무너지는 유부녀,2026-01-05,0.7,0.0,146,6000,6000,1,1
20260105,20257623,삽입 후 최고의 순간,2026-01-05,0.7,0.0,146,6000,6000,1,1
20260105,20254024,스스로 열어준 그녀의 구멍 무삭제판,2026-01-05,0.7,0.0,146,6000,6000,1,1
20260105,20254979,"어떤 키스, 어떤 삽입 무삭제판",2026-01-05,0.7,0.0,146,6000,6000,1,1
20260105,20256028,음란한 영업,2026-01-05,0.7,0.0,146,6000,6000,1,1
20260105,20256207,음란한 코스프레 무삭제판,2026-01-05,0.7,0.0,146,6000,6000,1,1
20260105,20258705,참을 수 없는 이모의 야한 속옷,2026-01-05,0.7,0.0,146,6000,6000,1,1
20260105,20256030,치마속 젖은 손길,2026-01-05,0.7,0.0,146,6000,6000,1,1
20260105,19960051,돼지가 우물에 빠진 날,1996-05-15,0.0,0.0,212,0,606000,0,95
20260105,19760092,왕십리,1976-01-31,0.0,0.0,212,0,0,0,0
20260104,20227798,에반게리온 신극장판: 파,2022-10-14,18.3,0.2,5177,9710000,154200224,949,14572
20260104,20258739,극장판 주술회전: 시부야사변 X 사멸회유,2025-12-03,18.4,0.2,4777,8856500,3691812830,878,363954
20260104,20250046,#런석진_에피소드. 투어 더 무비,2025-12-31,6.1,0.6,12714,19249000,127823500,770,5113
20260104,20250444,코드: G 주목의 시작,2025-12-27,23.2,0.2,3229,3952500,74992500,750,13681
20260104,20255381,위키드: 포 굿,2025-11-19,20.7,0.2,3375,7284200,9891028310,697,969223
20260104,20253906,프레디의 피자가게 2,2025-12-03,12.7,0.2,4504,5734900,2311577070,573,235221
20260104,20256757,극장판 체인소 맨: 레제편,2025-09-24,11.4,0.2,3640,4269420,36089273510,414,3433723
20260104,20253289,극장판 귀멸의 칼날: 무한성편,2025-08-22,53.0,0.0,772,3938700,61348480950,409,5694734
20260104,20249326,윗집 사람들,2025-12-03,9.6,0.2,3034,3253500,5302633700,290,548359
20260104,20242541,룩백,2024-09-05,17.8,0.0,787,1221000,3145686404,140,327272
20260104,20258501,마사이 크로스,2025-11-20,100.0,0.0,130,1430000,25682300,130,2462
20260104,20250364,이머시브 시네마: 뽀로로 극장판 스위트캐슬 대모험,2025-12-13,15.2,0.0,480,1460000,39972000,73,2428
20260104,20259595,에이티즈 브이알 콘서트 : 라이트 더 웨이,2025-12-05,6.2,0.0,1017,2079000,363940500,63,11207
20260104,20256397,원 배틀 애프터 어나더,2025-10-01,39.8,0.0,128,566500,5664932110,51,533753
20260104,19580069,돈,1950-03-09,9.1,0.0,340,62000,4282000,31,1844
20260104,20250062,아이돌리쉬 세븐 퍼스트 비트! 극장총집편 후편,2025-12-12,2.7,0.0,971,271600,18158840,26,1948
20260104,20258570,극장판 똘똘이: 아기공룡의 비밀,2025-11-07,45.0,0.0,40,135000,362553400,18,38740
20260104,20227788,에반게리온 신극장판: 서,2022-10-14,8.5,0.0,142,108500,182291491,12,17733
20260104,20233259,정보원,2025-12-03,8.0,0.0,125,60000,1536963100,10,168117
20260104,20256025,더 러닝 맨,2025-12-10,35.0,0.0,20,84000,377152860,7,38834
20260104,20258383,나우 유 씨 미 3,2025-11-12,1.0,0.0,629,60000,12984519290,6,1372014
20260104,20243405,나혼자 프린스,2025-11-19,2.5,0.0,238,36000,509218310,6,56150
20260104,20258341,아이돌리쉬 세븐 퍼스트 비트! 극장총집편 전편,2025-10-31,2.4,0.0,170,37500,61905080,4,6438
20260104,20212413,수궁,2026-01-01,5.6,0.0,36,13000,928000,2,184
20260103,20258739,극장판 주술회전: 시부야사변 X 사멸회유,2025-12-03,29.1,0.2,5123,14890300,3682956330,1490,363076
20260103,20258681,후지모토 타츠키 17-26 파트 1,2025-10-24,16.8,0.4,8341,18502400,235170720,1399,21789
20260103,20258633,후지모토 타츠키 17-26 파트 2,2025-10-24,17.5,0.4,7923,18458600,239125160,1387,21755
20260103,20255381,위키드: 포 굿,2025-11-19,24.6,0.1,2839,7398000,9883744110,697,968526
20260103,20250444,코드: G 주목의 시작,2025-12-27,24.5,0.1,2794,3806300,71040000,684,12931
20260103,20253906,프레디의 피자가게 2,2025-12-03,9.8,0.2,5397,5300190,2305842170,530,234648
20260103,20256757,극장판 체인소 맨: 레제편,2025-09-24,13.0,0.2,3855,4978040,36085004090,500,3433309
20260103,20253289,극장판 귀멸의 칼날: 무한성편,2025-08-22,60.9,0.0,747,4268300,61344542250,455,5694325
20260103,20249326,윗집 사람들,2025-12-03,13.3,0.2,3400,4708200,5299380200,453,548069
20260103,20259595,에이티즈 브이알 콘서트 : 라이트 더 웨이,2025-12-05,9.6,0.0,1017,3234000,361861500,98,11144
20260103,20242541,룩백,2024-09-05,8.1,0.0,1093,814500,3144465404,88,327132
20260103,20250364,이머시브 시네마: 뽀로로 극장판 스위트캐슬 대모험,2025-12-13,13.1,0.0,480,1260000,38512000,63,2355
20260103,20250062,아이돌리쉬 세븐 퍼스트 비트! 극장총집편 후편,2025-12-12,5.4,0.0,765,409400,17887240,41,1922
20260103,20256397,원 배틀 애프터 어나더,2025-10-01,37.5,0.0,88,364600,5664365610,33,533702
20260103,19580069,돈,1950-03-09,8.2,0.0,340,56000,4220000,28,1813
20260103,20258383,나우 유 씨 미 3,2025-11-12,1.8,0.0,797,141500,12984459290,14,1372008
20260103,20256025,더 러닝 맨,2025-12-10,50.0,0.0,20,120000,377068860,10,38827
20260103,20227788,에반게리온 신극장판: 서,2022-10-14,7.0,0.0,142,116000,182182991,10,17721
20260103,20233259,정보원,2025-12-03,6.8,0.0,148,60000,1536903100,10,168107
20260103,20258570,극장판 똘똘이: 아기공룡의 비밀,2025-11-07,15.0,0.0,40,45000,362418400,6,38722
20260103,20243405,나혼자 프린스,2025-11-19,2.5,0.0,238,36000,509182310,6,56144
20260102,20258739,극장판 주술회전: 시부야사변 X 사멸회유,2025-12-03,16.4,0.3,5471,8970440,3668066030,898,361586
20260102,20255381,위키드: 포 굿,2025-11-19,20.0,0.2,3832,7675800,9876346110,766,967829
20260102,20253289,극장판 귀멸의 칼날: 무한성편,2025-08-22,44.3,0.1,1408,6082900,61340273950,623,5693870
20260102,20258633,후지모토 타츠키 17-26 파트 2,2025-10-24,7.2,0.4,7320,5224060,220666560,526,20368
20260102,20258681,후지모토 타츠키 17-26 파트 1,2025-10-24,6.6,0.4,7537,4789660,216668320,496,20390
20260102,20256757,극장판 체인소 맨: 레제편,2025-09-24,13.1,0.2,3777,5477900,36080026050,495,3432809
20260102,20249326,윗집 사람들,2025-12-03,13.2,0.2,3612,4868700,5294672000,476,547616
20260102,20233259,정보원,2025-12-03,19.6,0.1,1696,3036000,1536843100,333,168097
20260102,20258383,나우 유 씨 미 3,2025-11-12,33.9,0.0,917,2524000,12984317790,311,1371994
20260102,20253906,프레디의 피자가게 2,2025-12-03,6.8,0.2,4238,2874000,2300541980,290,234118
20260102,20250046,#런석진_에피소드. 투어 더 무비,2025-12-31,2.3,0.4,8891,5200000,61000000,208,2440
20260102,20241941,좀비딸,2025-07-30,100.0,0.0,128,1792000,53136716990,128,5640091
20260102,20250062,아이돌리쉬 세븐 퍼스트 비트! 극장총집편 후편,2025-12-12,4.6,0.1,1879,817500,17477840,87,1881
20260102,20250423,스노우폴,2025-12-18,40.8,0.0,147,415000,1561000,60,224
20260102,20259595,에이티즈 브이알 콘서트 : 라이트 더 웨이,2025-12-05,6.2,0.0,904,1848000,358627500,56,11046
20260102,20250364,이머시브 시네마: 뽀로로 극장판 스위트캐슬 대모험,2025-12-13,11.3,0.0,480,1080000,37252000,54,2292
20260102,20242541,룩백,2024-09-05,9.9,0.0,548,498000,3143650904,54,327044
20260102,19580069,돈,1950-03-09,12.1,0.0,340,82000,4164000,41,1785
20260102,20256397,원 배틀 애프터 어나더,2025-10-01,17.1,0.0,88,165500,5664001010,15,533669
20260102,20250570,레드 소냐,2025-12-31,6.9,0.0,146,60000,774000,10,102
20260102,20243405,나혼자 프린스,2025-11-19,2.5,0.0,238,36000,509146310,6,56138
20260102,20250628,대물에 복종하는 색정녀,2026-01-02,1.2,0.0,83,6000,6000,1,1
20260102,20250612,시원하게 물 빼주는 옆집 아줌마,2026-01-02,1.2,0.0,83,6000,6000,1,1
20260101,20255381,위키드: 포 굿,2025-11-19,29.8,0.2,3703,11340520,9868670310,1104,967063
20260101,20258739,극장판 주술회전: 시부야사변 X 사멸회유,2025-12-03,25.4,0.2,4150,10815100,3659095590,1054,360688
20260101,20253906,프레디의 피자가게 2,2025-12-03,15.9,0.2,4968,7878370,2297667980,789,233828
20260101,20249326,윗집 사람들,2025-12-03,20.9,0.2,3404,7268500,5289803300,711,547140
20260101,20256757,극장판 체인소 맨: 레제편,2025-09-24,14.4,0.2,3675,5468340,36074548150,529,3432314
20260101,20250046,#런석진_에피소드. 투어 더 무비,2025-12-31,4.6,0.5,11103,12675000,55800000,507,2232
20260101,20250482,"신비아파트 10주년 극장판: 한 번 더, 소환",2026-01-14,100.0,0.0,416,4576000,12857400,416,1147
20260101,20258681,후지모토 타츠키 17-26 파트 1,2025-10-24,5.0,0.4,7598,3922760,211878660,383,19894
20260101,20258633,후지모토 타츠키 17-26 파트 2,2025-10-24,4.5,0.4,8366,3950860,215442500,375,19842
20260101,20259595,에이티즈 브이알 콘서트 : 라이트 더 웨이,2025-12-05,34.7,0.0,904,10362000,356779500,314,10990
20260101,20227788,에반게리온 신극장판: 서,2022-10-14,18.5,0.0,951,1766800,182066991,176,17711
20260101,20250364,이머시브 시네마: 뽀로로 극장판 스위트캐슬 대모험,2025-12-13,34.0,0.0,480,3228000,36172000,163,2238
20260101,20250024,블루 아카이브 : 디 오케스트라 인 시네마,2025-12-12,9.5,0.1,1253,2317000,249923000,119,12702
20260101,20256397,원 배틀 애프터 어나더,2025-10-01,55.6,0.0,180,1046700,5663835510,100,533654
20260101,20233259,정보원,2025-12-03,59.3,0.0,108,442000,1533807100,64,167764
20260101,20242541,룩백,2024-09-05,7.3,0.0,797,562500,3143152904,58,326990
20260101,19980211,라이언 일병 구하기,1998-09-12,13.1,0.0,398,104000,273817530,52,32255
20260101,20258383,나우 유 씨 미 3,2025-11-12,4.9,0.0,680,304000,12981793790,33,1371683
20260101,20250062,아이돌리쉬 세븐 퍼스트 비트! 극장총집편 후편,2025-12-12,1.9,0.1,1193,202300,16660340,23,1794
20260101,19980131,엠마,1998-05-02,6.1,0.0,212,62000,129000,13,26
20260101,20258570,극장판 똘똘이: 아기공룡의 비밀,2025-11-07,22.5,0.0,40,67000,362373400,9,38716
20260101,20243405,나혼자 프린스,2025-11-19,2.5,0.0,238,36000,509110310,6,56132
20260101,20212413,수궁,2026-01-01,5.6,0.0,36,15000,915000,2,182
20260101,20250611,떡감 미치는 글래머,2026-01-01,1.2,0.0,83,6000,6000,1,1
20260101,20250627,쉽게 벌려주는 노래방 아줌마,2026-01-01,1.2,0.0,83,6000,6000,1,1
20260114,20249255,만약에 우리,2025-12-31,10.7,25.0,491530,506532920,11712464690,52687,1207535
20260114,20256396,아바타: 불과 재,2025-12-17,7.8,18.4,362283,333264860,71812786090,28380,6176243
20260114,20250188,하트맨,2026-01-14,7.3,18.5,363571,239362550,306854850,26685,33187
20260114,20250482,"신비아파트 10주년 극장판: 한 번 더, 소환",2026-01-14,21.0,5.7,111570,203862930,282962790,23430,31235
20260114,20247457,신의악단,2025-12-31,11.2,5.7,112463,117214550,2880589040,12554,305144
20260114,20252432,주토피아 2,2025-11-26,8.3,7.5,147875,114125890,80404144160,12275,8355797
20260114,20254219,"오늘 밤, 세계에서 이 사랑이 사라진다 해도",2025-12-24,8.6,3.3,64971,53802800,7765794580,5605,802645
20260114,20228555,더 퍼스트 슬램덩크,2023-01-04,14.0,1.9,37851,72258800,51383527405,5290,4908867
20260114,20259383,극장판 짱구는 못말려: 초화려! 작열하는 떡잎마을 댄서즈,2025-12-24,9.0,1.1,21978,18406900,4386794130,1984,461914
20260114,20258808,뽀로로 극장판 스위트캐슬 대모험,2025-12-11,32.0,0.2,3866,8210400,2195799040,1237,250973
20260113,20249255,만약에 우리,2025-12-31,11.5,26.4,467554,521987450,11205931770,53830,1154848
20260113,20256396,아바타: 불과 재,2025-12-17,6.5,28.5,504793,399747480,71479521230,32821,6147863
20260113,20247457,신의악단,2025-12-31,12.9,7.0,124633,151664760,2763374490,16048,292590
20260113,20252432,주토피아 2,2025-11-26,6.6,12.8,225864,138782460,80290018270,14879,8343522
20260113,20254219,"오늘 밤, 세계에서 이 사랑이 사라진다 해도",2025-12-24,7.4,6.9,121673,85799620,7711991780,8974,797040
20260113,20259383,극장판 짱구는 못말려: 초화려! 작열하는 떡잎마을 댄서즈,2025-12-24,7.4,2.8,48815,33452730,4368387230,3629,459930
20260113,20258808,뽀로로 극장판 스위트캐슬 대모험,2025-12-11,12.2,0.7,11641,9899200,2187588640,1414,249736
20260113,20256173,스폰지밥 무비: 네모바지를 찾아서,2026-01-01,6.2,1.2,22157,10858700,736490730,1374,81767
20260113,20000089,철도원,2000-02-04,4.0,1.0,18067,6643260,110869860,724,11513
20260113,20258325,스노우 폭스 : 마법의 돌을 찾아서,2026-01-10,6.8,0.4,6800,3133100,55971800,461,7812
20260112,20249255,만약에 우리,2025-12-31,11.7,26.6,465470,530034730,10683944320,54601,1101018
20260112,20256396,아바타: 불과 재,2025-12-17,7.0,29.1,508955,432735510,71079773750,35410,6115042
20260112,20247457,신의악단,2025-12-31,13.2,7.0,122488,150356140,2611709730,16112,276542
20260112,20252432,주토피아 2,2025-11-26,6.4,13.2,230864,140028470,80151235810,14719,8328643
20260112,20254219,"오늘 밤, 세계에서 이 사랑이 사라진다 해도",2025-12-24,7.6,6.6,116175,84365370,7626192160,8772,788066
20260112,20259383,극장판 짱구는 못말려: 초화려! 작열하는 떡잎마을 댄서즈,2025-12-24,7.5,2.7,47039,33485980,4334934500,3538,456301
20260112,20247690,시스터,2026-01-28,104.1,0.1,1029,9639000,9639000,1071,1071
20260112,20256173,스폰지밥 무비: 네모바지를 찾아서,2026-01-01,4.9,1.2,21050,8632800,725632030,1031,80393
20260112,20000089,철도원,2000-02-04,4.1,1.0,18129,6725260,104226600,746,10789
20260112,20258808,뽀로로 극장판 스위트캐슬 대모험,2025-12-11,5.0,0.5,9457,3723740,2177689440,477,248322
20260111,20249255,만약에 우리,2025-12-31,26.5,24.6,503303,1341033550,10153909590,133310,1046417
20260111,20256396,아바타: 불과 재,2025-12-17,20.2,29.8,609259,1521034770,70647038240,122869,6079632
20260111,20252432,주토피아 2,2025-11-26,18.2,13.9,284523,507056050,80011207340,51881,8313924
20260111,20247457,신의악단,2025-12-31,31.5,6.0,121456,385272420,2461353590,38268,260430
20260111,20254219,"오늘 밤, 세계에서 이 사랑이 사라진다 해도",2025-12-24,20.1,6.1,123659,244822500,7541826790,24849,779294
20260111,20259383,극장판 짱구는 못말려: 초화려! 작열하는 떡잎마을 댄서즈,2025-12-24,19.0,2.9,59838,108342230,4301448520,11379,452763
20260111,20256173,스폰지밥 무비: 네모바지를 찾아서,2026-01-01,12.8,1.7,34808,39931600,716999230,4461,79362
20260111,20258325,스노우 폭스 : 마법의 돌을 찾아서,2026-01-10,14.5,1.2,24256,25080800,51093600,3504,7145
20260111,20258808,뽀로로 극장판 스위트캐슬 대모험,2025-12-11,12.1,1.1,22233,25320270,2173965700,2680,247845
20260111,20250482,"신비아파트 10주년 극장판: 한 번 더, 소환",2026-01-14,60.8,0.2,3765,23944300,79099860,2289,7805
20260110,20256396,아바타: 불과 재,2025-12-17,20.8,30.6,650951,1697567980,69126003470,135341,5956763
20260110,20249255,만약에 우리,2025-12-31,26.2,24.1,512340,1334054230,8812876040,134301,913107
20260110,20252432,주토피아 2,2025-11-26,18.5,14.3,303787,549248060,79504151290,56076,8262043
20260110,20247457,신의악단,2025-12-31,29.3,5.6,118509,344585800,2076081170,34696,222162
20260110,20254219,"오늘 밤, 세계에서 이 사랑이 사라진다 해도",2025-12-24,19.3,6.0,127482,241959440,7297004290,24595,754445
20260110,20259383,극장판 짱구는 못말려: 초화려! 작열하는 떡잎마을 댄서즈,2025-12-24,18.2,2.8,59463,102110560,4193106290,10840,441384
20260110,20256173,스폰지밥 무비: 네모바지를 찾아서,2026-01-01,12.0,1.7,36962,39700620,677067630,4446,74901
20260110,20258325,스노우 폭스 : 마법의 돌을 찾아서,2026-01-10,14.2,1.2,25416,25782800,26012800,3605,3641
20260110,20250188,하트맨,2026-01-14,59.0,0.2,4413,26356900,39747900,2605,4036
20260110,20000089,철도원,2000-02-04,12.5,0.9,19360,29280750,71585740,2420,7850
20260109,20249255,만약에 우리,2025-12-31,16.9,21.6,429340,723605400,7478821810,72659,778806
20260109,20256396,아바타: 불과 재,2025-12-17,9.2,31.8,631620,729294750,67428435490,58050,5821422
20260109,20252432,주토피아 2,2025-11-26,9.1,14.2,282283,246648440,78954903230,25685,8205967
20260109,20247457,신의악단,2025-12-31,16.1,5.3,105142,164510860,1731495370,16892,187466
20260109,20254219,"오늘 밤, 세계에서 이 사랑이 사라진다 해도",2025-12-24,11.4,7.2,143468,161301550,7055044850,16298,729850
20260109,20259383,극장판 짱구는 못말려: 초화려! 작열하는 떡잎마을 댄서즈,2025-12-24,9.5,3.0,59459,54767300,4090995730,5650,430544
20260109,20256173,스폰지밥 무비: 네모바지를 찾아서,2026-01-01,7.0,1.6,31507,18580700,637367010,2213,70455
20260109,20258808,뽀로로 극장판 스위트캐슬 대모험,2025-12-11,9.5,1.0,19131,14142770,2127448380,1815,242842
20260109,20000089,철도원,2000-02-04,4.1,1.0,20662,8450220,42304990,836,5430
20260109,20258633,후지모토 타츠키 17-26 파트 2,2025-10-24,9.7,0.3,5944,4665500,265529860,577,24213
20260108,20249255,만약에 우리,2025-12-31,15.7,19.8,371907,558557820,6755216410,58278,706147
20260108,20256396,아바타: 불과 재,2025-12-17,7.9,32.0,601461,574272800,66699140740,47530,5763372
20260108,20252432,주토피아 2,2025-11-26,8.1,14.8,277465,207739540,78708254790,22400,8180282
20260108,20247457,신의악단,2025-12-31,16.6,4.9,92154,143729540,1566984510,15293,170574
20260108,20254219,"오늘 밤, 세계에서 이 사랑이 사라진다 해도",2025-12-24,10.2,7.2,136070,130884320,6893743300,13825,713552
20260108,20259383,극장판 짱구는 못말려: 초화려! 작열하는 떡잎마을 댄서즈,2025-12-24,9.6,3.2,59244,52192200,4036228430,5704,424894
20260108,20249624,프로젝트 Y,2026-01-21,100.0,0.1,2153,21139000,21139000,2153,2153
20260108,20256173,스폰지밥 무비: 네모바지를 찾아서,2026-01-01,5.8,1.7,32317,16051060,618786310,1880,68242
20260108,20258808,뽀로로 극장판 스위트캐슬 대모험,2025-12-11,9.3,0.9,17702,12376000,2113305610,1641,241027
20260108,20250188,하트맨,2026-01-14,100.0,0.1,1431,13391000,13391000,1431,1431
20260114,20250299,고고다이노 극장판: 곤충세계 대모험,2026-01-14,4.6,1.2,23178,8754800,34718400,1062,3794
20260114,20258325,스노우 폭스 : 마법의 돌을 찾아서,2026-01-10,16.5,0.3,5909,6058000,62029800,977,8789
20260114,20259641,송 썽 블루,2026-01-14,3.7,1.1,21415,6679800,61873800,789,8555
20260114,20256173,스폰지밥 무비: 네모바지를 찾아서,2026-01-01,22.2,0.2,3331,4944500,741435230,740,82507
20260114,20000089,철도원,2000-02-04,4.4,0.4,8620,3541500,114411360,379,11892
20260114,20060171,이레이저 헤드,1996-07-13,46.2,0.0,649,3406100,24190600,300,2653
20260114,20250046,#런석진_에피소드. 투어 더 무비,2025-12-31,5.3,0.2,4791,6325000,207748500,253,8310
20260114,19970157,로스트 하이웨이,1997-05-10,34.4,0.0,698,2602500,28782622,240,3341
20260114,20256757,극장판 체인소 맨: 레제편,2025-09-24,7.2,0.2,3220,2403960,36121802370,233,3436800
20260114,20250419,강다니엘: 홀드 유어 브레스,2026-01-07,9.2,0.1,2320,5325000,98594500,213,3945
20260114,20258885,프라이메이트,2026-01-28,100.0,0.0,151,1359000,2547000,151,283
20260114,20253289,극장판 귀멸의 칼날: 무한성편,2025-08-22,15.9,0.0,769,1147100,61369902850,122,5696924
20260114,20227798,에반게리온 신극장판: 파,2022-10-14,8.1,0.1,1482,1156000,183199324,120,17429
20260114,20258739,극장판 주술회전: 시부야사변 X 사멸회유,2025-12-03,6.0,0.1,1882,1037900,3734646480,112,368218
20260114,19960103,라스베가스를 떠나며,1996-03-01,8.1,0.1,1328,1054100,35051000,107,3464
20260114,20258681,후지모토 타츠키 17-26 파트 1,2025-10-24,3.1,0.2,3236,848000,274769290,99,25877
20260114,19950130,트윈 픽스,1995-03-25,72.4,0.0,134,1089800,25090882,97,2662
20260114,20258633,후지모토 타츠키 17-26 파트 2,2025-10-24,2.7,0.2,3635,858000,280512860,97,25960
20260114,20255381,위키드: 포 굿,2025-11-19,6.2,0.1,1163,758000,9915034580,72,971593
20260114,20226444,극장판 엄마 까투리: 도시로 간 까투리 가족,2022-09-08,31.4,0.0,226,497000,1610850999,71,174148
20260114,20250443,극장판 뿌이뿌이 모루카 MOLMAX (모루맥스),2026-01-07,5.1,0.1,1323,658500,18921200,67,1582
20260114,20225637,뿌까의 짜장면파티,2022-07-04,36.2,0.0,149,324000,252942500,54,41976
20260114,20246777,더 폴: 디렉터스 컷,2024-12-25,77.5,0.0,40,294000,1963598100,31,189930
20260114,20241101,호랑님의 생일날,2024-10-04,16.2,0.0,173,168000,29515000,28,4885
20260114,20040704,하나와 앨리스,2004-11-17,64.3,0.0,42,268000,613870440,27,95752
20260114,20253906,프레디의 피자가게 2,2025-12-03,3.1,0.0,815,244000,2322444970,25,236305
20260114,20256397,원 배틀 애프터 어나더,2025-10-01,14.8,0.0,88,150000,5667646610,13,534026
20260114,20242541,룩백,2024-09-05,2.9,0.0,445,108000,3149300344,13,327686
20260114,20233259,정보원,2025-12-03,9.6,0.0,104,60000,1539391100,10,168433
20260114,20249326,윗집 사람들,2025-12-03,3.1,0.0,290,89500,5311918500,9,549199
20260114,20241047,극장판 폴 프린세스!!,2024-07-03,4.7,0.0,170,84000,17169207,8,1840
20260114,20250062,아이돌리쉬 세븐 퍼스트 비트! 극장총집편 후편,2025-12-12,1.4,0.0,371,53000,22362920,5,2403
20260114,20250444,코드: G 주목의 시작,2025-12-27,1.8,0.0,284,43000,96772200,5,17851
20260114,20258341,아이돌리쉬 세븐 퍼스트 비트! 극장총집편 전편,2025-10-31,1.2,0.0,87,14000,61979080,1,6445
20260114,20250414,매력적인 엄마들,2026-01-14,0.7,0.0,146,6000,6000,1,1
20260114,20250865,배란일에 씨받는 여대생 메이드,2026-01-14,1.2,0.0,83,6000,6000,1,1
20260114,20250882,비서 아내: 음흉한 사장,2026-01-14,1.2,0.0,83,6000,6000,1,1
20260114,20250864,유부녀 마사지:무조건 허락받는 스킬,2026-01-14,1.2,0.0,83,6000,6000,1,1
20260113,19960103,라스베가스를 떠나며,1996-03-01,5.0,0.4,6770,3394000,33996900,339,3357
20260113,20250686,하우스메이드,2026-01-28,100.0,0.0,326,2934000,2934000,326,326
20260113,20258739,극장판 주술회전: 시부야사변 X 사멸회유,2025-12-03,6.9,0.2,4060,2790710,3733608580,279,368106
20260113,20256757,극장판 체인소 맨: 레제편,2025-09-24,8.1,0.2,3282,2785140,36119398410,267,3436567
20260113,20255381,위키드: 포 굿,2025-11-19,7.3,0.2,2686,2013000,9914276580,195,971521
20260113,20227798,에반게리온 신극장판: 파,2022-10-14,6.3,0.2,2988,1929300,182043324,189,17309
20260113,20258633,후지모토 타츠키 17-26 파트 2,2025-10-24,3.5,0.3,4735,1420000,279654860,164,25863
20260113,20250188,하트맨,2026-01-14,100.0,0.0,152,1976000,67492300,152,6502
20260113,20253289,극장판 귀멸의 칼날: 무한성편,2025-08-22,25.7,0.0,584,1507200,61368755750,150,5696802
20260113,20250419,강다니엘: 홀드 유어 브레스,2026-01-07,2.9,0.3,5006,3575000,93269500,143,3732
20260113,20258681,후지모토 타츠키 17-26 파트 1,2025-10-24,3.0,0.3,4623,1152000,273921290,138,25778
20260113,20250046,#런석진_에피소드. 투어 더 무비,2025-12-31,2.1,0.3,5060,2625000,201423500,105,8057
20260113,20250420,시수: 복수의 길,2026-01-07,27.4,0.0,299,604000,4938000,82,658
20260113,20253906,프레디의 피자가게 2,2025-12-03,4.7,0.1,1628,725600,2322200970,76,236280
20260113,20250443,극장판 뿌이뿌이 모루카 MOLMAX (모루맥스),2026-01-07,2.7,0.1,1977,543400,18262700,54,1515
20260113,20250783,우타다 히카루 사이언스 픽션 투어 2024,2026-01-07,4.6,0.1,1040,1056000,13530000,48,615
20260113,20242541,룩백,2024-09-05,5.6,0.0,766,364000,3149192344,43,327673
20260113,20250062,아이돌리쉬 세븐 퍼스트 비트! 극장총집편 후편,2025-12-12,2.8,0.1,1304,325500,22309920,36,2398
20260113,20241101,호랑님의 생일날,2024-10-04,39.3,0.0,84,198000,29347000,33,4857
20260113,20209654,헤어질 결심,2022-06-29,72.5,0.0,40,290000,19799378678,29,1910245
20260113,20249326,윗집 사람들,2025-12-03,2.5,0.0,916,220200,5311829000,23,549190
20260113,20256397,원 배틀 애프터 어나더,2025-10-01,17.1,0.0,88,159500,5667496610,15,534013
20260113,20250444,코드: G 주목의 시작,2025-12-27,1.9,0.0,643,116600,96729200,12,17846
20260113,20233259,정보원,2025-12-03,8.6,0.0,117,60000,1539331100,10,168423
20260113,20258383,나우 유 씨 미 3,2025-11-12,2.1,0.0,426,95000,12985271290,9,1372092
20260113,20244265,청와대 건너 붉은 벽돌집,2025-12-24,3.3,0.0,90,30000,2153800,3,230
20260113,20250618,공유마누라:삽입할 생각에 초흥분,2026-01-13,1.2,0.0,83,6000,6000,1,1
20260113,20250615,남편 상사와 누드촬영중 삽입 허락,2026-01-13,1.2,0.0,83,6000,6000,1,1
20260113,20250616,새엄마의 외로운 구멍 채우기,2026-01-13,1.2,0.0,83,6000,6000,1,1
20260113,20250636,젊은 미망인 뜨거운 육체 무삭제판,2026-01-13,1.2,0.0,83,6000,6000,1,1
20260113,20250797,뽕브라속 거유 유부녀,2026-01-13,0.5,0.0,194,1000,1000,1,1
20260113,20250794,사연있는 초보 유부녀,2026-01-13,1.1,0.0,91,1000,1000,1,1
20260113,20250792,새엄마의 애정이 흘러넘친 침대,2026-01-13,1.1,0.0,91,1000,1000,1,1
20260113,20250796,스치기만 해도 흥분하는 날,2026-01-13,0.5,0.0,194,1000,1000,1,1
20260113,20250790,시아버지의 몸종이 된 아내의 엉덩이,2026-01-13,1.1,0.0,91,1000,1000,1,1
20260113,20250803,이것이 유부녀 궁극의 사죄이다,2026-01-13,1.1,0.0,91,1000,1000,1,1
20260113,20250805,입술이 예쁜 미숙녀와 육체관계,2026-01-13,0.5,0.0,194,1000,1000,1,1
20260113,20250807,잘 흥분하는 극강 미숙녀,2026-01-13,0.5,0.0,194,1000,1000,1,1
20260112,20250188,하트맨,2026-01-14,100.0,0.0,358,5012000,65516300,358,6350
20260112,20258739,극장판 주술회전: 시부야사변 X 사멸회유,2025-12-03,7.3,0.2,3913,2874400,3730817870,287,367827
20260112,20256757,극장판 체인소 맨: 레제편,2025-09-24,7.9,0.2,3383,2979740,36116613270,268,3436300
20260112,19960103,라스베가스를 떠나며,1996-03-01,3.2,0.4,7549,2380900,30602900,244,3018
20260112,20258325,스노우 폭스 : 마법의 돌을 찾아서,2026-01-10,3.2,0.4,6446,1745100,52838700,206,7351
20260112,20250333,당신이 영화를 그만두면 안 되는 30가지 이유: 3막 Impact Zone 폭발,2026-01-28,106.3,0.0,192,612000,612000,204,204
20260112,20227798,에반게리온 신극장판: 파,2022-10-14,5.9,0.2,3028,1791000,180114024,180,17120
20260112,20258633,후지모토 타츠키 17-26 파트 2,2025-10-24,3.0,0.3,4760,1239500,278234860,144,25699
20260112,20255381,위키드: 포 굿,2025-11-19,7.0,0.1,2049,1433600,9912263580,143,971326
20260112,20253289,극장판 귀멸의 칼날: 무한성편,2025-08-22,23.0,0.0,584,1301600,61367248550,134,5696652
20260112,20250419,강다니엘: 홀드 유어 브레스,2026-01-07,3.2,0.2,3969,3200000,89694500,128,3589
20260112,20254501,F1 더 무비,2025-06-25,100.0,0.0,124,1736000,54938622370,124,5214691
20260112,20258681,후지모토 타츠키 17-26 파트 1,2025-10-24,2.6,0.3,4634,1045500,272769290,118,25640
20260112,20250046,#런석진_에피소드. 투어 더 무비,2025-12-31,1.7,0.3,5261,2225000,198798500,89,7952
20260112,20250420,시수: 복수의 길,2026-01-07,38.8,0.0,201,602000,4334000,78,576
20260112,20250443,극장판 뿌이뿌이 모루카 MOLMAX (모루맥스),2026-01-07,2.8,0.1,2062,557300,17719300,57,1461
20260112,20256397,원 배틀 애프터 어나더,2025-10-01,29.8,0.0,178,495500,5667337110,53,533998
20260112,20250062,아이돌리쉬 세븐 퍼스트 비트! 극장총집편 후편,2025-12-12,2.9,0.1,1505,422400,21984420,44,2362
20260112,20226444,극장판 엄마 까투리: 도시로 간 까투리 가족,2022-09-08,25.5,0.0,165,252000,1610353999,42,174077
20260112,20253906,프레디의 피자가게 2,2025-12-03,2.2,0.1,1787,368600,2321475370,39,236204
20260112,20242541,룩백,2024-09-05,3.5,0.0,888,264000,3148828344,31,327630
20260112,20250783,우타다 히카루 사이언스 픽션 투어 2024,2026-01-07,2.6,0.0,858,484000,12474000,22,567
20260112,20249326,윗집 사람들,2025-12-03,2.1,0.0,863,200000,5311608800,18,549167
20260112,20233259,정보원,2025-12-03,5.7,0.0,175,60000,1539271100,10,168413
20260112,20250444,코드: G 주목의 시작,2025-12-27,1.1,0.0,737,76000,96612600,8,17834
20260112,20258383,나우 유 씨 미 3,2025-11-12,3.3,0.0,212,73000,12985176290,7,1372083
20260112,20258341,아이돌리쉬 세븐 퍼스트 비트! 극장총집편 전편,2025-10-31,1.4,0.0,432,60000,61965080,6,6444
20260112,20243405,나혼자 프린스,2025-11-19,2.5,0.0,238,36000,509506310,6,56198
20260112,20256025,더 러닝 맨,2025-12-10,0.8,0.0,133,8000,377251860,1,38845
20260112,20250617,남편몰래 빨아준 결혼한 전 여친,2026-01-12,1.2,0.0,83,6000,6000,1,1
20260112,20253368,몸으로 응원하는 상냥한 숙모,2026-01-12,0.7,0.0,146,6000,6000,1,1
20260112,20250614,색다른 체위에 무너진 여대생,2026-01-12,1.2,0.0,83,6000,6000,1,1
20260112,20212413,수궁,2026-01-01,2.8,0.0,36,6000,981000,1,191
20260112,20250642,쉐어하우스 경매단 경매의 신 ep7,2026-01-12,1.7,0.0,59,6000,6000,1,1
20260112,20250613,시아버지와 동침한 거유며느리,2026-01-12,1.2,0.0,83,6000,6000,1,1
20260112,20250706,신도시 불륜 스캔들,2026-01-12,1.7,0.0,59,6000,6000,1,1
20260112,20250635,자궁 특별진료 무삭제판,2026-01-12,1.2,0.0,83,6000,6000,1,1
20260112,20253741,쾌락에 빠진 여상사 2 : 토모다 마키의 음탕한 향기,2026-01-12,0.7,0.0,146,6000,6000,1,1
20260112,20250738,내 속옷을 가져온 남자,2026-01-12,0.5,0.0,194,1000,1000,1,1
20260112,20211511,배신불륜녀가 엄마라니 - 사쿠라,2026-01-12,1.1,0.0,91,1000,1000,1,1
20260112,20210720,새엄마 마오가 3초만 기다리는 이유,2026-01-12,1.1,0.0,91,1000,1000,1,1
20260112,20250782,새엄마와 밀착섹스,2026-01-12,0.7,0.0,140,1000,1000,1,1
20260112,20250770,친구엄마 최종보스,2026-01-12,0.7,0.0,140,1000,1000,1,1
20260112,20250739,팬티를 주워준 연하남,2026-01-12,0.5,0.0,194,1000,1000,1,1
20260112,20219167,혓바닥이 긴 시아버지,2026-01-12,1.1,0.0,91,1000,1000,1,1
20260112,20250769,호텔진상 육체봉사,2026-01-12,0.5,0.0,194,1000,1000,1,1
20260112,19960051,돼지가 우물에 빠진 날,1996-05-15,0.0,0.0,212,0,606000,0,95
20260112,19760092,왕십리,1976-01-31,0.0,0.0,212,0,0,0,0
20260111,20000089,철도원,2000-02-04,11.5,0.9,19031,25915600,97501340,2193,10043
20260111,20250188,하트맨,2026-01-14,45.7,0.2,4285,20756400,60504300,1956,5992
20260111,20250299,고고다이노 극장판: 곤충세계 대모험,2026-01-14,44.3,0.1,2897,12161100,25963600,1282,2732
20260111,20250419,강다니엘: 홀드 유어 브레스,2026-01-07,25.2,0.2,3957,24950000,86494500,998,3461
20260111,20250444,코드: G 주목의 시작,2025-12-27,40.5,0.1,1907,4027000,96536600,773,17826
20260111,20258681,후지모토 타츠키 17-26 파트 1,2025-10-24,12.2,0.3,5506,5790500,271723790,674,25522
20260111,20258633,후지모토 타츠키 17-26 파트 2,2025-10-24,12.5,0.3,5232,5564500,276995360,654,25555
20260111,20258739,극장판 주술회전: 시부야사변 X 사멸회유,2025-12-03,11.9,0.2,4719,5893800,3727943470,560,367540
20260111,20250443,극장판 뿌이뿌이 모루카 MOLMAX (모루맥스),2026-01-07,36.4,0.1,1531,7250600,17162000,557,1404
20260111,20253289,극장판 귀멸의 칼날: 무한성편,2025-08-22,43.7,0.1,1237,5346700,61365946950,541,5696518
20260111,19960103,라스베가스를 떠나며,1996-03-01,8.1,0.3,6471,5706700,28222000,521,2774
20260111,20250046,#런석진_에피소드. 투어 더 무비,2025-12-31,6.4,0.4,7199,11525000,196573500,461,7863
20260111,20255381,위키드: 포 굿,2025-11-19,13.7,0.2,3172,4471500,9910829980,435,971183
20260111,20256757,극장판 체인소 맨: 레제편,2025-09-24,12.8,0.2,2989,4046960,36113633530,382,3436032
20260111,20227798,에반게리온 신극장판: 파,2022-10-14,11.4,0.1,2600,2856300,178323024,297,16940
20260111,20253906,프레디의 피자가게 2,2025-12-03,9.1,0.1,2298,2185400,2321106770,209,236165
20260111,20259595,에이티즈 브이알 콘서트 : 라이트 더 웨이,2025-12-05,17.6,0.0,1017,5907000,402517500,179,12376
20260111,20250420,시수: 복수의 길,2026-01-07,27.5,0.0,309,649000,3732000,85,498
20260111,20250783,우타다 히카루 사이언스 픽션 투어 2024,2026-01-07,5.5,0.1,1279,1540000,11990000,70,545
20260111,20256397,원 배틀 애프터 어나더,2025-10-01,54.7,0.0,128,775200,5666841610,70,533945
20260111,20250364,이머시브 시네마: 뽀로로 극장판 스위트캐슬 대모험,2025-12-13,14.2,0.0,480,1360000,42752000,68,2567
20260111,20250062,아이돌리쉬 세븐 퍼스트 비트! 극장총집편 후편,2025-12-12,3.8,0.1,1633,625300,21562020,62,2318
20260111,20249326,윗집 사람들,2025-12-03,5.6,0.0,1117,622000,5311408800,62,549149
20260111,20249641,나쁜계집애: 달려라 하니,2025-10-07,67.8,0.0,87,602000,644320230,59,71134
20260111,20242541,룩백,2024-09-05,6.8,0.0,734,433740,3148564344,50,327599
20260111,20243561,어쩔수가없다,2025-09-24,84.6,0.0,52,440000,28769575430,44,2942822
20260111,20040704,하나와 앨리스,2004-11-17,38.1,0.0,42,165000,613602440,16,95725
20260111,20258383,나우 유 씨 미 3,2025-11-12,3.9,0.0,285,106500,12985103290,11,1372076
20260111,20233259,정보원,2025-12-03,5.2,0.0,192,60000,1539211100,10,168403
20260111,20243405,나혼자 프린스,2025-11-19,2.6,0.0,230,36000,509470310,6,56192
20260111,20258501,마사이 크로스,2025-11-20,5.8,0.0,52,33000,25715300,3,2465
20260111,20256025,더 러닝 맨,2025-12-10,0.6,0.0,177,7000,377243860,1,38844
20260111,20245571,거유 장모님의 가슴을 타고 입욕섹스,2026-01-11,1.1,0.0,91,1000,1000,1,1
20260111,20250767,남편의 새아들과 3일 밤낮,2026-01-11,1.1,0.0,91,1000,1000,1,1
20260111,20250740,섹스에 이유가 필요한가,2026-01-11,0.5,0.0,194,1000,1000,1,1
20260111,20245572,옆집 유부녀 마오짱의 팬티냄새가 기억난다,2026-01-11,1.1,0.0,91,1000,1000,1,1
20260111,20250921,유부녀 5명의 전동마사지,2026-01-11,0.5,0.0,194,1000,1000,1,1
20260111,20250781,장모님 장모님 장모님!,2026-01-11,0.5,0.0,194,1000,1000,1,1
20260111,20210499,풍속점의 새엄마와 엉망진창 놀이,2026-01-11,0.5,0.0,194,1000,1000,1,1
20260110,20258808,뽀로로 극장판 스위트캐슬 대모험,2025-12-11,9.8,1.1,23618,21197050,2148645430,2323,245165
20260110,20250482,"신비아파트 10주년 극장판: 한 번 더, 소환",2026-01-14,56.1,0.2,3771,22012160,55155560,2115,5516
20260110,20250419,강다니엘: 홀드 유어 브레스,2026-01-07,24.5,0.2,4637,28425000,61544500,1137,2463
20260110,20250046,#런석진_에피소드. 투어 더 무비,2025-12-31,17.5,0.3,6441,28225000,185048500,1129,7402
20260110,20250299,고고다이노 극장판: 곤충세계 대모험,2026-01-14,36.1,0.1,2868,10058500,13802500,1034,1450
20260110,20258739,극장판 주술회전: 시부야사변 X 사멸회유,2025-12-03,15.7,0.2,4922,7950000,3722049670,772,366980
20260110,20258633,후지모토 타츠키 17-26 파트 2,2025-10-24,12.8,0.2,5362,5901000,271430860,688,24901
20260110,20258681,후지모토 타츠키 17-26 파트 1,2025-10-24,12.5,0.2,5306,5686000,265933290,662,24848
20260110,20253289,극장판 귀멸의 칼날: 무한성편,2025-08-22,46.6,0.1,1237,5434900,61360600250,576,5695977
20260110,20250444,코드: G 주목의 시작,2025-12-27,31.6,0.1,1585,2619000,92509600,501,17053
20260110,19960103,라스베가스를 떠나며,1996-03-01,7.2,0.3,6462,5048100,22515300,464,2253
20260110,20255381,위키드: 포 굿,2025-11-19,16.8,0.1,2571,4384700,9906358480,431,970748
20260110,20259641,송 썽 블루,2026-01-14,100.0,0.0,416,3744000,55194000,416,7766
20260110,20256757,극장판 체인소 맨: 레제편,2025-09-24,11.7,0.2,3457,4439080,36109586570,404,3435650
20260110,20227798,에반게리온 신극장판: 파,2022-10-14,12.8,0.1,2834,3711200,175466724,363,16643
20260110,20250443,극장판 뿌이뿌이 모루카 MOLMAX (모루맥스),2026-01-07,16.4,0.1,2159,5003500,9911400,354,847
20260110,20253906,프레디의 피자가게 2,2025-12-03,6.8,0.1,2267,1588000,2318921370,155,235956
20260110,20259595,에이티즈 브이알 콘서트 : 라이트 더 웨이,2025-12-05,14.4,0.0,1017,4818000,396610500,146,12197
20260110,20178424,레이디 버드,2018-04-04,60.2,0.0,186,1072000,832587200,112,102345
20260110,20250783,우타다 히카루 사이언스 픽션 투어 2024,2026-01-07,9.9,0.0,961,2090000,10450000,95,475
20260110,20250420,시수: 복수의 길,2026-01-07,25.7,0.0,343,683000,3083000,88,413
20260110,20250364,이머시브 시네마: 뽀로로 극장판 스위트캐슬 대모험,2025-12-13,14.8,0.0,480,1420000,41392000,71,2499
20260110,20249326,윗집 사람들,2025-12-03,6.7,0.0,936,618300,5310786800,63,549087
20260110,20242541,룩백,2024-09-05,7.8,0.0,758,536200,3148130604,59,327549
20260110,20250062,아이돌리쉬 세븐 퍼스트 비트! 극장총집편 후편,2025-12-12,4.6,0.0,1114,472000,20936720,51,2256
20260110,20256397,원 배틀 애프터 어나더,2025-10-01,31.4,0.0,140,457000,5666066410,44,533875
20260110,19980131,엠마,1998-05-02,16.5,0.0,212,175000,304000,35,61
20260110,20258383,나우 유 씨 미 3,2025-11-12,2.8,0.0,541,143500,12984996790,15,1372065
20260110,20233259,정보원,2025-12-03,5.5,0.0,183,60000,1539151100,10,168393
20260110,20243405,나혼자 프린스,2025-11-19,2.6,0.0,230,36000,509434310,6,56186
20260110,20256025,더 러닝 맨,2025-12-10,1.1,0.0,177,17000,377236860,2,38843
20260110,20245493,노브라로 안겨오는 새엄마 호노카짱,2026-01-10,0.5,0.0,194,1000,1000,1,1
20260110,20245503,새엄마와 한달에 한번 원거리연애로 몸풀기,2026-01-10,0.5,0.0,194,1000,1000,1,1
20260110,20245024,새엄마의 엉덩이에 비벼서 가버려,2026-01-10,1.1,0.0,91,1000,1000,1,1
20260110,20245495,알몸보다 꽉꽉들어찬 레나짱의 진공섹스,2026-01-10,0.5,0.0,194,1000,1000,1,1
20260110,20245007,이제는 좋을대로 하라는 초거유형수,2026-01-10,1.1,0.0,91,1000,1000,1,1
20260110,20245496,장모님 저한테 실수하신거예요,2026-01-10,0.7,0.0,140,1000,1000,1,1
20260110,20245008,지금 바로 해달라는 새엄마 메이짱,2026-01-10,1.1,0.0,91,1000,1000,1,1
20260109,20250444,코드: G 주목의 시작,2025-12-27,31.3,0.1,1718,2801000,89890600,538,16552
20260109,20258681,후지모토 타츠키 17-26 파트 1,2025-10-24,9.3,0.3,5797,4291500,260247290,537,24186
20260109,20227798,에반게리온 신극장판: 파,2022-10-14,11.9,0.2,2972,3569100,171755524,355,16280
20260109,20256757,극장판 체인소 맨: 레제편,2025-09-24,10.4,0.2,3376,3995740,36105147490,352,3435246
20260109,20258739,극장판 주술회전: 시부야사변 X 사멸회유,2025-12-03,7.4,0.2,3529,2737440,3714099670,260,366208
20260109,19960103,라스베가스를 떠나며,1996-03-01,3.9,0.3,6645,2686100,17467200,256,1789
20260109,20259595,에이티즈 브이알 콘서트 : 라이트 더 웨이,2025-12-05,25.8,0.0,904,7689000,391792500,233,12051
20260109,20250062,아이돌리쉬 세븐 퍼스트 비트! 극장총집편 후편,2025-12-12,10.3,0.1,2066,1899300,20464720,213,2205
20260109,20250419,강다니엘: 홀드 유어 브레스,2026-01-07,3.3,0.3,5864,4800000,33119500,192,1326
20260109,20253289,극장판 귀멸의 칼날: 무한성편,2025-08-22,20.2,0.0,948,1846100,61355165350,191,5695401
20260109,20250046,#런석진_에피소드. 투어 더 무비,2025-12-31,2.9,0.3,5922,4300000,156823500,172,6273
20260109,20255381,위키드: 포 굿,2025-11-19,8.1,0.1,1757,1479200,9901973780,142,970317
20260109,20253906,프레디의 피자가게 2,2025-12-03,5.3,0.1,2189,1234000,2317333370,116,235801
20260109,20241941,좀비딸,2025-07-30,100.0,0.0,106,1060000,53137776990,106,5640197
20260109,20250420,시수: 복수의 길,2026-01-07,24.0,0.0,309,539000,2400000,74,325
20260109,20226444,극장판 엄마 까투리: 도시로 간 까투리 가족,2022-09-08,77.4,0.0,93,508000,1610101999,72,174035
20260109,20210684,두다다쿵: 후후섬의 비밀,2023-02-15,64.6,0.0,110,497000,1137739650,71,126170
20260109,20250443,극장판 뿌이뿌이 모루카 MOLMAX (모루맥스),2026-01-07,4.2,0.1,1559,692500,4907900,66,493
20260109,20250783,우타다 히카루 사이언스 픽션 투어 2024,2026-01-07,3.6,0.1,1731,1364000,8360000,62,380
20260109,20242541,룩백,2024-09-05,6.1,0.0,903,494000,3147594404,55,327490
20260109,20247591,엘리오,2025-06-18,100.0,0.0,54,432000,5629937750,54,616491
20260109,19608048,폼페이 최후의 날,1976-01-31,7.0,0.0,759,159000,14312000,53,6991
20260109,20233259,정보원,2025-12-03,20.3,0.0,187,228000,1539091100,38,168383
20260109,20258325,스노우 폭스 : 마법의 돌을 찾아서,2026-01-10,15.3,0.0,235,230000,230000,36,36
20260109,20249326,윗집 사람들,2025-12-03,3.0,0.0,974,266000,5310168500,29,549024
20260109,20248494,우당탕탕 운동회,2024-04-03,18.8,0.0,154,174000,47373500,29,7872
20260109,20250570,레드 소냐,2025-12-31,6.8,0.0,147,60000,1014000,10,142
20260109,20040704,하나와 앨리스,2004-11-17,21.4,0.0,42,99000,613437440,9,95709
20260109,20258383,나우 유 씨 미 3,2025-11-12,1.4,0.0,574,75500,12984853290,8,1372050
20260109,20243405,나혼자 프린스,2025-11-19,2.6,0.0,230,36000,509398310,6,56180
20260109,20258570,극장판 똘똘이: 아기공룡의 비밀,2025-11-07,12.5,0.0,40,37000,362605400,5,38747
20260109,20256025,더 러닝 맨,2025-12-10,0.8,0.0,245,20000,377219860,2,38841
20260109,20256397,원 배틀 애프터 어나더,2025-10-01,2.3,0.0,88,18000,5665609410,2,533831
20260109,20250608,계모와 아들-삽입할 자격,2026-01-09,1.2,0.0,83,6000,6000,1,1
20260109,20250633,새엄마 안에 탕탕 후룹찹찹 무삭제판,2026-01-09,1.2,0.0,83,6000,6000,1,1
20260109,20212413,수궁,2026-01-01,2.8,0.0,36,6000,975000,1,190
20260109,20250632,육덕 장모 외로운 구멍 달래기,2026-01-09,1.2,0.0,83,6000,6000,1,1
20260109,20250634,흥분한 왕가슴 며느리의 둔덕질,2026-01-09,1.2,0.0,83,6000,6000,1,1
20260109,20244951,끝나고 청소후 다시 세워 죽이는 새엄마,2026-01-09,0.5,0.0,194,1000,1000,1,1
20260109,20244950,나랑 하고 싶냐고 묻는 엄마친구가 귀여워,2026-01-09,0.5,0.0,194,1000,1000,1,1
20260109,20244949,술취한 여상사와 자취방으로 직행한 회식,2026-01-09,1.1,0.0,91,1000,1000,1,1
20260109,20244948,아내친구가 확인한 혼모노 남편의 대물,2026-01-09,1.1,0.0,91,1000,1000,1,1
20260109,20244973,완숙녀의 자택방문 -의외로 놀란 미모3,2026-01-09,0.5,0.0,194,1000,1000,1,1
20260109,20244947,인터넷 동영상업체에게 보내진 아내,2026-01-09,1.1,0.0,91,1000,1000,1,1
20260109,20244975,일본 러브호텔의 리얼정사 3,2026-01-09,0.7,0.0,140,1000,1000,1,1
20260109,20244974,퍼스트 클라스 절품녀 -보랏빛향기3,2026-01-09,0.7,0.0,140,1000,1000,1,1
20260108,20250482,"신비아파트 10주년 극장판: 한 번 더, 소환",2026-01-14,100.0,0.0,985,8865000,33143400,985,3401
20260108,20000089,철도원,2000-02-04,4.2,1.2,22869,8965800,33854770,960,4594
20260108,20250444,코드: G 주목의 시작,2025-12-27,36.6,0.1,1433,2676000,87089600,524,16014
20260108,19960103,라스베가스를 떠나며,1996-03-01,5.9,0.3,6304,3806800,14781100,371,1533
20260108,20227798,에반게리온 신극장판: 파,2022-10-14,5.8,0.3,5094,2947500,168186424,293,15925
20260108,20256757,극장판 체인소 맨: 레제편,2025-09-24,8.2,0.2,3494,2954940,36101151750,288,3434894
20260108,20258739,극장판 주술회전: 시부야사변 X 사멸회유,2025-12-03,7.1,0.2,3821,2736100,3711362230,273,365948
20260108,20250419,강다니엘: 홀드 유어 브레스,2026-01-07,4.3,0.3,5964,6359500,28319500,255,1134
20260108,20255381,위키드: 포 굿,2025-11-19,8.2,0.2,2755,2277200,9900494580,225,970175
20260108,20250046,#런석진_에피소드. 투어 더 무비,2025-12-31,3.3,0.4,6836,5600000,152523500,224,6101
20260108,20250443,극장판 뿌이뿌이 모루카 MOLMAX (모루맥스),2026-01-07,8.2,0.1,1979,1592000,4215400,163,427
20260108,20259595,에이티즈 브이알 콘서트 : 라이트 더 웨이,2025-12-05,17.8,0.0,904,5313000,384103500,161,11818
20260108,20258633,후지모토 타츠키 17-26 파트 2,2025-10-24,3.5,0.2,4234,1438500,260864360,150,23636
20260108,20258681,후지모토 타츠키 17-26 파트 1,2025-10-24,3.3,0.2,4443,1325900,255955790,147,23649
20260108,20253289,극장판 귀멸의 칼날: 무한성편,2025-08-22,22.6,0.0,500,1140900,61353319250,113,5695210
20260108,20250420,시수: 복수의 길,2026-01-07,22.3,0.0,363,615000,1861000,81,251
20260108,20253906,프레디의 피자가게 2,2025-12-03,4.3,0.1,1756,697000,2316099370,76,235685
20260108,20250783,우타다 히카루 사이언스 픽션 투어 2024,2026-01-07,5.7,0.1,1256,1562000,6996000,71,318
20260108,19608048,폼페이 최후의 날,1976-01-31,9.4,0.0,759,213000,14153000,71,6938
20260108,20210684,두다다쿵: 후후섬의 비밀,2023-02-15,58.8,0.0,102,420000,1137242650,60,126099
20260108,20249326,윗집 사람들,2025-12-03,5.6,0.0,749,458100,5309902500,42,548995
20260108,20242541,룩백,2024-09-05,3.5,0.0,1016,314000,3147100404,36,327435
20260108,20256397,원 배틀 애프터 어나더,2025-10-01,11.6,0.0,138,157000,5665591410,16,533829
20260108,20233259,정보원,2025-12-03,10.9,0.0,92,60000,1538863100,10,168345
20260108,20250062,아이돌리쉬 세븐 퍼스트 비트! 극장총집편 후편,2025-12-12,1.6,0.0,557,81600,18565420,9,1992
20260108,20243405,나혼자 프린스,2025-11-19,2.6,0.0,230,36000,509362310,6,56174
20260108,20227788,에반게리온 신극장판: 서,2022-10-14,2.8,0.0,142,46500,182532991,4,17756
20260108,20258383,나우 유 씨 미 3,2025-11-12,1.1,0.0,275,27000,12984777790,3,1372042
20260108,20250707,가출한 형수님,2026-01-08,0.7,0.0,146,6000,6000,1,1
20260108,20250733,처형 보내드리기,2026-01-08,0.7,0.0,146,6000,6000,1,1
20260108,20256025,더 러닝 맨,2025-12-10,0.4,0.0,245,5000,377199860,1,38839
20260108,20258378,스와핑의 맛,2026-01-08,1.1,0.0,91,1000,1000,1,1
20260108,20256922,처녀의 맛,2026-01-08,1.1,0.0,91,1000,1000,1,1
20260108,20212413,수궁,2026-01-01,0.0,0.0,36,0,969000,0,189
20260121,20249255,만약에 우리,2025-12-31,8.7,24.8,479702,401842980,16657715490,41618,1707253
20260121,20249624,프로젝트 Y,2026-01-21,6.6,19.0,368015,224920730,246059730,24398,26551
20260121,20247457,신의악단,2025-12-31,12.7,7.7,148311,174751000,4810137780,18809,502944
20260121,20256396,아바타: 불과 재,2025-12-17,7.1,12.0,231748,202634960,74996291010,16497,6433340
20260121,20252432,주토피아 2,2025-11-26,8.1,4.3,83725,63021710,81450647740,6749,8463442
20260121,20250188,하트맨,2026-01-14,5.3,6.2,120133,56838900,1748205680,6346,188409
20260121,20258324,731,2026-01-21,11.3,2.8,53901,55173700,55173700,6084,6084
20260121,20250482,"신비아파트 10주년 극장판: 한 번 더, 소환",2026-01-14,5.8,4.7,91737,45145410,1601790300,5290,179493
20260121,20030316,반지의 제왕 : 왕의 귀환,2003-12-17,40.5,0.6,11284,67826640,4751159030,4569,731630
20260121,20242837,왕과 사는 남자,2026-02-04,100.0,0.1,2420,24048000,28305000,2420,2893
20260120,20249255,만약에 우리,2025-12-31,8.4,28.4,520554,425771420,16255872510,43769,1665635
20260120,20247457,신의악단,2025-12-31,13.9,9.5,173895,227419220,4635386780,24077,484135
20260120,20256396,아바타: 불과 재,2025-12-17,5.8,17.1,312890,216511390,74793656050,18196,6416843
20260120,20250188,하트맨,2026-01-14,4.9,13.7,250360,108403260,1691366780,12143,182063
20260120,20252432,주토피아 2,2025-11-26,6.5,7.0,127830,80353170,81387626030,8350,8456693
20260120,20250482,"신비아파트 10주년 극장판: 한 번 더, 소환",2026-01-14,5.6,6.8,124144,60149900,1556644890,6960,174203
20260120,20254219,"오늘 밤, 세계에서 이 사랑이 사라진다 해도",2025-12-24,5.7,3.6,66848,37325100,8166109340,3811,843211
20260120,20259383,극장판 짱구는 못말려: 초화려! 작열하는 떡잎마을 댄서즈,2025-12-24,6.9,1.2,22440,14413000,4523199260,1542,476133
20260120,20228555,더 퍼스트 슬램덩크,2023-01-04,4.1,1.7,31949,18295200,51553540705,1300,4920836
20260120,20258885,프라이메이트,2026-01-28,93.3,0.1,1261,10584000,13243000,1176,1467
20260119,20249255,만약에 우리,2025-12-31,9.2,28.7,520506,470408840,15830101090,48031,1621866
20260119,20247457,신의악단,2025-12-31,14.6,9.1,165967,229421300,4407967560,24177,460058
20260119,20256396,아바타: 불과 재,2025-12-17,6.3,17.3,314397,236580550,74577144660,19814,6398647
20260119,20250188,하트맨,2026-01-14,4.7,13.8,249941,107658200,1582963520,11729,169920
20260119,20252432,주토피아 2,2025-11-26,6.0,7.2,131308,75785070,81307272860,7820,8448343
20260119,20250482,"신비아파트 10주년 극장판: 한 번 더, 소환",2026-01-14,5.7,7.0,126496,62733640,1496494990,7198,167243
20260119,20254219,"오늘 밤, 세계에서 이 사랑이 사라진다 해도",2025-12-24,5.6,3.6,66223,36277120,8128784240,3717,839400
20260119,20259383,극장판 짱구는 못말려: 초화려! 작열하는 떡잎마을 댄서즈,2025-12-24,6.8,1.1,20776,13592100,4508786260,1410,474591
20260119,20228555,더 퍼스트 슬램덩크,2023-01-04,3.3,1.8,32253,14492000,51535245505,1061,4919536
20260119,20259641,송 썽 블루,2026-01-14,2.7,1.0,18482,4164600,93527800,498,12236
20260118,20249255,만약에 우리,2025-12-31,21.5,26.4,566005,1220421140,15359692250,121751,1573835
20260118,20256396,아바타: 불과 재,2025-12-17,18.4,16.9,363733,830422780,74340564110,66975,6378833
20260118,20247457,신의악단,2025-12-31,29.1,7.9,169609,498765010,4178546260,49330,435881
20260118,20250482,"신비아파트 10주년 극장판: 한 번 더, 소환",2026-01-14,23.9,9.4,202540,434409620,1433761350,48428,160045
20260118,20250188,하트맨,2026-01-14,12.6,14.4,309116,366913360,1475305320,38886,158191
20260118,20252432,주토피아 2,2025-11-26,17.7,7.4,159434,278633350,81231487790,28204,8440523
20260118,20254219,"오늘 밤, 세계에서 이 사랑이 사라진다 해도",2025-12-24,15.6,3.2,68499,106185120,8092507120,10668,835683
20260118,20250299,고고다이노 극장판: 곤충세계 대모험,2026-01-14,16.7,2.1,45326,69531400,187692200,7574,20811
20260118,20259383,극장판 짱구는 못말려: 초화려! 작열하는 떡잎마을 댄서즈,2025-12-24,14.4,1.2,25618,35617880,4495194160,3689,473181
20260118,20228555,더 퍼스트 슬램덩크,2023-01-04,7.8,1.5,31907,35910800,51520753505,2487,4918475
20260117,20249255,만약에 우리,2025-12-31,22.3,26.5,596779,1329983410,14139271110,133179,1452084
20260117,20256396,아바타: 불과 재,2025-12-17,20.2,17.0,383139,973998540,73510141330,77508,6311858
20260117,20250482,"신비아파트 10주년 극장판: 한 번 더, 소환",2026-01-14,25.3,9.2,207193,470390990,999351730,52370,111617
20260117,20250188,하트맨,2026-01-14,13.8,14.9,335295,435831540,1108391960,46295,119305
20260117,20247457,신의악단,2025-12-31,26.8,7.6,171388,458351360,3679781250,45981,386551
20260117,20252432,주토피아 2,2025-11-26,18.7,7.3,163724,302868810,80952854440,30637,8412319
20260117,20254219,"오늘 밤, 세계에서 이 사랑이 사라진다 해도",2025-12-24,15.5,3.2,71814,110132280,7986322000,11103,825015
20260117,20250299,고고다이노 극장판: 곤충세계 대모험,2026-01-14,15.6,2.0,44642,63683300,118160800,6976,13237
20260117,20259383,극장판 짱구는 못말려: 초화려! 작열하는 떡잎마을 댄서즈,2025-12-24,15.0,1.2,26348,38699900,4459576280,3960,469492
20260117,20228555,더 퍼스트 슬램덩크,2023-01-04,8.3,1.5,33174,40542900,51484842705,2741,4915988
20260116,20249255,만약에 우리,2025-12-31,11.7,25.7,524525,614923700,12809287700,61474,1318905
20260116,20256396,아바타: 불과 재,2025-12-17,8.8,18.1,370156,416704960,72536142790,32556,6234350
20260116,20250188,하트맨,2026-01-14,6.6,16.4,335742,205695220,672560420,22013,73010
20260116,20247457,신의악단,2025-12-31,14.0,6.8,139756,192378990,3221429890,19528,340570
20260116,20252432,주토피아 2,2025-11-26,9.6,7.2,147662,135949090,80649985630,14118,8381682
20260116,20250482,"신비아파트 10주년 극장판: 한 번 더, 소환",2026-01-14,9.8,6.7,137525,121085890,528960740,13466,59247
20260116,20254219,"오늘 밤, 세계에서 이 사랑이 사라진다 해도",2025-12-24,8.3,3.6,72794,60431960,7876189720,6030,813912
20260116,20228555,더 퍼스트 슬램덩크,2023-01-04,5.8,1.7,35113,28615900,51444299805,2049,4913247
20260116,20259383,극장판 짱구는 못말려: 초화려! 작열하는 떡잎마을 댄서즈,2025-12-24,7.3,1.2,23729,16404650,4420876380,1724,465532
20260116,20250299,고고다이노 극장판: 곤충세계 대모험,2026-01-14,6.1,1.2,24591,11886900,54477500,1507,6261
20260115,20249255,만약에 우리,2025-12-31,10.3,25.0,484123,481899310,12194364000,49896,1257431
20260115,20256396,아바타: 불과 재,2025-12-17,7.3,18.1,350793,306651740,72119437830,25551,6201794
20260115,20250188,하트맨,2026-01-14,5.4,17.1,330832,160010350,466865200,17810,50997
20260115,20247457,신의악단,2025-12-31,12.9,6.4,123450,148461860,3029050900,15898,321042
20260115,20250482,"신비아파트 10주년 극장판: 한 번 더, 소환",2026-01-14,11.1,6.8,131518,124912060,407874850,14546,45781
20260115,20252432,주토피아 2,2025-11-26,8.2,7.4,143934,109892380,80514036540,11767,8367564
20260115,20254219,"오늘 밤, 세계에서 이 사랑이 사라진다 해도",2025-12-24,8.0,3.4,65807,49963180,7815757760,5237,807882
20260115,20228555,더 퍼스트 슬램덩크,2023-01-04,6.7,1.8,35079,32156500,51415683905,2331,4911198
20260115,20259383,극장판 짱구는 못말려: 초화려! 작열하는 떡잎마을 댄서즈,2025-12-24,8.2,1.2,23041,17677600,4404471730,1894,463808
20260115,20258808,뽀로로 극장판 스위트캐슬 대모험,2025-12-11,37.9,0.2,3072,7409620,2203208660,1163,252136
20260121,20254219,"오늘 밤, 세계에서 이 사랑이 사라진다 해도",2025-12-24,6.7,1.3,25117,16568400,8182677740,1686,844897
20260121,20259383,극장판 짱구는 못말려: 초화려! 작열하는 떡잎마을 댄서즈,2025-12-24,11.3,0.4,8425,8105700,4531304960,948,477081
20260121,20258808,뽀로로 극장판 스위트캐슬 대모험,2025-12-11,34.2,0.1,2154,4735800,2237633130,736,256943
20260121,20250299,고고다이노 극장판: 곤충세계 대모험,2026-01-14,5.7,0.6,10758,4715700,202199100,612,22574
20260121,20258325,스노우 폭스 : 마법의 돌을 찾아서,2026-01-10,38.5,0.1,1198,2943000,105070500,461,15856
20260121,20256173,스폰지밥 무비: 네모바지를 찾아서,2026-01-01,22.2,0.1,1166,1747600,762138920,259,85091
20260121,19970157,로스트 하이웨이,1997-05-10,45.1,0.0,355,1726000,36384822,160,4029
20260121,20259641,송 썽 블루,2026-01-14,4.7,0.2,3310,1273000,98511400,157,12835
20260121,20261002,데몬 프린스,2026-01-21,6.9,0.1,2234,1951500,1951500,154,154
20260121,20253289,극장판 귀멸의 칼날: 무한성편,2025-08-22,10.5,0.1,1366,1390000,61388403850,143,5698772
20260121,20227798,에반게리온 신극장판: 파,2022-10-14,11.0,0.1,1229,1218000,194131324,135,18550
20260121,20256757,극장판 체인소 맨: 레제편,2025-09-24,4.7,0.2,2876,1496140,36142808390,134,3438667
20260121,20000089,철도원,2000-02-04,4.1,0.2,3041,1131400,147253070,125,15191
20260121,20258383,나우 유 씨 미 3,2025-11-12,100.0,0.0,116,1508000,12986779290,116,1372208
20260121,20228555,더 퍼스트 슬램덩크,2023-01-04,13.7,0.0,845,1158100,51554698805,116,4920952
20260121,19950130,트윈 픽스,1995-03-25,15.1,0.0,761,1276900,30588882,115,3167
20260121,20226444,극장판 엄마 까투리: 도시로 간 까투리 가족,2022-09-08,49.2,0.0,124,427000,1612579999,61,174395
20260121,19960103,라스베가스를 떠나며,1996-03-01,8.9,0.0,495,452900,42978000,44,4222
20260121,20256397,원 배틀 애프터 어나더,2025-10-01,16.4,0.0,195,319000,5669988110,32,534242
20260121,20119138,아파치요새,1971-05-01,4.9,0.0,597,58000,16005500,29,7354
20260121,20258681,후지모토 타츠키 17-26 파트 1,2025-10-24,5.0,0.0,518,236000,283217790,26,26839
20260121,20233259,정보원,2025-12-03,6.8,0.0,367,150000,1539901100,25,168518
20260121,20236556,"주사위놀이, 마불 세계여행",2024-01-03,30.9,0.0,81,150000,53561000,25,8920
20260121,20258633,후지모토 타츠키 17-26 파트 2,2025-10-24,10.2,0.0,215,198000,289423860,22,26987
20260121,20258739,극장판 주술회전: 시부야사변 X 사멸회유,2025-12-03,3.1,0.0,524,160000,3742183230,16,368956
20260121,20255381,위키드: 포 굿,2025-11-19,14.7,0.0,102,159000,9922763080,15,972340
20260121,20209654,헤어질 결심,2022-06-29,32.5,0.0,40,91000,19799789678,13,1910290
20260121,20040704,하나와 앨리스,2004-11-17,30.0,0.0,40,120000,614144440,12,95778
20260121,20242541,룩백,2024-09-05,4.6,0.0,216,90000,3151146344,10,327889
20260121,20250062,아이돌리쉬 세븐 퍼스트 비트! 극장총집편 후편,2025-12-12,1.8,0.0,439,79000,28699220,8,3068
20260121,20253906,프레디의 피자가게 2,2025-12-03,7.4,0.0,95,55500,2324558170,7,236513
20260121,20259662,러브 인 베트남,2026-01-21,3.0,0.0,203,54000,3363000,6,358
20260121,20250444,코드: G 주목의 시작,2025-12-27,0.8,0.0,265,16000,96926200,2,17866
20260121,20250429,"금지된 사랑 : 새아빠, 시아버지 그리고",2026-01-21,0.7,0.0,146,6000,6000,1,1
20260121,20250437,엘리트 여직원 : 중년 청소부와 섹스에 빠지다,2026-01-21,0.7,0.0,146,6000,6000,1,1
20260120,20258808,뽀로로 극장판 스위트캐슬 대모험,2025-12-11,30.5,0.2,3167,5785200,2232897330,965,256207
20260120,20250299,고고다이노 극장판: 곤충세계 대모험,2026-01-14,4.3,0.9,15740,5693600,197483400,683,21962
20260120,20258325,스노우 폭스 : 마법의 돌을 찾아서,2026-01-10,15.4,0.2,3652,3471500,102127500,561,15395
20260120,20259641,송 썽 블루,2026-01-14,2.6,0.9,16895,3710600,97238400,442,12678
20260120,20000089,철도원,2000-02-04,3.1,0.5,8634,2449900,146121670,264,15066
20260120,20250419,강다니엘: 홀드 유어 브레스,2026-01-07,9.5,0.1,2307,5500000,132444500,220,5299
20260120,20060171,이레이저 헤드,1996-07-13,36.6,0.0,568,2214800,29274200,208,3124
20260120,20256757,극장판 체인소 맨: 레제편,2025-09-24,4.9,0.2,3782,1776560,36141312250,185,3438533
20260120,20256173,스폰지밥 무비: 네모바지를 찾아서,2026-01-01,8.2,0.1,1727,1161800,760391320,142,84832
20260120,20253289,극장판 귀멸의 칼날: 무한성편,2025-08-22,16.5,0.0,795,1291100,61387013850,131,5698629
20260120,20250686,하우스메이드,2026-01-28,100.0,0.0,126,1134000,4068000,126,452
20260120,20242837,왕과 사는 남자,2026-02-04,100.0,0.0,124,1116000,4257000,124,473
20260120,19970157,로스트 하이웨이,1997-05-10,43.9,0.0,264,1205700,34658822,116,3869
20260120,20226444,극장판 엄마 까투리: 도시로 간 까투리 가족,2022-09-08,30.7,0.0,358,770000,1612152999,110,174334
20260120,20250046,#런석진_에피소드. 투어 더 무비,2025-12-31,2.5,0.2,4073,2575000,239598500,103,9584
20260120,20258739,극장판 주술회전: 시부야사변 X 사멸회유,2025-12-03,4.7,0.1,2185,1029700,3742023230,102,368940
20260120,20258633,후지모토 타츠키 17-26 파트 2,2025-10-24,3.0,0.2,3386,904000,289225860,101,26965
20260120,20227798,에반게리온 신극장판: 파,2022-10-14,8.3,0.1,1169,963800,192913324,97,18415
20260120,20250443,극장판 뿌이뿌이 모루카 MOLMAX (모루맥스),2026-01-07,7.5,0.1,1222,979500,32082000,91,2566
20260120,20255381,위키드: 포 굿,2025-11-19,6.6,0.1,1282,844200,9922604080,84,972325
20260120,19960103,라스베가스를 떠나며,1996-03-01,7.7,0.1,1019,732500,42525100,78,4178
20260120,20258681,후지모토 타츠키 17-26 파트 1,2025-10-24,2.6,0.2,2749,658000,282981790,70,26813
20260120,20256397,원 배틀 애프터 어나더,2025-10-01,25.7,0.0,187,611500,5669669110,48,534210
20260120,20249121,"안전제일, 놀이퀴즈 최강전",2024-04-11,36.6,0.0,131,288000,36363000,48,6043
20260120,20250062,아이돌리쉬 세븐 퍼스트 비트! 극장총집편 후편,2025-12-12,4.0,0.1,1050,366600,28620220,42,3060
20260120,20242541,룩백,2024-09-05,9.2,0.0,393,338000,3151056344,36,327879
20260120,20246777,더 폴: 디렉터스 컷,2024-12-25,85.0,0.0,40,331000,1964228100,34,189995
20260120,20232639,극장판 슈퍼윙스: 맥시멈 스피드,2023-07-20,22.0,0.0,141,217000,1192826958,31,136084
20260120,20050096,그리고 삶은 계속된다,1998-03-14,38.5,0.0,52,200000,5286500,20,674
20260120,20249326,윗집 사람들,2025-12-03,4.6,0.0,415,162000,5313116900,19,549338
20260120,20253906,프레디의 피자가게 2,2025-12-03,6.0,0.0,250,115500,2324502670,15,236506
20260120,20233259,정보원,2025-12-03,9.8,0.0,102,60000,1539751100,10,168493
20260120,20241047,극장판 폴 프린세스!!,2024-07-03,6.9,0.0,87,59000,17614707,6,1886
20260120,20250444,코드: G 주목의 시작,2025-12-27,1.2,0.0,170,24000,96910200,2,17864
20260120,20244265,청와대 건너 붉은 벽돌집,2025-12-24,1.1,0.0,90,10000,2163800,1,231
20260119,20250299,고고다이노 극장판: 곤충세계 대모험,2026-01-14,3.0,0.8,15388,4097600,191789800,468,21279
20260119,20258808,뽀로로 극장판 스위트캐슬 대모험,2025-12-11,20.8,0.1,1687,2287200,2227112130,350,255242
20260119,20242837,왕과 사는 남자,2026-02-04,100.0,0.0,349,3141000,3141000,349,349
20260119,20000089,철도원,2000-02-04,3.4,0.5,9275,3024900,143671770,319,14802
20260119,20256757,극장판 체인소 맨: 레제편,2025-09-24,4.9,0.2,4194,2199360,36139535690,204,3438348
20260119,19950130,트윈 픽스,1995-03-25,23.6,0.0,698,1740800,29311982,165,3052
20260119,20258325,스노우 폭스 : 마법의 돌을 찾아서,2026-01-10,4.2,0.2,3877,1073200,98656000,162,14834
20260119,20253289,극장판 귀멸의 칼날: 무한성편,2025-08-22,18.1,0.0,795,1441800,61385722750,144,5698498
20260119,20250419,강다니엘: 홀드 유어 브레스,2026-01-07,5.9,0.1,2235,3300000,126944500,132,5079
20260119,20255381,위키드: 포 굿,2025-11-19,11.2,0.1,1013,1125500,9921759880,113,972241
20260119,19960103,라스베가스를 떠나며,1996-03-01,9.5,0.1,1184,1104100,41792600,112,4100
20260119,20227798,에반게리온 신극장판: 파,2022-10-14,9.6,0.1,1001,975700,191949524,96,18318
20260119,20060171,이레이저 헤드,1996-07-13,68.8,0.0,128,970000,27059400,88,2916
20260119,20258739,극장판 주술회전: 시부야사변 X 사멸회유,2025-12-03,3.8,0.1,2231,889950,3740993530,85,368838
20260119,20258681,후지모토 타츠키 17-26 파트 1,2025-10-24,2.2,0.2,3047,624000,282323790,67,26743
20260119,20250062,아이돌리쉬 세븐 퍼스트 비트! 극장총집편 후편,2025-12-12,4.7,0.1,1190,514700,28253620,56,3018
20260119,20258633,후지모토 타츠키 17-26 파트 2,2025-10-24,2.5,0.1,2127,512000,288321860,54,26864
20260119,20250046,#런석진_에피소드. 투어 더 무비,2025-12-31,1.8,0.2,2651,1200000,237023500,48,9481
20260119,20250443,극장판 뿌이뿌이 모루카 MOLMAX (모루맥스),2026-01-07,5.2,0.0,905,495000,31102500,47,2475
20260119,19970157,로스트 하이웨이,1997-05-10,77.1,0.0,48,392100,33453122,37,3753
20260119,20246777,더 폴: 디렉터스 컷,2024-12-25,77.5,0.0,40,299000,1963897100,31,189961
20260119,20256173,스폰지밥 무비: 네모바지를 찾아서,2026-01-01,3.5,0.0,851,290900,759229520,30,84690
20260119,20242541,룩백,2024-09-05,7.1,0.0,393,274000,3150718344,28,327843
20260119,20050097,올리브나무사이로,1997-08-23,42.0,0.0,50,207000,6424000,21,830
20260119,20256397,원 배틀 애프터 어나더,2025-10-01,7.1,0.0,155,109000,5669057610,11,534162
20260119,20253906,프레디의 피자가게 2,2025-12-03,3.7,0.0,299,103000,2324387170,11,236491
20260119,20233259,정보원,2025-12-03,5.7,0.0,176,60000,1539691100,10,168483
20260119,20249326,윗집 사람들,2025-12-03,3.0,0.0,169,44600,5312954900,5,549319
20260119,20241047,극장판 폴 프린세스!!,2024-07-03,2.3,0.0,87,22000,17555707,2,1880
20260119,20256025,더 러닝 맨,2025-12-10,0.8,0.0,133,12000,377290860,1,38849
20260119,20250444,코드: G 주목의 시작,2025-12-27,0.9,0.0,109,10000,96886200,1,17862
20260119,20259494,남편 친구에게 박힌 아내,2026-01-19,0.7,0.0,146,6000,6000,1,1
20260119,20259528,사정관리 여선배 오늘은 내가 쳐줄게,2026-01-19,0.7,0.0,146,6000,6000,1,1
20260119,20253914,상사 아내의 길들여진 성욕,2026-01-19,0.7,0.0,146,6000,6000,1,1
20260119,20253731,"촉촉한, 질 좋은 옆집 여자",2026-01-19,0.7,0.0,146,6000,6000,1,1
20260119,20212413,수궁,2026-01-01,0.5,0.0,212,5000,997000,1,194
20260118,20258325,스노우 폭스 : 마법의 돌을 찾아서,2026-01-10,21.2,0.5,10293,13122900,97582800,2177,14672
20260118,20259641,송 썽 블루,2026-01-14,5.1,0.8,16498,7335100,89363200,834,11738
20260118,20000089,철도원,2000-02-04,9.0,0.4,8406,7942000,140646870,755,14483
20260118,20258808,뽀로로 극장판 스위트캐슬 대모험,2025-12-11,17.3,0.2,3881,6305200,2224824930,673,254892
20260118,20253289,극장판 귀멸의 칼날: 무한성편,2025-08-22,28.1,0.1,1773,5033700,61384280950,498,5698354
20260118,20250443,극장판 뿌이뿌이 모루카 MOLMAX (모루맥스),2026-01-07,43.5,0.0,1124,6895500,30607500,489,2428
20260118,20256173,스폰지밥 무비: 네모바지를 찾아서,2026-01-01,15.4,0.1,2958,4264140,758938620,456,84660
20260118,20256757,극장판 체인소 맨: 레제편,2025-09-24,8.6,0.2,4776,4902800,36137336330,409,3438144
20260118,20250046,#런석진_에피소드. 투어 더 무비,2025-12-31,16.5,0.1,2408,9950000,235823500,398,9433
20260118,20250419,강다니엘: 홀드 유어 브레스,2026-01-07,22.8,0.1,1704,9700000,123644500,388,4947
20260118,20258633,후지모토 타츠키 17-26 파트 2,2025-10-24,7.5,0.2,3811,2427500,287809860,285,26810
20260118,20258681,후지모토 타츠키 17-26 파트 1,2025-10-24,6.9,0.2,3842,2266500,281699790,265,26676
20260118,19970157,로스트 하이웨이,1997-05-10,41.8,0.0,521,2440100,33061022,218,3716
20260118,20227798,에반게리온 신극장판: 파,2022-10-14,21.1,0.0,1019,2070700,190973824,215,18222
20260118,20177479,극장판 프리파라 모두의 동경♪ 렛츠고☆프리파리,2017-12-28,97.6,0.0,208,2233000,453602554,203,58895
20260118,20255381,위키드: 포 굿,2025-11-19,15.4,0.1,1306,2098800,9920634380,201,972128
20260118,20250783,우타다 히카루 사이언스 픽션 투어 2024,2026-01-07,54.1,0.0,355,4224000,17754000,192,807
20260118,20258739,극장판 주술회전: 시부야사변 X 사멸회유,2025-12-03,9.4,0.1,1916,1848000,3740103580,180,368753
20260118,19960103,라스베가스를 떠나며,1996-03-01,9.4,0.0,1010,1070500,40688500,95,3988
20260118,19950130,트윈 픽스,1995-03-25,55.5,0.0,128,888700,27571182,71,2887
20260118,20253906,프레디의 피자가게 2,2025-12-03,19.4,0.0,361,724000,2324284170,70,236480
20260118,20250062,아이돌리쉬 세븐 퍼스트 비트! 극장총집편 후편,2025-12-12,7.2,0.0,801,584000,27738920,58,2962
20260118,20256397,원 배틀 애프터 어나더,2025-10-01,25.4,0.0,205,538500,5668948610,52,534151
20260118,20250364,이머시브 시네마: 뽀로로 극장판 스위트캐슬 대모험,2025-12-13,26.3,0.0,160,840000,44992000,42,2679
20260118,20242541,룩백,2024-09-05,7.5,0.0,453,307000,3150444344,34,327815
20260118,20249326,윗집 사람들,2025-12-03,5.4,0.0,478,217800,5312910300,26,549314
20260118,20241047,극장판 폴 프린세스!!,2024-07-03,6.5,0.0,170,97500,17533707,11,1878
20260118,20233259,정보원,2025-12-03,8.6,0.0,116,60000,1539631100,10,168473
20260118,20060171,이레이저 헤드,1996-07-13,8.2,0.0,110,95000,26089400,9,2828
20260118,20040704,하나와 앨리스,2004-11-17,19.1,0.0,42,88000,614024440,8,95766
20260118,20250444,코드: G 주목의 시작,2025-12-27,1.8,0.0,170,33000,96876200,3,17861
20260118,20212413,수궁,2026-01-01,5.6,0.0,36,11000,992000,2,193
20260118,20250907,노팬티 여상사에게 신고식,2026-01-18,1.1,0.0,91,1000,1000,1,1
20260118,20250905,당하는게 좋은 유부녀,2026-01-18,1.1,0.0,91,1000,1000,1,1
20260118,20250922,봄바람 속에 핀 형수 속옷,2026-01-18,1.1,0.0,91,1000,1000,1,1
20260118,20250906,애교소리가 좋은 유부녀,2026-01-18,1.1,0.0,91,1000,1000,1,1
20260117,20258325,스노우 폭스 : 마법의 돌을 찾아서,2026-01-10,13.8,0.5,11223,9764300,84459900,1544,12495
20260117,20259641,송 썽 블루,2026-01-14,5.1,0.8,16994,7582600,82028100,871,10904
20260117,20258808,뽀로로 극장판 스위트캐슬 대모험,2025-12-11,18.3,0.2,4384,6939470,2218519730,800,254219
20260117,20000089,철도원,2000-02-04,9.1,0.4,8176,7786800,132704870,746,13728
20260117,20253289,극장판 귀멸의 칼날: 무한성편,2025-08-22,40.6,0.1,1402,5957900,61379247250,569,5697856
20260117,20250046,#런석진_에피소드. 투어 더 무비,2025-12-31,16.7,0.2,3322,13825000,225873500,553,9035
20260117,20256173,스폰지밥 무비: 네모바지를 찾아서,2026-01-01,12.7,0.2,3854,4447950,754674480,488,84204
20260117,20250419,강다니엘: 홀드 유어 브레스,2026-01-07,20.2,0.1,1948,9825000,113944500,393,4559
20260117,20256757,극장판 체인소 맨: 레제편,2025-09-24,9.2,0.2,4267,4627410,36132433530,392,3437735
20260117,20177479,극장판 프리파라 모두의 동경♪ 렛츠고☆프리파리,2017-12-28,86.1,0.0,416,3938000,451369554,358,58692
20260117,20258681,후지모토 타츠키 17-26 파트 1,2025-10-24,8.0,0.2,3956,2706500,279433290,315,26411
20260117,20258633,후지모토 타츠키 17-26 파트 2,2025-10-24,7.5,0.2,4171,2662500,285382360,311,26525
20260117,20250443,극장판 뿌이뿌이 모루카 MOLMAX (모루맥스),2026-01-07,26.7,0.0,947,3731200,23712000,253,1939
20260117,20227798,에반게리온 신극장판: 파,2022-10-14,21.3,0.0,1148,2413400,188903124,244,18007
20260117,19960103,라스베가스를 떠나며,1996-03-01,17.2,0.0,1044,1994000,39618000,180,3893
20260117,20258739,극장판 주술회전: 시부야사변 X 사멸회유,2025-12-03,7.3,0.1,2015,1554800,3738255580,146,368573
20260117,20255381,위키드: 포 굿,2025-11-19,10.5,0.1,1349,1544900,9918535580,141,971927
20260117,20254824,명탐정 코난: 척안의 잔상,2025-07-16,41.3,0.0,223,1258000,7397852740,92,750093
20260117,20250364,이머시브 시네마: 뽀로로 극장판 스위트캐슬 대모험,2025-12-13,43.8,0.0,160,1400000,44152000,70,2637
20260117,20254275,킹 오브 킹스,2025-07-16,98.3,0.0,59,638000,12428051626,58,1318036
20260117,20250062,아이돌리쉬 세븐 퍼스트 비트! 극장총집편 후편,2025-12-12,6.2,0.0,935,558000,27154920,58,2904
20260117,20060171,이레이저 헤드,1996-07-13,55.9,0.0,93,624700,25994400,52,2819
20260117,20253906,프레디의 피자가게 2,2025-12-03,11.8,0.0,434,545600,2323560170,51,236410
20260117,19960115,센스 앤 센서빌리티,1996-03-16,24.1,0.0,212,253000,1640000,51,472
20260117,20242541,룩백,2024-09-05,9.9,0.0,425,372000,3150137344,42,327781
20260117,20050097,올리브나무사이로,1997-08-23,56.0,0.0,50,280000,6217000,28,809
20260117,20256397,원 배틀 애프터 어나더,2025-10-01,16.8,0.0,155,277000,5668410110,26,534099
20260117,20249326,윗집 사람들,2025-12-03,3.6,0.0,365,113000,5312692500,13,549288
20260117,19970157,로스트 하이웨이,1997-05-10,9.2,0.0,130,134600,30620922,12,3498
20260117,20241047,극장판 폴 프린세스!!,2024-07-03,7.1,0.0,170,132000,17436207,12,1867
20260117,20050096,그리고 삶은 계속된다,1998-03-14,24.0,0.0,50,117000,5086500,12,654
20260117,20233259,정보원,2025-12-03,6.7,0.0,149,60000,1539571100,10,168463
20260117,20250444,코드: G 주목의 시작,2025-12-27,2.1,0.0,142,27000,96843200,3,17858
20260117,20256025,더 러닝 맨,2025-12-10,0.8,0.0,242,17000,377278860,2,38848
20260117,20250848,생의 쾌락을 좋아한 여자,2026-01-17,0.7,0.0,140,1000,1000,1,1
20260117,20250846,셀럽 유부녀의 외도 유출,2026-01-17,1.1,0.0,91,1000,1000,1,1
20260117,20250849,소악마 중년의 이야기,2026-01-17,0.7,0.0,140,1000,1000,1,1
20260117,20250834,안기는 맛이 좋은 남자,2026-01-17,1.1,0.0,91,1000,1000,1,1
20260117,20250847,여대생의 몸정 교환 조건,2026-01-17,0.5,0.0,194,1000,1000,1,1
20260117,20250835,여대생의 졸업 조건 정사,2026-01-17,0.5,0.0,195,1000,1000,1,1
20260117,20250836,졸업을 앞둔 여대생의 거래,2026-01-17,0.5,0.0,194,1000,1000,1,1
20260117,20250845,지적인 미녀상의 유부녀,2026-01-17,1.1,0.0,91,1000,1000,1,1
20260116,20258808,뽀로로 극장판 스위트캐슬 대모험,2025-12-11,28.1,0.2,4566,8371600,2211580260,1283,253419
20260116,20258325,스노우 폭스 : 마법의 돌을 찾아서,2026-01-10,17.9,0.3,6711,7197200,74695600,1202,10951
20260116,20259641,송 썽 블루,2026-01-14,3.7,1.1,22004,6879700,74445500,804,10033
20260116,20256173,스폰지밥 무비: 네모바지를 찾아서,2026-01-01,19.8,0.2,3598,5203100,750226530,712,83716
20260116,20000089,철도원,2000-02-04,5.3,0.4,9136,4918710,124918070,483,12982
20260116,20250062,아이돌리쉬 세븐 퍼스트 비트! 극장총집편 후편,2025-12-12,16.4,0.1,2542,3974400,26596920,418,2846
20260116,20256757,극장판 체인소 맨: 레제편,2025-09-24,7.0,0.2,4360,3493410,36127806120,306,3437343
20260116,20227798,에반게리온 신극장판: 파,2022-10-14,19.9,0.1,1141,2216100,186489724,227,17763
20260116,20253289,극장판 귀멸의 칼날: 무한성편,2025-08-22,16.8,0.1,1257,1996300,61373289350,211,5697287
20260116,20177479,극장판 프리파라 모두의 동경♪ 렛츠고☆프리파리,2017-12-28,94.2,0.0,208,2156000,447431554,196,58334
20260116,20250644,직장상사 길들이기,2026-01-28,100.0,0.0,166,1660000,1660000,166,166
20260116,20258633,후지모토 타츠키 17-26 파트 2,2025-10-24,3.7,0.2,4416,1392000,282719860,164,26214
20260116,20254501,F1 더 무비,2025-06-25,100.0,0.0,152,1520000,54940142370,152,5214843
20260116,20258681,후지모토 타츠키 17-26 파트 1,2025-10-24,3.5,0.2,4070,1254500,276726790,143,26096
20260116,20255381,위키드: 포 굿,2025-11-19,10.9,0.1,1242,1396000,9916990680,135,971786
20260116,20250419,강다니엘: 홀드 유어 브레스,2026-01-07,6.9,0.1,1771,3050000,104119500,122,4166
20260116,20258739,극장판 주술회전: 시부야사변 X 사멸회유,2025-12-03,4.8,0.1,2273,1096100,3736700780,110,368427
20260116,19970157,로스트 하이웨이,1997-05-10,78.9,0.0,128,1201800,30486322,101,3486
20260116,19960103,라스베가스를 떠나며,1996-03-01,5.7,0.1,1623,983900,37624000,92,3713
20260116,20232639,극장판 슈퍼윙스: 맥시멈 스피드,2023-07-20,81.9,0.0,94,539000,1192609958,77,136053
20260116,20250046,#런석진_에피소드. 투어 더 무비,2025-12-31,2.7,0.1,2502,1675000,212048500,67,8482
20260116,20210684,두다다쿵: 후후섬의 비밀,2023-02-15,35.3,0.0,153,378000,1138117650,54,126224
20260116,20250443,극장판 뿌이뿌이 모루카 MOLMAX (모루맥스),2026-01-07,3.7,0.1,1310,500300,19980800,49,1686
20260116,20226444,극장판 엄마 까투리: 도시로 간 까투리 가족,2022-09-08,21.2,0.0,165,245000,1611382999,35,174224
20260116,20256397,원 배틀 애프터 어나더,2025-10-01,15.9,0.0,207,346500,5668133110,33,534073
20260116,20253906,프레디의 피자가게 2,2025-12-03,3.7,0.0,903,341100,2323014570,33,236359
20260116,20242541,룩백,2024-09-05,7.2,0.0,416,262000,3149765344,30,327739
20260116,20241082,쿵쿵따 탐험대,2024-06-26,16.9,0.0,124,126000,30521000,21,5041
20260116,20249326,윗집 사람들,2025-12-03,2.8,0.0,498,142000,5312579500,14,549275
20260116,20241047,극장판 폴 프린세스!!,2024-07-03,7.1,0.0,170,109000,17304207,12,1855
20260116,20233259,정보원,2025-12-03,5.5,0.0,183,60000,1539511100,10,168453
20260116,20258885,프라이메이트,2026-01-28,100.0,0.0,8,112000,2659000,8,291
20260116,20040704,하나와 앨리스,2004-11-17,14.3,0.0,42,66000,613936440,6,95758
20260116,20250444,코드: G 주목의 시작,2025-12-27,1.6,0.0,126,24000,96816200,2,17855
20260116,20256025,더 러닝 맨,2025-12-10,1.1,0.0,95,10000,377261860,1,38846
20260116,20260946,19금 마사지클럽:규칙위반 스릴만점섹스,2026-01-26,1.2,0.0,83,6000,6000,1,1
20260116,20250267,가사도우미-내 남편과 자도 좋아 무삭제판,2026-01-16,1.2,0.0,83,6000,6000,1,1
20260116,20260945,위기의 유부녀:남편 상사에게 몸 바친 아내,2026-01-16,1.2,0.0,83,6000,6000,1,1
20260115,20250299,고고다이노 극장판: 곤충세계 대모험,2026-01-14,4.7,1.0,20307,7872200,42590600,960,4754
20260115,20258325,스노우 폭스 : 마법의 돌을 찾아서,2026-01-10,14.5,0.3,6603,5468600,67498400,960,9749
20260115,20259641,송 썽 블루,2026-01-14,3.5,1.0,19069,5692000,67565800,674,9229
20260115,20000089,철도원,2000-02-04,6.2,0.5,9733,5588000,119999360,607,12499
20260115,20256173,스폰지밥 무비: 네모바지를 찾아서,2026-01-01,16.5,0.2,3020,3588200,745023430,497,83004
20260115,20241266,휴민트,2026-02-11,100.0,0.0,378,5670000,5670000,378,378
20260115,20256757,극장판 체인소 맨: 레제편,2025-09-24,6.6,0.2,3582,2510340,36124312710,237,3437037
20260115,19890241,라임라이트,1989-08-26,22.4,0.0,858,389000,8635500,192,1728
20260115,19960103,라스베가스를 떠나며,1996-03-01,8.6,0.1,1824,1589100,36640100,157,3621
20260115,19950130,트윈 픽스,1995-03-25,29.6,0.0,521,1591600,26682482,154,2816
20260115,20253289,극장판 귀멸의 칼날: 무한성편,2025-08-22,13.6,0.1,1115,1390200,61371293050,152,5697076
20260115,20250878,노 머시: 90분,2026-02-04,100.0,0.0,142,1278000,1278000,142,142
20260115,20060171,이레이저 헤드,1996-07-13,85.1,0.0,134,1179100,25369700,114,2767
20260115,20227798,에반게리온 신극장판: 파,2022-10-14,6.9,0.1,1543,1074300,184273624,107,17536
20260115,20250046,#런석진_에피소드. 투어 더 무비,2025-12-31,2.7,0.2,3839,2625000,210373500,105,8415
20260115,20250419,강다니엘: 홀드 유어 브레스,2026-01-07,4.6,0.1,2144,2475000,101069500,99,4044
20260115,20258739,극장판 주술회전: 시부야사변 X 사멸회유,2025-12-03,6.4,0.1,1549,958200,3735604680,99,368317
20260115,20258633,후지모토 타츠키 17-26 파트 2,2025-10-24,3.0,0.2,3049,815000,281327860,90,26050
20260115,20258681,후지모토 타츠키 17-26 파트 1,2025-10-24,2.9,0.1,2605,703000,275472290,76,25953
20260115,20249326,윗집 사람들,2025-12-03,5.3,0.1,1175,519000,5312437500,62,549261
20260115,20255381,위키드: 포 굿,2025-11-19,4.0,0.1,1444,560100,9915594680,58,971651
20260115,20250443,극장판 뿌이뿌이 모루카 MOLMAX (모루맥스),2026-01-07,5.2,0.0,1061,559300,19480500,55,1637
20260115,19970157,로스트 하이웨이,1997-05-10,52.4,0.0,84,501900,29284522,44,3385
20260115,20226444,극장판 엄마 까투리: 도시로 간 까투리 가족,2022-09-08,41.8,0.0,98,287000,1611137999,41,174189
20260115,20209654,헤어질 결심,2022-06-29,80.0,0.0,40,320000,19799698678,32,1910277
20260115,20250062,아이돌리쉬 세븐 퍼스트 비트! 극장총집편 후편,2025-12-12,2.9,0.0,878,259600,22622520,25,2428
20260115,20242541,룩백,2024-09-05,5.5,0.0,418,203000,3149503344,23,327709
20260115,20253906,프레디의 피자가게 2,2025-12-03,6.0,0.0,353,228500,2322673470,21,236326
20260115,20256397,원 배틀 애프터 어나더,2025-10-01,15.9,0.0,88,140000,5667786610,14,534040
20260115,20050097,올리브나무사이로,1997-08-23,24.0,0.0,50,120000,5937000,12,781
20260115,20233259,정보원,2025-12-03,5.6,0.0,180,60000,1539451100,10,168443
20260115,20241047,극장판 폴 프린세스!!,2024-07-03,3.5,0.0,87,26000,17195207,3,1843
20260115,20258341,아이돌리쉬 세븐 퍼스트 비트! 극장총집편 전편,2025-10-31,1.8,0.0,113,20000,61999080,2,6447
20260115,20250444,코드: G 주목의 시작,2025-12-27,1.4,0.0,142,20000,96792200,2,17853
20260128,20249255,만약에 우리,2025-12-31,10.6,23.1,450839,375477600,20605143630,47906,2114260
20260128,20247457,신의악단,2025-12-31,13.6,11.2,218252,230625420,7254656050,29563,761336
20260128,20250644,직장상사 길들이기,2026-01-28,7.2,9.5,184957,105026300,120629300,13400,14966
20260128,20256396,아바타: 불과 재,2025-12-17,8.5,8.0,155442,137007270,77140793470,13207,6603792
20260128,20247690,시스터,2026-01-28,5.7,10.0,195637,82802600,97410600,11182,12648
20260128,20250686,하우스메이드,2026-01-28,8.5,5.6,109698,72408160,95159160,9297,11710
20260128,20258885,프라이메이트,2026-01-28,7.4,5.5,107641,62291300,75534300,7922,9389
20260128,20250112,극장판 총집편 걸즈 밴드 크라이 청춘광주곡,2026-01-28,16.5,1.7,32387,46808610,54164610,5344,5846
20260128,20249624,프로젝트 Y,2026-01-21,5.3,4.8,93651,40220400,1185703930,4995,121460
20260128,20252432,주토피아 2,2025-11-26,10.5,2.2,42691,37844280,82147524500,4484,8535755
20260127,20249255,만약에 우리,2025-12-31,6.4,27.8,495316,309411370,20229666030,31908,2066354
20260127,20247457,신의악단,2025-12-31,10.4,13.0,232160,221545310,7024030630,24067,731773
20260127,20256396,아바타: 불과 재,2025-12-17,5.7,12.5,222207,154431650,77003786200,12618,6590585
20260127,20249624,프로젝트 Y,2026-01-21,3.4,12.2,217199,68976170,1145483530,7363,116465
20260127,20242837,왕과 사는 남자,2026-02-04,94.9,0.4,6263,53615000,161532470,5943,15958
20260127,20252432,주토피아 2,2025-11-26,7.1,4.6,81955,53819370,82109680220,5821,8531271
20260127,20250482,"신비아파트 10주년 극장판: 한 번 더, 소환",2026-01-14,5.4,4.2,75901,35858700,2260368450,4061,252895
20260127,20250188,하트맨,2026-01-14,4.2,4.8,85857,32972800,2197181650,3568,235159
20260127,20258324,731,2026-01-21,6.9,2.3,40861,24344960,254793820,2803,27517
20260127,20254219,"오늘 밤, 세계에서 이 사랑이 사라진다 해도",2025-12-24,5.1,1.4,25772,12652170,8312623190,1306,857882
20260126,20249255,만약에 우리,2025-12-31,6.7,28.3,498224,325296230,19920254660,33426,2034446
20260126,20247457,신의악단,2025-12-31,10.5,13.1,230526,228083070,6802485320,24253,707706
20260126,20256396,아바타: 불과 재,2025-12-17,5.8,12.8,225785,164632820,76849354550,13127,6577967
20260126,20249624,프로젝트 Y,2026-01-21,3.3,12.4,218023,69245500,1076507360,7220,109102
20260126,20252432,주토피아 2,2025-11-26,6.8,4.6,79948,51571800,82055860850,5435,8525450
20260126,20250482,"신비아파트 10주년 극장판: 한 번 더, 소환",2026-01-14,5.4,3.9,68497,32875670,2224509750,3685,248834
20260126,20250188,하트맨,2026-01-14,3.7,5.0,88808,30107340,2164208850,3270,231591
20260126,20258324,731,2026-01-21,4.9,2.4,41749,18267800,230448860,2046,24714
20260126,20254219,"오늘 밤, 세계에서 이 사랑이 사라진다 해도",2025-12-24,4.9,1.3,22953,11101900,8299971020,1121,856576
20260126,20030316,반지의 제왕 : 왕의 귀환,2003-12-17,6.1,0.6,9936,9357940,4889585320,603,740325
20260125,20249255,만약에 우리,2025-12-31,17.0,26.7,565444,972309770,19594958430,96261,2001020
20260125,20247457,신의악단,2025-12-31,28.0,12.0,253900,700319220,6574402250,71119,683453
20260125,20256396,아바타: 불과 재,2025-12-17,18.1,11.7,248049,571571480,76684721730,44828,6564840
20260125,20250482,"신비아파트 10주년 극장판: 한 번 더, 소환",2026-01-14,18.3,7.2,152904,252193500,2191634080,27907,245149
20260125,20249624,프로젝트 Y,2026-01-21,7.9,12.9,272458,225894350,1007261860,21462,101882
20260125,20252432,주토피아 2,2025-11-26,19.3,5.0,106286,201929670,82004289050,20513,8520015
20260125,20250188,하트맨,2026-01-14,11.8,5.2,109769,128981000,2134101510,12955,228321
20260125,20250299,고고다이노 극장판: 곤충세계 대모험,2026-01-14,13.5,1.8,38585,46487400,300433200,5204,33774
20260125,20258324,731,2026-01-21,8.4,2.1,45042,37065300,212181060,3781,22668
20260125,20254219,"오늘 밤, 세계에서 이 사랑이 사라진다 해도",2025-12-24,13.4,1.3,26890,36469350,8288869120,3591,855455
20260124,20249255,만약에 우리,2025-12-31,18.3,26.6,591529,1079629440,18622648660,108141,1904759
20260124,20247457,신의악단,2025-12-31,22.2,11.7,260651,569067940,5874083030,57760,612334
20260124,20256396,아바타: 불과 재,2025-12-17,19.1,11.8,263162,648875900,76113150250,50122,6520012
20260124,20250482,"신비아파트 10주년 극장판: 한 번 더, 소환",2026-01-14,16.7,6.9,154271,231017080,1939440580,25729,217242
20260124,20249624,프로젝트 Y,2026-01-21,8.4,13.2,294488,256604780,781367510,24718,80420
20260124,20252432,주토피아 2,2025-11-26,19.0,4.8,106018,200181240,81802359380,20176,8499502
20260124,20250188,하트맨,2026-01-14,12.2,5.3,117651,142357270,2005120510,14353,215366
20260124,20250299,고고다이노 극장판: 곤충세계 대모험,2026-01-14,12.6,1.8,39195,43255800,253945800,4935,28570
20260124,20258324,731,2026-01-21,9.4,2.2,49090,44977460,175115760,4628,18887
20260124,20242837,왕과 사는 남자,2026-02-04,97.6,0.2,4650,56374470,103156470,4540,9486
20260123,20249255,만약에 우리,2025-12-31,9.6,25.9,518896,502258670,17543019220,49885,1796618
20260123,20247457,신의악단,2025-12-31,13.2,10.0,200895,257852900,5305015090,26432,554574
20260123,20256396,아바타: 불과 재,2025-12-17,8.3,12.4,248970,271408140,75464274350,20690,6469890
20260123,20249624,프로젝트 Y,2026-01-21,4.6,16.1,322619,141685540,524762730,14716,55702
20260123,20252432,주토피아 2,2025-11-26,10.0,4.5,90672,89445760,81602178140,9073,8479326
20260123,20250188,하트맨,2026-01-14,5.4,6.0,119759,60406000,1862763240,6409,201013
20260123,20250482,"신비아파트 10주년 극장판: 한 번 더, 소환",2026-01-14,6.7,4.6,92160,54903000,1708423500,6179,191513
20260123,20227810,에반게리온 신극장판: Q,2022-10-14,38.2,0.6,11918,48298500,121050417,4555,11533
20260123,20258324,731,2026-01-21,8.1,2.5,50209,37935100,130138300,4087,14259
20260123,20030316,반지의 제왕 : 왕의 귀환,2003-12-17,16.1,0.6,11492,29999350,4808207250,1848,735261
20260122,20249255,만약에 우리,2025-12-31,8.2,25.5,482707,383045060,17040760550,39480,1746733
20260122,20247457,신의악단,2025-12-31,14.8,9.0,170575,237024410,5047162190,25198,528142
20260122,20256396,아바타: 불과 재,2025-12-17,6.8,12.2,232298,196575200,75192866210,15860,6449200
20260122,20249624,프로젝트 Y,2026-01-21,4.4,17.1,324906,137017460,383077190,14435,40986
20260122,20252432,주토피아 2,2025-11-26,8.3,4.3,82073,62084640,81512732380,6811,8470253
20260122,20250188,하트맨,2026-01-14,5.4,6.1,115153,54151560,1802357240,6195,194604
20260122,20250482,"신비아파트 10주년 극장판: 한 번 더, 소환",2026-01-14,6.4,4.8,91918,51730200,1653520500,5841,185334
20260122,20258324,731,2026-01-21,8.2,2.6,49916,37029500,92203200,4088,10172
20260122,20030316,반지의 제왕 : 왕의 귀환,2003-12-17,17.5,0.5,10180,27048870,4778207900,1783,733413
20260122,20254219,"오늘 밤, 세계에서 이 사랑이 사라진다 해도",2025-12-24,6.5,1.3,24590,15263540,8197941280,1587,846484
20260128,20250482,"신비아파트 10주년 극장판: 한 번 더, 소환",2026-01-14,7.5,2.3,44897,29423500,2289791950,3345,256240
20260128,20250188,하트맨,2026-01-14,6.6,1.6,31191,15826120,2213007770,2065,237224
20260128,20254602,씨너스: 죄인들,2025-05-28,8.3,0.6,12689,13620000,910354540,1049,80006
20260128,20242837,왕과 사는 남자,2026-02-04,90.7,0.1,1113,9081000,170613470,1009,16967
20260128,20254219,"오늘 밤, 세계에서 이 사랑이 사라진다 해도",2025-12-24,7.1,0.4,7374,4192000,8316815190,526,858408
20260128,20258808,뽀로로 극장판 스위트캐슬 대모험,2025-12-11,28.3,0.1,1762,3288400,2264044930,498,260513
20260128,20258324,731,2026-01-21,3.9,0.6,10880,3630000,258423820,427,27944
20260128,20030316,반지의 제왕 : 왕의 귀환,2003-12-17,4.6,0.4,8313,5894200,4903576810,386,741242
20260128,20253289,극장판 귀멸의 칼날: 무한성편,2025-08-22,29.2,0.1,1171,2783600,61410173650,342,5700959
20260128,20256397,원 배틀 애프터 어나더,2025-10-01,4.1,0.4,8116,5625500,5676864310,330,534692
20260128,20227810,에반게리온 신극장판: Q,2022-10-14,5.2,0.2,4761,2358300,150613617,248,14381
20260128,20250299,고고다이노 극장판: 곤충세계 대모험,2026-01-14,4.9,0.2,4663,1733500,308621000,230,34817
20260128,20258325,스노우 폭스 : 마법의 돌을 찾아서,2026-01-10,47.8,0.0,383,1071000,124263700,183,18664
20260128,20256757,극장판 체인소 맨: 레제편,2025-09-24,5.6,0.2,3204,1879340,36158487350,179,3440075
20260128,20259383,극장판 짱구는 못말려: 초화려! 작열하는 떡잎마을 댄서즈,2025-12-24,7.4,0.1,2214,1414600,4591773410,163,483342
20260128,20000089,철도원,2000-02-04,6.1,0.1,2283,1144200,163638790,139,16848
20260128,20113535,부러진 화살,2012-01-18,60.8,0.0,186,113,25938231113,113,3460340
20260128,20258484,"미스터김, 영화관에 가다",2026-02-19,58.1,0.0,186,108,563108,108,168
20260128,20250333,당신이 영화를 그만두면 안 되는 30가지 이유: 3막 Impact Zone 폭발,2026-01-28,4.0,0.1,2284,276000,888000,92,296
20260128,20060171,이레이저 헤드,1996-07-13,22.7,0.0,401,662000,34225800,91,3596
20260128,20250604,극장판 엉덩이 탐정: 스타 앤드 문,2026-02-07,61.1,0.0,131,480000,480000,80,80
20260128,20261334,17살은 멈추지 않아!,2026-01-28,6.0,0.1,1225,627000,627000,73,73
20260128,20256173,스폰지밥 무비: 네모바지를 찾아서,2026-01-01,47.2,0.0,127,407000,769512290,60,86124
20260128,20226444,극장판 엄마 까투리: 도시로 간 까투리 가족,2022-09-08,96.4,0.0,56,324000,1614689999,54,174704
20260128,20210684,두다다쿵: 후후섬의 비밀,2023-02-15,47.3,0.0,93,264000,1139088650,44,126369
20260128,20248494,우당탕탕 운동회,2024-04-03,24.7,0.0,174,258000,47631500,43,7915
20260128,20200142,소방관,2024-12-04,100.0,0.0,40,480000,36316024170,40,3859218
20260128,19960103,라스베가스를 떠나며,1996-03-01,20.2,0.0,198,315000,45837200,40,4530
20260128,20225637,뿌까의 짜장면파티,2022-07-04,15.2,0.0,263,240000,253314500,40,42038
20260128,20232639,극장판 슈퍼윙스: 맥시멈 스피드,2023-07-20,23.5,0.0,81,133000,1194996958,19,136394
20260128,20242541,룩백,2024-09-05,11.3,0.0,151,123000,3152540904,17,328051
20260128,20258739,극장판 주술회전: 시부야사변 X 사멸회유,2025-12-03,19.5,0.0,87,119000,3745001630,17,369237
20260128,20255381,위키드: 포 굿,2025-11-19,10.8,0.0,102,116600,9925609180,11,972637
20260128,20190324,3일의 휴가,2023-12-06,10.9,0.0,92,62000,4965832917,10,530703
20260128,20250563,정글비트 2,2026-01-29,2.5,0.0,284,47500,47500,7,7
20260128,20261002,데몬 프린스,2026-01-21,2.5,0.0,236,57000,7554500,6,606
20260128,20250062,아이돌리쉬 세븐 퍼스트 비트! 극장총집편 후편,2025-12-12,8.3,0.0,72,53000,29851220,6,3185
20260128,19970157,로스트 하이웨이,1997-05-10,3.7,0.0,134,59600,40942822,5,4442
20260128,20259641,송 썽 블루,2026-01-14,2.0,0.0,150,18000,107371000,3,13940
20260128,20261211,인피니트 아이콘: 비주얼 메모아르,2026-01-28,1.0,0.0,200,50000,50000,2,2
20260128,20250524,매춘 2026,2026-01-28,0.7,0.0,146,6000,6000,1,1
20260128,20259772,변태 시아버지에게 들킨 쓰레기장 불륜,2026-01-28,0.7,0.0,146,6000,6000,1,1
20260128,20250514,불륜남녀 : 좋아 죽는 여자들,2026-01-28,0.7,0.0,146,6000,6000,1,1
20260128,20261223,육덕진 아줌마의 거친 섹스,2026-01-28,1.2,0.0,83,6000,6000,1,1
20260128,20259771,입으로 해주는 일본 유명 연예인,2026-01-28,0.7,0.0,146,6000,6000,1,1
20260128,20261213,쾌락에 찌든 사모님의 아랫도리,2026-01-28,1.2,0.0,83,6000,6000,1,1
20260127,20258325,스노우 폭스 : 마법의 돌을 찾아서,2026-01-10,39.3,0.1,2198,5866500,123192700,863,18481
20260127,20259383,극장판 짱구는 못말려: 초화려! 작열하는 떡잎마을 댄서즈,2025-12-24,8.3,0.4,7586,5991400,4590358810,630,483179
20260127,20030316,반지의 제왕 : 왕의 귀환,2003-12-17,5.1,0.6,10406,8097290,4897682610,531,740856
20260127,20250299,고고다이노 극장판: 곤충세계 대모험,2026-01-14,4.1,0.7,11953,3873700,306887500,490,34587
20260127,20258808,뽀로로 극장판 스위트캐슬 대모험,2025-12-11,22.4,0.1,1742,2573000,2260756530,390,260015
20260127,20227810,에반게리온 신극장판: Q,2022-10-14,4.2,0.4,7493,3261700,148255317,317,14133
20260127,20250878,노 머시: 90분,2026-02-04,100.0,0.0,200,1800000,3078000,200,342
20260127,20253289,극장판 귀멸의 칼날: 무한성편,2025-08-22,15.6,0.1,1275,1995700,61407390050,199,5700617
20260127,20259641,송 썽 블루,2026-01-14,6.1,0.2,3191,1540000,107353000,194,13937
20260127,20000089,철도원,2000-02-04,4.4,0.2,3850,1561020,162494590,169,16709
20260127,20060171,이레이저 헤드,1996-07-13,20.7,0.0,783,1750500,33563800,162,3505
20260127,20256757,극장판 체인소 맨: 레제편,2025-09-24,5.0,0.2,3155,1595960,36156608010,159,3439896
20260127,19970157,로스트 하이웨이,1997-05-10,21.7,0.0,585,1407800,40883222,127,4437
20260127,20250586,주희에게,2026-04-15,43.3,0.0,231,900000,3051000,100,339
20260127,20256173,스폰지밥 무비: 네모바지를 찾아서,2026-01-01,10.0,0.0,949,543400,769105290,95,86064
20260127,20226444,극장판 엄마 까투리: 도시로 간 까투리 가족,2022-09-08,34.1,0.0,276,658000,1614365999,94,174650
20260127,20261002,데몬 프린스,2026-01-21,2.7,0.1,1740,554500,7497500,47,600
20260127,20258739,극장판 주술회전: 시부야사변 X 사멸회유,2025-12-03,4.3,0.1,1096,483800,3744882630,47,369220
20260127,20232639,극장판 슈퍼윙스: 맥시멈 스피드,2023-07-20,35.8,0.0,120,301000,1194863958,43,136375
20260127,20050097,올리브나무사이로,1997-08-23,57.7,0.0,52,300000,7304000,30,918
20260127,20242541,룩백,2024-09-05,11.6,0.0,190,204000,3152417904,22,328034
20260127,20225637,뿌까의 짜장면파티,2022-07-04,27.2,0.0,81,132000,253074500,22,41998
20260127,20246777,더 폴: 디렉터스 컷,2024-12-25,52.5,0.0,40,147000,1964659100,21,190046
20260127,20255381,위키드: 포 굿,2025-11-19,7.0,0.0,284,207900,9925492580,20,972626
20260127,19960103,라스베가스를 떠나며,1996-03-01,6.2,0.0,291,184500,45522200,18,4490
20260127,20258633,후지모토 타츠키 17-26 파트 2,2025-10-24,3.3,0.0,543,158000,290211360,18,27077
20260127,20258681,후지모토 타츠키 17-26 파트 1,2025-10-24,4.5,0.0,311,119000,283892790,14,26916
20260127,20253106,핑크퐁 공룡 유치원,2025-03-08,20.0,0.0,70,91000,2786000,14,413
20260127,20253906,프레디의 피자가게 2,2025-12-03,8.4,0.0,95,93000,2325289770,8,236583
20260127,20040704,하나와 앨리스,2004-11-17,16.7,0.0,42,70000,614309440,7,95794
20260127,20256397,원 배틀 애프터 어나더,2025-10-01,3.9,0.0,155,64000,5671238810,6,534362
20260127,20250444,코드: G 주목의 시작,2025-12-27,2.9,0.0,205,63000,97079200,6,17880
20260127,20250062,아이돌리쉬 세븐 퍼스트 비트! 극장총집편 후편,2025-12-12,6.9,0.0,72,50000,29798220,5,3179
20260127,20261204,버밀리언 : 주홍색 그림물감,2026-01-27,8.8,0.0,57,30000,30000,5,5
20260127,20261187,"오리카, 모두의 연인",2026-01-27,5.4,0.0,92,30000,30000,5,5
20260127,20259662,러브 인 베트남,2026-01-21,0.9,0.0,438,33000,3621500,4,385
20260127,20212413,수궁,2026-01-01,8.3,0.0,36,15000,1012000,3,197
20260127,20256025,더 러닝 맨,2025-12-10,0.6,0.0,177,12000,377328860,1,38853
20260127,20170841,리틀 포레스트,2018-02-28,1.1,0.0,92,10000,11965653355,1,1511248
20260127,20253945,대물 봉침 - 한방에 싸버린 유부녀,2026-01-27,0.7,0.0,146,6000,6000,1,1
20260127,20253944,오늘도 젖어있는 여상사,2026-01-27,0.7,0.0,146,6000,6000,1,1
20260127,20259788,유부녀 수영선수 누나의 특급 과외시간,2026-01-27,0.7,0.0,146,6000,6000,1,1
20260127,20250060,젖은 첫사랑의 야근 섹스,2026-01-27,0.7,0.0,146,6000,6000,1,1
20260127,20259628,헤어진 섹스 파트너 상사가 되어 돌아왔다,2026-01-27,0.7,0.0,146,6000,6000,1,1
20260127,20250123,형수에게 바친 첫 경험,2026-01-27,0.7,0.0,146,6000,6000,1,1
20260127,20261189,그 후로 사랑은 계속된다,2026-01-27,1.1,0.0,91,1000,1000,1,1
20260127,20261191,꽃집 남자의 사랑,2026-01-27,0.5,0.0,194,1000,1000,1,1
20260127,20261192,사디즘의 여자,2026-01-27,0.5,0.0,194,1000,1000,1,1
20260127,20261190,"스무살, 서른살, 마흔살의 교코",2026-01-27,1.1,0.0,91,1000,1000,1,1
20260127,20261188,키스가 멈춘 순간,2026-01-27,1.1,0.0,91,1000,1000,1,1
20260126,20259383,극장판 짱구는 못말려: 초화려! 작열하는 떡잎마을 댄서즈,2025-12-24,7.1,0.5,8061,5162400,4584367410,572,482549
20260126,20250686,하우스메이드,2026-01-28,100.0,0.0,517,5687000,22751000,517,2413
20260126,20227810,에반게리온 신극장판: Q,2022-10-14,5.1,0.4,7345,3800200,144993617,374,13816
20260126,20250299,고고다이노 극장판: 곤충세계 대모험,2026-01-14,3.1,0.6,10372,2580600,303013800,323,34097
20260126,20258325,스노우 폭스 : 마법의 돌을 찾아서,2026-01-10,20.5,0.1,1444,2016500,117326200,296,17618
20260126,20242837,왕과 사는 남자,2026-02-04,92.8,0.0,291,2430000,107917470,270,10015
20260126,20258808,뽀로로 극장판 스위트캐슬 대모험,2025-12-11,15.9,0.1,1283,1518600,2258183530,204,259625
20260126,20256757,극장판 체인소 맨: 레제편,2025-09-24,4.7,0.2,3732,1845040,36155012050,177,3439737
20260126,20000089,철도원,2000-02-04,4.6,0.2,3683,1530200,160933570,170,16540
20260126,20253289,극장판 귀멸의 칼날: 무한성편,2025-08-22,12.1,0.1,1275,1522200,61405394350,154,5700418
20260126,20250839,영원,2026-02-04,100.0,0.0,150,1350000,1350000,150,150
20260126,20259641,송 썽 블루,2026-01-14,4.5,0.2,3224,1157000,105813000,146,13743
20260126,19970157,로스트 하이웨이,1997-05-10,20.0,0.0,521,1159500,39475422,104,4310
20260126,19950130,트윈 픽스,1995-03-25,28.2,0.0,262,750600,32309682,74,3336
20260126,20261002,데몬 프린스,2026-01-21,4.4,0.1,1650,866000,6943000,72,553
20260126,20254501,F1 더 무비,2025-06-25,48.6,0.0,144,560000,54940702370,70,5214913
20260126,20256173,스폰지밥 무비: 네모바지를 찾아서,2026-01-01,12.6,0.0,469,371600,768561890,59,85969
20260126,20258739,극장판 주술회전: 시부야사변 X 사멸회유,2025-12-03,3.8,0.0,881,319000,3744398830,33,369173
20260126,19960103,라스베가스를 떠나며,1996-03-01,11.0,0.0,273,265000,45337700,30,4472
20260126,20255381,위키드: 포 굿,2025-11-19,9.3,0.0,302,270700,9925284680,28,972606
20260126,20174142,아이 캔 스피크,2017-09-21,62.2,0.0,37,138000,25617020886,23,3292932
20260126,20258681,후지모토 타츠키 17-26 파트 1,2025-10-24,5.7,0.0,367,195000,283773790,21,26902
20260126,20258633,후지모토 타츠키 17-26 파트 2,2025-10-24,3.6,0.0,358,115500,290053360,13,27059
20260126,20242541,룩백,2024-09-05,5.3,0.0,190,99000,3152213904,10,328012
20260126,20261104,클라이밍: 더 사운드,2026-01-22,6.8,0.0,148,60000,747000,10,93
20260126,20256397,원 배틀 애프터 어나더,2025-10-01,5.2,0.0,155,102000,5671174810,8,534356
20260126,20249326,윗집 사람들,2025-12-03,10.0,0.0,80,78000,5313296900,8,549358
20260126,20259662,러브 인 베트남,2026-01-21,2.8,0.0,255,62000,3588500,7,381
20260126,20250444,코드: G 주목의 시작,2025-12-27,3.2,0.0,189,67000,97016200,6,17874
20260126,20257992,비눗방울의 시,2026-01-26,5.4,0.0,92,30000,30000,5,5
20260126,20250062,아이돌리쉬 세븐 퍼스트 비트! 극장총집편 후편,2025-12-12,1.4,0.0,72,7500,29748220,1,3174
20260126,20253906,프레디의 피자가게 2,2025-12-03,1.1,0.0,95,7000,2325196770,1,236575
20260126,20261042,그녀의 위험한 유혹,2026-01-26,0.7,0.0,146,6000,6000,1,1
20260126,20261044,그녀의 위험한 유혹 무삭제판,2026-01-26,0.7,0.0,146,6000,6000,1,1
20260126,20257626,나나미의 삽입결단 무삭제판,2026-01-26,0.7,0.0,146,6000,6000,1,1
20260126,20258636,내 아내의 비밀친구 무삭제판,2026-01-26,0.7,0.0,146,6000,6000,1,1
20260126,20256691,너무 궁금한 그녀의 치마속 무삭제판,2026-01-26,0.7,0.0,146,6000,6000,1,1
20260126,20256689,두근두근 그녀의 섹스 무삭제판,2026-01-26,0.7,0.0,146,6000,6000,1,1
20260126,20256009,마사지에 무너지는 유부녀 무삭제판,2026-01-26,0.7,0.0,146,6000,6000,1,1
20260126,20254990,며느리를 뚫은 솟은 거근,2026-01-26,0.7,0.0,146,6000,6000,1,1
20260126,20261046,못참고 결국 싸버린 그녀,2026-01-26,0.7,0.0,146,6000,6000,1,1
20260126,20261062,빼달라고 사정하는 그녀,2026-01-26,0.7,0.0,146,6000,6000,1,1
20260126,20261045,빼달라고 사정하는 그녀 무삭제판,2026-01-26,0.7,0.0,146,6000,6000,1,1
20260126,20257624,삽입 후 최고의 순간 무삭제판,2026-01-26,0.7,0.0,146,6000,6000,1,1
20260126,20261020,유부녀 잡아먹는 대물,2026-01-26,0.7,0.0,146,6000,6000,1,1
20260126,20261061,유부녀 잡아먹는 대물 무삭제판,2026-01-26,0.7,0.0,146,6000,6000,1,1
20260126,20256029,음란한 영업 무삭제판,2026-01-26,0.7,0.0,146,6000,6000,1,1
20260126,20261064,잘 넣어주는 가정교사,2026-01-26,0.7,0.0,146,6000,6000,1,1
20260126,20261049,잘 넣어주는 가정교사 무삭제판,2026-01-26,0.7,0.0,146,6000,6000,1,1
20260126,20261063,젖어드는 다리 사이,2026-01-26,0.7,0.0,146,6000,6000,1,1
20260126,20261346,젖어드는 다리 사이 무삭제판,2026-01-26,0.7,0.0,146,6000,6000,1,1
20260126,20258637,참을 수 없는 이모의 야한 속옷 무삭제판,2026-01-26,0.7,0.0,146,6000,6000,1,1
20260126,20256010,치마속 젖은 손길 무삭제판,2026-01-26,0.7,0.0,146,6000,6000,1,1
20260126,20258015,가출 소녀와 아저씨,2026-01-26,0.5,0.0,194,1000,1000,1,1
20260126,20258018,감독의 딸들,2026-01-26,0.7,0.0,140,1000,1000,1,1
20260126,20258016,등을 맞댄 두 사람,2026-01-26,0.5,0.0,194,1000,1000,1,1
20260126,20257993,매춘부의 꿈,2026-01-26,1.1,0.0,91,1000,1000,1,1
20260126,20258017,"변태, 여직원 그리고 부장",2026-01-26,0.7,0.0,140,1000,1000,1,1
20260126,20258012,엄마와 나 그리고 사랑의 적,2026-01-26,1.1,0.0,91,1000,1000,1,1
20260126,20257989,여배우의 인터뷰,2026-01-26,1.1,0.0,91,1000,1000,1,1
20260126,20257994,운전기사와 회사원 그리고 창녀,2026-01-26,0.7,0.0,140,1000,1000,1,1
20260126,20258014,작가의 취향,2026-01-26,0.5,0.0,194,1000,1000,1,1
20260125,20030316,반지의 제왕 : 왕의 귀환,2003-12-17,17.9,0.5,10231,29409620,4880227380,1831,739722
20260125,20259383,극장판 짱구는 못말려: 초화려! 작열하는 떡잎마을 댄서즈,2025-12-24,14.9,0.6,11576,17271320,4579205010,1730,481977
20260125,20227810,에반게리온 신극장판: Q,2022-10-14,11.1,0.3,6964,8019900,141193417,775,13442
20260125,20253289,극장판 귀멸의 칼날: 무한성편,2025-08-22,34.4,0.1,1663,6001600,61403872150,572,5700264
20260125,20258808,뽀로로 극장판 스위트캐슬 대모험,2025-12-11,14.6,0.2,3557,5076500,2256664930,520,259421
20260125,20000089,철도원,2000-02-04,9.7,0.2,3445,3569700,159403370,333,16370
20260125,20256757,극장판 체인소 맨: 레제편,2025-09-24,8.7,0.2,3241,3274220,36153167010,282,3439560
20260125,20242837,왕과 사는 남자,2026-02-04,100.0,0.0,259,2331000,105487470,259,9745
20260125,20256173,스폰지밥 무비: 네모바지를 찾아서,2026-01-01,16.5,0.1,1293,1890200,768190290,213,85910
20260125,20258325,스노우 폭스 : 마법의 돌을 찾아서,2026-01-10,5.3,0.2,3525,1622200,115309700,185,17322
20260125,20259641,송 썽 블루,2026-01-14,5.4,0.1,3013,1389500,104656000,162,13597
20260125,20261002,데몬 프린스,2026-01-21,5.3,0.1,1982,1306000,6077000,104,481
20260125,19950130,트윈 픽스,1995-03-25,16.7,0.0,569,970200,31559082,95,3262
20260125,19960103,라스베가스를 떠나며,1996-03-01,16.9,0.0,549,900600,45072700,93,4442
20260125,19970157,로스트 하이웨이,1997-05-10,24.8,0.0,262,720000,38315922,65,4206
20260125,20258739,극장판 주술회전: 시부야사변 X 사멸회유,2025-12-03,7.8,0.0,744,587600,3744079830,58,369140
20260125,20242541,룩백,2024-09-05,22.6,0.0,190,369560,3152114904,43,328002
20260125,20050097,올리브나무사이로,1997-08-23,67.3,0.0,52,350000,7004000,35,888
20260125,20050096,그리고 삶은 계속된다,1998-03-14,59.6,0.0,52,310000,5736500,31,719
20260125,20253906,프레디의 피자가게 2,2025-12-03,19.3,0.0,161,295000,2325189770,31,236574
20260125,20209654,헤어질 결심,2022-06-29,67.5,0.0,40,297000,19800316678,27,1910340
20260125,20256397,원 배틀 애프터 어나더,2025-10-01,12.7,0.0,205,264200,5671072810,26,534348
20260125,20250062,아이돌리쉬 세븐 퍼스트 비트! 극장총집편 후편,2025-12-12,10.6,0.0,180,183500,29740720,19,3173
20260125,20255381,위키드: 포 굿,2025-11-19,12.7,0.0,150,183200,9925013980,19,972578
20260125,20258633,후지모토 타츠키 17-26 파트 2,2025-10-24,2.8,0.0,355,97000,289937860,10,27046
20260125,20259662,러브 인 베트남,2026-01-21,4.8,0.0,124,57500,3526500,6,374
20260125,20249326,윗집 사람들,2025-12-03,10.2,0.0,49,50000,5313218900,5,549350
20260125,20258681,후지모토 타츠키 17-26 파트 1,2025-10-24,1.3,0.0,316,40000,283578790,4,26881
20260125,20256025,더 러닝 맨,2025-12-10,0.8,0.0,133,7000,377316860,1,38852
20260124,20254219,"오늘 밤, 세계에서 이 사랑이 사라진다 해도",2025-12-24,12.6,1.3,29204,37218340,8252399770,3674,851864
20260124,20030316,반지의 제왕 : 왕의 귀환,2003-12-17,22.3,0.5,11793,42610510,4850817760,2630,737891
20260124,20259383,극장판 짱구는 못말려: 초화려! 작열하는 떡잎마을 댄서즈,2025-12-24,13.8,0.5,11413,15674980,4561933690,1571,480247
20260124,20227810,에반게리온 신극장판: Q,2022-10-14,15.1,0.3,7513,12123100,133173517,1134,12667
20260124,20250644,직장상사 길들이기,2026-01-28,37.0,0.1,2013,7751000,15603000,744,1566
20260124,20253289,극장판 귀멸의 칼날: 무한성편,2025-08-22,36.9,0.1,1604,6163000,61397870550,591,5699692
20260124,20258808,뽀로로 극장판 스위트캐슬 대모험,2025-12-11,15.2,0.2,3696,4880800,2251588430,561,258901
20260124,20000089,철도원,2000-02-04,14.4,0.1,3195,4798440,155833670,460,16037
20260124,20258501,마사이 크로스,2025-11-20,91.6,0.0,335,2626000,28341300,307,2772
20260124,20256757,극장판 체인소 맨: 레제편,2025-09-24,7.7,0.2,3694,3357260,36149892790,285,3439278
20260124,20259641,송 썽 블루,2026-01-14,5.1,0.2,4017,1566500,103266500,204,13435
20260124,20258325,스노우 폭스 : 마법의 돌을 찾아서,2026-01-10,5.0,0.2,3953,1661500,113687500,196,17137
20260124,20256173,스폰지밥 무비: 네모바지를 찾아서,2026-01-01,10.2,0.1,1438,1338670,766300090,146,85697
20260124,20178424,레이디 버드,2018-04-04,66.7,0.0,186,1281000,833868200,124,102469
20260124,20261002,데몬 프린스,2026-01-21,6.4,0.1,1443,1244500,4771000,93,377
20260124,20255381,위키드: 포 굿,2025-11-19,28.5,0.0,274,888200,9924830780,78,972559
20260124,19970157,로스트 하이웨이,1997-05-10,33.8,0.0,204,773700,37595922,69,4141
20260124,20060171,이레이저 헤드,1996-07-13,28.5,0.0,221,788400,31813300,63,3343
20260124,20258739,극장판 주술회전: 시부야사변 X 사멸회유,2025-12-03,4.8,0.0,1178,593500,3743492230,57,369082
20260124,20256397,원 배틀 애프터 어나더,2025-10-01,25.6,0.0,207,550500,5670808610,53,534322
20260124,19960103,라스베가스를 떠나며,1996-03-01,8.5,0.0,527,431600,44172100,45,4349
20260124,20242541,룩백,2024-09-05,18.1,0.0,216,345000,3151745344,39,327959
20260124,20253906,프레디의 피자가게 2,2025-12-03,12.4,0.0,161,223600,2324894770,20,236543
20260124,20250062,아이돌리쉬 세븐 퍼스트 비트! 극장총집편 후편,2025-12-12,11.1,0.0,180,217000,29557220,20,3154
20260124,20258633,후지모토 타츠키 17-26 파트 2,2025-10-24,3.2,0.0,531,149000,289840860,17,27036
20260124,20040704,하나와 앨리스,2004-11-17,21.4,0.0,42,95000,614239440,9,95787
20260124,20258681,후지모토 타츠키 17-26 파트 1,2025-10-24,2.8,0.0,214,48000,283538790,6,26877
20260124,20249326,윗집 사람들,2025-12-03,2.9,0.0,140,31000,5313168900,4,549345
20260124,20259662,러브 인 베트남,2026-01-21,0.9,0.0,341,22000,3469000,3,368
20260124,20250444,코드: G 주목의 시작,2025-12-27,0.5,0.0,201,12000,96949200,1,17868
20260124,20256025,더 러닝 맨,2025-12-10,0.8,0.0,133,7000,377309860,1,38851
20260123,20254219,"오늘 밤, 세계에서 이 사랑이 사라진다 해도",2025-12-24,6.5,1.3,26346,17240150,8215181430,1706,848190
20260123,20259383,극장판 짱구는 못말려: 초화려! 작열하는 떡잎마을 댄서즈,2025-12-24,9.1,0.5,9708,8471100,4546258710,880,478676
20260123,20258808,뽀로로 극장판 스위트캐슬 대모험,2025-12-11,28.8,0.1,2879,5370500,2246707630,830,258340
20260123,20242837,왕과 사는 남자,2026-02-04,92.6,0.0,671,5589000,46782000,621,4946
20260123,20258325,스노우 폭스 : 마법의 돌을 찾아서,2026-01-10,30.0,0.1,1971,3464500,112026000,592,16941
20260123,20250299,고고다이노 극장판: 곤충세계 대모험,2026-01-14,4.1,0.7,13474,4462900,210690000,554,23635
20260123,20256173,스폰지밥 무비: 네모바지를 찾아서,2026-01-01,28.9,0.1,1148,1918500,764961420,332,85551
20260123,20252373,넘버원,2026-02-11,117.0,0.0,247,2890000,2890000,289,289
20260123,20000089,철도원,2000-02-04,5.7,0.2,3641,2061300,151035230,206,15577
20260123,20253289,극장판 귀멸의 칼날: 무한성편,2025-08-22,13.8,0.1,1396,1940200,61391707550,192,5699101
20260123,20256757,극장판 체인소 맨: 레제편,2025-09-24,6.3,0.1,2748,2035960,36146535530,174,3438993
20260123,20228555,더 퍼스트 슬램덩크,2023-01-04,19.1,0.0,845,1646100,51557295105,161,4921209
20260123,20254275,킹 오브 킹스,2025-07-16,100.0,0.0,160,800000,12428851626,160,1318196
20260123,20247690,시스터,2026-01-28,100.0,0.0,152,1824000,14608000,152,1466
20260123,20257635,피로 지켜낸 대한민국,2025-10-16,52.8,0.0,284,1500000,17940600,150,2269
20260123,20259641,송 썽 블루,2026-01-14,4.7,0.2,3053,1245000,101700000,143,13231
20260123,20226444,극장판 엄마 까투리: 도시로 간 까투리 가족,2022-09-08,55.1,0.0,205,792000,1613707999,113,174556
20260123,19890241,라임라이트,1989-08-26,12.4,0.0,858,212000,8847500,106,1834
20260123,20255381,위키드: 포 굿,2025-11-19,28.4,0.0,359,812600,9923942580,102,972481
20260123,20257729,배달의 영웅 : 캐리와 슈퍼콜라2,2025-10-03,75.0,0.0,120,561000,256295630,90,28780
20260123,19960103,라스베가스를 떠나며,1996-03-01,11.9,0.0,553,609500,43740500,66,4304
20260123,20261002,데몬 프린스,2026-01-21,4.3,0.1,1508,814500,3526500,65,284
20260123,20210684,두다다쿵: 후후섬의 비밀,2023-02-15,39.1,0.0,110,301000,1138824650,43,126325
20260123,20060171,이레이저 헤드,1996-07-13,40.9,0.0,93,503700,31024900,38,3280
20260123,20258739,극장판 주술회전: 시부야사변 X 사멸회유,2025-12-03,5.4,0.0,629,363500,3742898730,34,369025
20260123,20250062,아이돌리쉬 세븐 퍼스트 비트! 극장총집편 후편,2025-12-12,17.8,0.0,180,336500,29340220,32,3134
20260123,20050097,올리브나무사이로,1997-08-23,46.0,0.0,50,230000,6654000,23,853
20260123,20256397,원 배틀 애프터 어나더,2025-10-01,10.7,0.0,205,227000,5670258110,22,534269
20260123,20253106,핑크퐁 공룡 유치원,2025-03-08,30.0,0.0,70,136500,2695000,21,399
20260123,20242541,룩백,2024-09-05,9.5,0.0,211,173000,3151400344,20,327920
20260123,20258681,후지모토 타츠키 17-26 파트 1,2025-10-24,2.3,0.0,797,156000,283490790,18,26871
20260123,20261104,클라이밍: 더 사운드,2026-01-22,5.6,0.0,179,60000,687000,10,83
20260123,20258633,후지모토 타츠키 17-26 파트 2,2025-10-24,1.7,0.0,547,72000,289691860,9,27019
20260123,20259662,러브 인 베트남,2026-01-21,2.2,0.0,225,63000,3447000,5,365
20260123,20233259,정보원,2025-12-03,9.3,0.0,54,30000,1539931100,5,168523
20260123,20253906,프레디의 피자가게 2,2025-12-03,4.2,0.0,95,49000,2324671170,4,236523
20260123,20261269,"밤, 그리고 피렌체 경매의 신 ep8",2026-01-23,1.7,0.0,59,6000,6000,1,1
20260123,20257660,실리콘 링에 젖어버린 유부녀,2026-01-23,0.7,0.0,146,6000,6000,1,1
20260123,20261390,여린 간병인,2026-01-23,1.7,0.0,59,6000,6000,1,1
20260122,20250686,하우스메이드,2026-01-28,96.1,0.1,1502,12996000,17064000,1444,1896
20260122,20242837,왕과 사는 남자,2026-02-04,97.2,0.1,1473,12888000,41193000,1432,4325
20260122,20259383,극장판 짱구는 못말려: 초화려! 작열하는 떡잎마을 댄서즈,2025-12-24,8.8,0.4,8155,6482650,4537787610,715,477796
20260122,20250644,직장상사 길들이기,2026-01-28,106.8,0.0,614,6192000,7852000,656,822
20260122,20258808,뽀로로 극장판 스위트캐슬 대모험,2025-12-11,28.7,0.1,1976,3704000,2241337130,567,257510
20260122,20250299,고고다이노 극장판: 곤충세계 대모험,2026-01-14,4.1,0.6,12401,4028000,206227100,507,23081
20260122,20258325,스노우 폭스 : 마법의 돌을 찾아서,2026-01-10,25.7,0.1,1917,3491000,108561500,493,16349
20260122,20259641,송 썽 블루,2026-01-14,5.6,0.2,4535,1943600,100455000,253,13088
20260122,20232639,극장판 슈퍼윙스: 맥시멈 스피드,2023-07-20,65.8,0.0,377,1736000,1194562958,248,136332
20260122,20247690,시스터,2026-01-28,79.4,0.0,306,3145000,12784000,243,1314
20260122,20227798,에반게리온 신극장판: 파,2022-10-14,19.0,0.0,1019,1909300,196040624,194,18744
20260122,20000089,철도원,2000-02-04,4.6,0.2,3948,1720860,148973930,180,15371
20260122,20256757,극장판 체인소 맨: 레제편,2025-09-24,6.5,0.1,2350,1691180,36144499570,152,3438819
20260122,20253289,극장판 귀멸의 칼날: 무한성편,2025-08-22,12.9,0.1,1062,1363500,61389767350,137,5698909
20260122,20256173,스폰지밥 무비: 네모바지를 찾아서,2026-01-01,13.6,0.0,940,904000,763042920,128,85219
20260122,20060171,이레이저 헤드,1996-07-13,20.2,0.0,585,1247000,30521200,118,3242
20260122,20228555,더 퍼스트 슬램덩크,2023-01-04,8.6,0.1,1113,950200,51555649005,96,4921048
20260122,20250586,주희에게,2026-04-15,61.1,0.0,131,720000,2151000,80,239
20260122,20261104,클라이밍: 더 사운드,2026-01-22,5.2,0.1,1403,627000,627000,73,73
20260122,20261002,데몬 프린스,2026-01-21,4.0,0.1,1636,760500,2712000,65,219
20260122,20210684,두다다쿵: 후후섬의 비밀,2023-02-15,43.9,0.0,132,406000,1138523650,58,126282
20260122,20226444,극장판 엄마 까투리: 도시로 간 까투리 가족,2022-09-08,30.8,0.0,156,336000,1612915999,48,174443
20260122,19970157,로스트 하이웨이,1997-05-10,38.1,0.0,113,437400,36822222,43,4072
20260122,20255381,위키드: 포 굿,2025-11-19,15.5,0.0,252,366900,9923129980,39,972379
20260122,20258739,극장판 주술회전: 시부야사변 X 사멸회유,2025-12-03,5.1,0.0,689,352000,3742535230,35,368991
20260122,20250062,아이돌리쉬 세븐 퍼스트 비트! 극장총집편 후편,2025-12-12,6.2,0.0,547,304500,29003720,34,3102
20260122,20246777,더 폴: 디렉터스 컷,2024-12-25,75.0,0.0,40,284000,1964512100,30,190025
20260122,20119138,아파치요새,1971-05-01,5.0,0.0,597,60000,16065500,30,7384
20260122,20209654,헤어질 결심,2022-06-29,57.5,0.0,40,230000,19800019678,23,1910313
20260122,20258633,후지모토 타츠키 17-26 파트 2,2025-10-24,6.3,0.0,366,196000,289619860,23,27010
20260122,19960103,라스베가스를 떠나며,1996-03-01,5.7,0.0,283,153000,43131000,16,4238
20260122,20050096,그리고 삶은 계속된다,1998-03-14,26.9,0.0,52,140000,5426500,14,688
20260122,20258681,후지모토 타츠키 17-26 파트 1,2025-10-24,2.5,0.0,558,117000,283334790,14,26853
20260122,20242541,룩백,2024-09-05,7.1,0.0,155,81000,3151227344,11,327900
20260122,20253906,프레디의 피자가게 2,2025-12-03,6.3,0.0,95,64000,2324622170,6,236519
20260122,20256397,원 배틀 애프터 어나더,2025-10-01,3.2,0.0,155,43000,5670031110,5,534247
20260122,20249326,윗집 사람들,2025-12-03,5.0,0.0,60,21000,5313137900,3,549341
20260122,20259662,러브 인 베트남,2026-01-21,1.2,0.0,173,21000,3384000,2,360
20260122,20261111,백악관 최후의 날: 프레지던트 다운,2026-01-22,1.1,0.0,185,2000,2000,2,2
20260122,20256025,더 러닝 맨,2025-12-10,0.8,0.0,133,12000,377302860,1,38850
20260122,20250444,코드: G 주목의 시작,2025-12-27,0.8,0.0,126,11000,96937200,1,17867
20260122,20261032,떡에 환장하는 여대생과의 속궁합,2026-01-22,1.2,0.0,83,6000,6000,1,1
20260122,20252510,발정난 며느리:시아버지에게 들키다,2026-01-22,1.2,0.0,83,6000,6000,1,1
20260122,20253135,위험한 제수씨:아주버님의 야릇한 눈빛,2026-01-22,1.2,0.0,83,6000,6000,1,1
20260204,20242837,왕과 사는 남자,2026-02-04,11.6,51.1,1016912,1076238210,1365519680,117783,147538
20260204,20249255,만약에 우리,2025-12-31,8.8,9.2,183263,157439930,23290360010,16140,2386380
20260204,20261439,"2024.12.03 그날 조작된 내란, 감춰진 진실",2026-02-04,56.8,1.4,28379,162225820,199884820,16132,19832
20260204,20247457,신의악단,2025-12-31,10.3,7.3,145496,135235470,9456172270,15039,994476
20260204,20250878,노 머시: 90분,2026-02-04,5.5,9.3,184569,94786360,162854360,10152,17430
20260204,20261526,아이엠스타!X프리파라 더 무비 -만남의 기적!-,2026-02-04,39.4,0.9,17914,77110300,77110300,7064,7064
20260204,20241266,휴민트,2026-02-11,101.4,0.2,4029,46767000,63045000,4087,5089
20260204,20256396,아바타: 불과 재,2025-12-17,6.7,2.4,46781,34391260,78331528730,3142,6698467
20260204,20261041,스트레이 키즈 : 더 도미네이트 익스피리언스,2026-02-04,9.1,1.7,33487,77574000,77574000,3029,3029
20260204,20252373,넘버원,2026-02-11,100.0,0.1,1604,14436000,52935000,1604,5822
20260203,20249255,만약에 우리,2025-12-31,5.4,24.6,429122,223057330,23132920080,23039,2370240
20260203,20247457,신의악단,2025-12-31,8.7,15.0,262477,207750690,9320936800,22713,979437
20260203,20256396,아바타: 불과 재,2025-12-17,5.4,8.5,147746,102468490,78297137470,8043,6695325
20260203,20247690,시스터,2026-01-28,5.9,7.4,129599,58073400,490096200,7643,57665
20260203,20250686,하우스메이드,2026-01-28,4.2,6.2,109014,41775220,504614040,4573,55508
20260203,20250644,직장상사 길들이기,2026-01-28,3.1,6.9,119669,35242700,594817610,3676,63443
20260203,20252373,넘버원,2026-02-11,99.9,0.2,3521,31644000,38499000,3516,4218
20260203,20252432,주토피아 2,2025-11-26,6.7,2.8,49570,30979950,82520672240,3306,8574245
20260203,20258885,프라이메이트,2026-01-28,4.6,3.8,66189,27799870,319215120,3057,34694
20260203,20242837,왕과 사는 남자,2026-02-04,90.5,0.2,2883,23711000,289281470,2610,29755
20260202,20249255,만약에 우리,2025-12-31,5.6,25.2,432025,235761740,22909862750,24356,2347201
20260202,20247457,신의악단,2025-12-31,8.6,15.1,258828,206671590,9113186110,22340,956724
20260202,20256396,아바타: 불과 재,2025-12-17,5.1,8.6,146572,87419890,78194668980,7396,6687282
20260202,20247690,시스터,2026-01-28,4.0,7.2,124028,41938850,432022800,4976,50022
20260202,20250686,하우스메이드,2026-01-28,4.1,6.4,109946,41418400,462838820,4477,50935
20260202,20250644,직장상사 길들이기,2026-01-28,3.2,7.5,128204,39696250,559574910,4116,59767
20260202,20252432,주토피아 2,2025-11-26,5.9,2.7,46266,26094170,82489692290,2719,8570939
20260202,20258885,프라이메이트,2026-01-28,3.6,3.8,64498,22256000,291415250,2292,31637
20260202,20250482,"신비아파트 10주년 극장판: 한 번 더, 소환",2026-01-14,5.5,2.3,39506,19444300,2654090220,2155,296585
20260202,20249624,프로젝트 Y,2026-01-21,3.1,3.0,51309,14853400,1345196580,1578,137618
20260201,20247457,신의악단,2025-12-31,22.6,14.0,290859,634649070,8906514520,65768,934384
20260201,20249255,만약에 우리,2025-12-31,13.0,23.8,493306,639680650,22674101010,63941,2322845
20260201,20256396,아바타: 불과 재,2025-12-17,14.3,8.3,171282,311428270,78107249090,24485,6679886
20260201,20250482,"신비아파트 10주년 극장판: 한 번 더, 소환",2026-01-14,18.9,4.1,85868,148545450,2634645920,16242,294430
20260201,20252432,주토피아 2,2025-11-26,15.0,3.8,79799,118784650,82463598120,11991,8568220
20260201,20250644,직장상사 길들이기,2026-01-28,7.5,7.3,150333,111888450,519878660,11250,55651
20260201,20247690,시스터,2026-01-28,6.6,7.1,146871,88880740,390083950,9640,45046
20260201,20250686,하우스메이드,2026-01-28,8.0,5.5,114737,89171680,421420420,9199,46458
20260201,20250563,정글비트 2,2026-01-29,10.5,2.0,41654,38360070,106841570,4359,12813
20260201,20258885,프라이메이트,2026-01-28,5.5,3.8,78255,43739110,269159250,4278,29345
20260131,20249255,만약에 우리,2025-12-31,14.9,24.0,529808,781639300,22034420360,78952,2258904
20260131,20247457,신의악단,2025-12-31,19.3,13.7,301801,556384300,8271865450,58132,868616
20260131,20256396,아바타: 불과 재,2025-12-17,16.5,8.2,180159,376313590,77795820820,29770,6655401
20260131,20250644,직장상사 길들이기,2026-01-28,9.2,7.5,166502,150824840,407990210,15291,44401
20260131,20250482,"신비아파트 10주년 극장판: 한 번 더, 소환",2026-01-14,17.6,3.9,86289,136311360,2486100470,15180,278188
20260131,20252432,주토피아 2,2025-11-26,15.9,3.7,81174,126610370,82344813470,12943,8556229
20260131,20250686,하우스메이드,2026-01-28,9.8,5.6,123957,115330310,332248740,12160,37259
20260131,20247690,시스터,2026-01-28,7.0,7.4,163259,106469240,301203210,11488,35406
20260131,20258885,프라이메이트,2026-01-28,6.8,3.9,87114,58397340,225420140,5889,25067
20260131,20249624,프로젝트 Y,2026-01-21,6.6,3.3,72771,49916390,1291247280,4793,132128
20260130,20249255,만약에 우리,2025-12-31,7.8,24.0,470323,368425010,21252781060,36845,2179952
20260130,20247457,신의악단,2025-12-31,10.5,11.9,232862,233002180,7715481150,24438,810484
20260130,20256396,아바타: 불과 재,2025-12-17,7.7,8.3,162278,162096900,77419507230,12419,6625631
20260130,20250644,직장상사 길들이기,2026-01-28,4.5,8.9,173395,75931390,257165370,7725,29110
20260130,20250686,하우스메이드,2026-01-28,6.1,5.9,115058,65343500,216918430,7059,25099
20260130,20247690,시스터,2026-01-28,3.5,8.3,162139,50342300,194733970,5735,23918
20260130,20258885,프라이메이트,2026-01-28,5.0,4.9,96540,45854400,167022800,4862,19178
20260130,20252432,주토피아 2,2025-11-26,8.8,2.4,46746,38801770,82218203100,4096,8543286
20260130,20250482,"신비아파트 10주년 극장판: 한 번 더, 소환",2026-01-14,7.6,2.3,45698,31345560,2349789110,3462,263008
20260130,20242837,왕과 사는 남자,2026-02-04,91.3,0.2,3528,28980000,223380470,3220,22662
20260129,20249255,만약에 우리,2025-12-31,6.7,23.3,433843,279212420,20884356050,28847,2143107
20260129,20247457,신의악단,2025-12-31,11.5,11.6,215409,227822920,7482478970,24710,786046
20260129,20256396,아바타: 불과 재,2025-12-17,6.2,8.1,151736,116616860,77257410330,9420,6613212
20260129,20250644,직장상사 길들이기,2026-01-28,3.9,8.8,163746,60604680,181233980,6419,21385
20260129,20250686,하우스메이드,2026-01-28,5.9,5.8,107532,56415770,151574930,6330,18040
20260129,20247690,시스터,2026-01-28,3.3,8.9,165764,46981070,144391670,5535,18183
20260129,20258885,프라이메이트,2026-01-28,5.0,5.3,98706,45634100,121168400,4927,14316
20260129,20252432,주토피아 2,2025-11-26,8.1,2.3,42286,31876830,82179401330,3435,8539190
20260129,20250482,"신비아파트 10주년 극장판: 한 번 더, 소환",2026-01-14,8.2,2.2,40383,28651600,2318443550,3306,259546
20260129,20249624,프로젝트 Y,2026-01-21,3.8,4.5,84453,29424140,1215128070,3195,124655
20260204,20250686,하우스메이드,2026-01-28,4.2,1.8,35553,14771600,519385640,1509,57017
20260204,20250644,직장상사 길들이기,2026-01-28,5.1,1.5,29619,13742200,608559810,1503,64946
20260204,20252432,주토피아 2,2025-11-26,10.1,0.7,14315,12421980,82533094220,1442,8575687
20260204,20250482,"신비아파트 10주년 극장판: 한 번 더, 소환",2026-01-14,7.5,0.8,16154,10321600,2686885470,1216,300350
20260204,20250563,정글비트 2,2026-01-29,12.9,0.4,9038,8208300,130713720,1167,16153
20260204,20247690,시스터,2026-01-28,4.2,1.4,27303,9766900,499863100,1159,58824
20260204,20250839,영원,2026-02-04,4.1,1.4,26870,10574640,17054640,1087,1673
20260204,20030316,반지의 제왕 : 왕의 귀환,2003-12-17,24.0,0.2,3177,9869190,4948859210,762,744228
20260204,20010083,반지의 제왕 : 반지원정대,2001-12-31,23.7,0.2,3177,9323440,697467650,753,53024
20260204,20020234,반지의 제왕 : 두 개의 탑,2002-12-19,23.0,0.2,3177,9323460,717970840,731,54405
20260204,20258808,뽀로로 극장판 스위트캐슬 대모험,2025-12-11,33.4,0.1,1604,3668400,2281187170,536,262907
20260204,20258885,프라이메이트,2026-01-28,4.3,0.5,10391,4820600,324035720,443,35137
20260204,20256757,극장판 체인소 맨: 레제편,2025-09-24,8.3,0.2,4047,3668680,36217942960,337,3445226
20260204,20250112,극장판 총집편 걸즈 밴드 크라이 청춘광주곡,2026-01-28,3.7,0.4,8776,3298800,113720540,326,11598
20260204,20249624,프로젝트 Y,2026-01-21,4.3,0.4,6935,2675000,1361833480,300,139443
20260204,20258325,스노우 폭스 : 마법의 돌을 찾아서,2026-01-10,57.4,0.0,498,1827000,129579200,286,19514
20260204,20257823,폭풍의 언덕,2026-02-11,100.0,0.0,195,2678000,11759000,195,868
20260204,20250188,하트맨,2026-01-14,4.1,0.2,3314,1082500,2293861070,136,246383
20260204,20226444,극장판 엄마 까투리: 도시로 간 까투리 가족,2022-09-08,53.5,0.0,245,917000,1615918999,131,174887
20260204,20254602,씨너스: 죄인들,2025-05-28,4.9,0.1,2317,1382000,981275540,113,84390
20260204,20227810,에반게리온 신극장판: Q,2022-10-14,3.4,0.2,2997,958700,163717317,103,15681
20260204,20250334,당신이 영화를 그만두면 안 되는 30가지 이유,2026-02-04,5.6,0.1,1813,808000,808000,101,101
20260204,20259383,극장판 짱구는 못말려: 초화려! 작열하는 떡잎마을 댄서즈,2025-12-24,17.6,0.0,569,707500,4618622860,100,486157
20260204,20250299,고고다이노 극장판: 곤충세계 대모험,2026-01-14,6.4,0.1,1196,565500,349986800,77,39170
20260204,20232639,극장판 슈퍼윙스: 맥시멈 스피드,2023-07-20,54.1,0.0,122,462000,1196570958,66,136623
20260204,20248494,우당탕탕 운동회,2024-04-03,72.4,0.0,87,378000,48009500,63,7978
20260204,20254219,"오늘 밤, 세계에서 이 사랑이 사라진다 해도",2025-12-24,5.1,0.0,895,378000,8345202190,46,861220
20260204,20225637,뿌까의 짜장면파티,2022-07-04,20.3,0.0,192,234000,254130500,39,42174
20260204,20209654,헤어질 결심,2022-06-29,80.0,0.0,40,320000,19801170678,32,1910426
20260204,20258324,731,2026-01-21,5.1,0.0,510,259500,288526700,26,31170
20260204,20000089,철도원,2000-02-04,25.0,0.0,88,204500,168280330,22,17333
20260204,20236556,"주사위놀이, 마불 세계여행",2024-01-03,16.9,0.0,130,132000,53693000,22,8942
20260204,20259641,송 썽 블루,2026-01-14,3.5,0.0,288,92000,109350000,10,14229
20260204,20242541,룩백,2024-09-05,6.5,0.0,123,69000,3153548904,8,328170
20260204,19960103,라스베가스를 떠나며,1996-03-01,11.5,0.0,52,60000,46662200,6,4618
20260204,20256173,스폰지밥 무비: 네모바지를 찾아서,2026-01-01,5.9,0.0,34,14000,770862490,2,86301
20260203,20250482,"신비아파트 10주년 극장판: 한 번 더, 소환",2026-01-14,6.1,2.4,41739,22473650,2676563870,2549,299134
20260203,20249624,프로젝트 Y,2026-01-21,3.0,2.9,51098,13961900,1359158480,1525,139143
20260203,20250563,정글비트 2,2026-01-29,8.4,1.0,17063,9881350,122505420,1433,14986
20260203,20250188,하트맨,2026-01-14,6.9,1.0,17985,9607300,2292778570,1233,246247
20260203,20257823,폭풍의 언덕,2026-02-11,100.0,0.0,673,9081000,9081000,673,673
20260203,20254602,씨너스: 죄인들,2025-05-28,4.6,0.7,12701,9137500,979893540,585,84277
20260203,20256757,극장판 체인소 맨: 레제편,2025-09-24,9.7,0.3,4912,5380220,36214274280,475,3444889
20260203,20261439,"2024.12.03 그날 조작된 내란, 감춰진 진실",2026-02-04,76.1,0.0,599,3936000,37659000,456,3700
20260203,20250112,극장판 총집편 걸즈 밴드 크라이 청춘광주곡,2026-01-28,2.5,1.0,17040,4214450,110421740,422,11272
20260203,20258808,뽀로로 극장판 스위트캐슬 대모험,2025-12-11,32.3,0.1,1144,2477500,2277518770,369,262371
20260203,20254219,"오늘 밤, 세계에서 이 사랑이 사라진다 해도",2025-12-24,5.4,0.4,6268,3627000,8344824190,337,861174
20260203,20256397,원 배틀 애프터 어나더,2025-10-01,3.7,0.5,8104,5042500,5711968810,301,536639
20260203,20258324,731,2026-01-21,5.0,0.3,5592,2862900,288267200,281,31144
20260203,20259383,극장판 짱구는 못말려: 초화려! 작열하는 떡잎마을 댄서즈,2025-12-24,5.2,0.2,4263,2249250,4617915360,222,486057
20260203,20030316,반지의 제왕 : 왕의 귀환,2003-12-17,2.4,0.4,7179,2515310,4938990020,169,743466
20260203,20227810,에반게리온 신극장판: Q,2022-10-14,4.5,0.2,3764,1726600,162758617,168,15578
20260203,20250299,고고다이노 극장판: 곤충세계 대모험,2026-01-14,4.6,0.2,3629,1318300,349421300,166,39093
20260203,20258325,스노우 폭스 : 마법의 돌을 찾아서,2026-01-10,54.6,0.0,196,716000,127752200,107,19228
20260203,20000089,철도원,2000-02-04,3.1,0.1,2215,657800,168075830,69,17311
20260203,20249121,"안전제일, 놀이퀴즈 최강전",2024-04-11,73.9,0.0,92,353000,36716000,68,6111
20260203,20210684,두다다쿵: 후후섬의 비밀,2023-02-15,27.0,0.0,196,371000,1139718650,53,126459
20260203,20250333,당신이 영화를 그만두면 안 되는 30가지 이유: 3막 Impact Zone 폭발,2026-01-28,4.0,0.1,1330,159000,2813000,53,799
20260203,20050209,불안은 영혼을 잠식한다,1997-11-22,37.7,0.0,138,520000,14177000,52,1818
20260203,20226444,극장판 엄마 까투리: 도시로 간 까투리 가족,2022-09-08,32.7,0.0,159,312000,1615001999,52,174756
20260203,19950130,트윈 픽스,1995-03-25,11.4,0.0,439,535500,33758482,50,3472
20260203,20245000,핑크퐁과 호기: 새 친구 니니모 1부,2025-03-08,47.1,0.0,70,214500,3103000,33,443
20260203,20241941,좀비딸,2025-07-30,70.3,0.0,37,156000,53137932990,26,5640223
20260203,20070458,냉정과 열정사이,2003-10-10,26.7,0.0,90,168000,456511600,24,56847
20260203,20232639,극장판 슈퍼윙스: 맥시멈 스피드,2023-07-20,27.2,0.0,81,154000,1196108958,22,136557
20260203,20258739,극장판 주술회전: 시부야사변 X 사멸회유,2025-12-03,8.1,0.0,261,217400,3746108530,21,369343
20260203,19960103,라스베가스를 떠나며,1996-03-01,17.6,0.0,91,139000,46602200,16,4612
20260203,20242541,룩백,2024-09-05,11.4,0.0,123,124000,3153479904,14,328162
20260203,19970157,로스트 하이웨이,1997-05-10,8.3,0.0,84,79000,42862522,7,4610
20260203,20259641,송 썽 블루,2026-01-14,1.6,0.0,443,42000,109258000,7,14219
20260203,20255381,위키드: 포 굿,2025-11-19,4.0,0.0,151,53950,9926590400,6,972729
20260203,20261211,인피니트 아이콘: 비주얼 메모아르,2026-01-28,0.9,0.0,344,75000,1500000,3,60
20260203,20249326,윗집 사람들,2025-12-03,5.6,0.0,54,18000,5313377900,3,549367
20260203,20190324,3일의 휴가,2023-12-06,1.1,0.0,92,10000,4965864917,1,530707
20260203,20170841,리틀 포레스트,2018-02-28,1.1,0.0,92,10000,11965762355,1,1511261
20260203,20250515,2대1 : 여자도 하고 싶다,2026-02-03,0.7,0.0,146,6000,6000,1,1
20260203,20261241,유부녀 정복:지배와 복종,2026-02-03,1.2,0.0,83,6000,6000,1,1
20260203,20250430,투 마더스,2026-02-03,0.7,0.0,146,6000,6000,1,1
20260203,20261219,흑인 대물로 물터진 일본 유부녀,2026-02-03,1.2,0.0,83,6000,6000,1,1
20260202,20261181,너자 2,2026-02-25,100.0,0.1,1390,22210000,22210000,1390,1390
20260202,20242837,왕과 사는 남자,2026-02-04,100.0,0.0,840,7560000,265570470,840,27145
20260202,20250563,정글비트 2,2026-01-29,5.2,0.8,14250,5782500,112624070,740,13553
20260202,20250188,하트맨,2026-01-14,3.9,1.1,18566,6380900,2283171270,722,245014
20260202,20254602,씨너스: 죄인들,2025-05-28,4.5,0.8,13067,9809000,970756040,590,83692
20260202,20261439,"2024.12.03 그날 조작된 내란, 감춰진 진실",2026-02-04,74.9,0.0,709,5139000,33723000,531,3244
20260202,20250112,극장판 총집편 걸즈 밴드 크라이 청춘광주곡,2026-01-28,2.7,1.0,18034,4893770,106207290,489,10850
20260202,20256757,극장판 체인소 맨: 레제편,2025-09-24,10.7,0.2,4123,4939940,36208894060,442,3444414
20260202,20250878,노 머시: 90분,2026-02-04,100.0,0.0,400,4624000,68068000,400,7278
20260202,20254219,"오늘 밤, 세계에서 이 사랑이 사라진다 해도",2025-12-24,4.5,0.4,6655,2847300,8341197190,301,860837
20260202,20256397,원 배틀 애프터 어나더,2025-10-01,3.2,0.4,7439,4184500,5706926310,234,536338
20260202,20258324,731,2026-01-21,4.4,0.3,5360,2282700,285404300,233,30863
20260202,20259383,극장판 짱구는 못말려: 초화려! 작열하는 떡잎마을 댄서즈,2025-12-24,5.2,0.2,3560,1791700,4615666110,186,485835
20260202,20030316,반지의 제왕 : 왕의 귀환,2003-12-17,2.3,0.5,8119,2844230,4936474710,184,743297
20260202,20250333,당신이 영화를 그만두면 안 되는 30가지 이유: 3막 Impact Zone 폭발,2026-01-28,9.3,0.1,1586,657000,2654000,147,746
20260202,20227810,에반게리온 신극장판: Q,2022-10-14,3.6,0.2,3826,1332600,161032017,139,15410
20260202,20250299,고고다이노 극장판: 곤충세계 대모험,2026-01-14,3.1,0.2,2713,754500,348103000,84,38927
20260202,19970157,로스트 하이웨이,1997-05-10,19.7,0.0,401,880300,42783522,79,4603
20260202,20258325,스노우 폭스 : 마법의 돌을 찾아서,2026-01-10,26.3,0.0,240,365000,127036200,63,19121
20260202,20060171,이레이저 헤드,1996-07-13,13.3,0.0,465,703800,35457400,62,3700
20260202,20000089,철도원,2000-02-04,2.5,0.1,2126,486400,167418030,54,17242
20260202,20259641,송 썽 블루,2026-01-14,7.9,0.0,633,274000,109216000,50,14212
20260202,20256173,스폰지밥 무비: 네모바지를 찾아서,2026-01-01,35.2,0.0,105,185000,770848490,37,86299
20260202,20258808,뽀로로 극장판 스위트캐슬 대모험,2025-12-11,3.6,0.0,501,168250,2275041270,18,262002
20260202,20258739,극장판 주술회전: 시부야사변 X 사멸회유,2025-12-03,6.8,0.0,207,118400,3745891130,14,369322
20260202,20242541,룩백,2024-09-05,10.6,0.0,123,122000,3153355904,13,328148
20260202,20245000,핑크퐁과 호기: 새 친구 니니모 1부,2025-03-08,32.5,0.0,40,84500,2888500,13,410
20260202,20255381,위키드: 포 굿,2025-11-19,4.4,0.0,136,56500,9926536450,6,972723
20260202,19960103,라스베가스를 떠나며,1996-03-01,4.4,0.0,91,43000,46463200,4,4596
20260202,20170841,리틀 포레스트,2018-02-28,3.3,0.0,92,25000,11965752355,3,1511260
20260202,20261211,인피니트 아이콘: 비주얼 메모아르,2026-01-28,0.7,0.0,146,25000,1425000,1,57
20260202,20261002,데몬 프린스,2026-01-21,0.6,0.0,161,10000,7981500,1,645
20260202,20254469,남편 것 보다 더 좋은 대물,2026-02-02,0.7,0.0,146,6000,6000,1,1
20260202,20261525,아내를 대여합니다,2026-02-02,0.7,0.0,146,6000,6000,1,1
20260202,20252398,오늘밤 이모의 구멍에 넣자,2026-02-02,0.7,0.0,146,6000,6000,1,1
20260202,19920086,달은...해가 꾸는 꿈,1992-02-29,0.0,0.0,212,0,594000,0,99
20260201,20249624,프로젝트 Y,2026-01-21,6.3,3.0,62139,39095900,1330343180,3912,136040
20260201,20250299,고고다이노 극장판: 곤충세계 대모험,2026-01-14,9.1,0.9,19363,17886400,347348500,1761,38843
20260201,20250188,하트맨,2026-01-14,6.4,1.2,25071,15299200,2276790370,1594,244292
20260201,20250112,극장판 총집편 걸즈 밴드 크라이 청춘광주곡,2026-01-28,4.8,1.1,22452,11362400,101313520,1087,10361
20260201,20242837,왕과 사는 남자,2026-02-04,100.0,0.0,906,8154000,258010470,906,26305
20260201,20259383,극장판 짱구는 못말려: 초화려! 작열하는 떡잎마을 댄서즈,2025-12-24,12.4,0.4,7195,8716100,4613874410,892,485649
20260201,20258324,731,2026-01-21,13.4,0.3,6607,7980710,283121600,886,30630
20260201,20254602,씨너스: 죄인들,2025-05-28,6.8,0.6,12922,14720000,960947040,873,83102
20260201,20256757,극장판 체인소 맨: 레제편,2025-09-24,15.1,0.2,4949,8461840,36203954120,745,3443972
20260201,20261439,"2024.12.03 그날 조작된 내란, 감춰진 진실",2026-02-04,76.3,0.0,845,6230000,28584000,645,2713
20260201,20254219,"오늘 밤, 세계에서 이 사랑이 사라진다 해도",2025-12-24,8.1,0.3,6697,5428000,8338349890,544,860536
20260201,20030316,반지의 제왕 : 왕의 귀환,2003-12-17,6.6,0.4,7244,7672030,4933630480,479,743113
20260201,20256397,원 배틀 애프터 어나더,2025-10-01,5.2,0.4,7839,7338000,5702741810,409,536104
20260201,20258808,뽀로로 극장판 스위트캐슬 대모험,2025-12-11,8.7,0.1,2807,2292200,2274873020,244,261984
20260201,20227810,에반게리온 신극장판: Q,2022-10-14,6.7,0.2,3581,2294300,159699417,241,15271
20260201,20000089,철도원,2000-02-04,8.8,0.1,1192,978900,166931630,105,17188
20260201,20250333,당신이 영화를 그만두면 안 되는 30가지 이유: 3막 Impact Zone 폭발,2026-01-28,4.0,0.1,1744,207000,1997000,69,599
20260201,20259641,송 썽 블루,2026-01-14,13.4,0.0,299,330000,108942000,40,14162
20260201,20050096,그리고 삶은 계속된다,1998-03-14,65.4,0.0,52,340000,6076500,34,753
20260201,20261071,분노의 총잡이,2026-01-29,34.3,0.0,99,204000,1272000,34,203
20260201,20256173,스폰지밥 무비: 네모바지를 찾아서,2026-01-01,27.1,0.0,118,336200,770663490,32,86262
20260201,20050097,올리브나무사이로,1997-08-23,61.5,0.0,52,320000,7714000,32,959
20260201,20246777,더 폴: 디렉터스 컷,2024-12-25,77.5,0.0,40,335000,1965190100,31,190105
20260201,20255381,위키드: 포 굿,2025-11-19,34.5,0.0,87,315870,9926479950,30,972717
20260201,20242541,룩백,2024-09-05,16.1,0.0,149,184000,3153233904,24,328135
20260201,20258739,극장판 주술회전: 시부야사변 X 사멸회유,2025-12-03,26.4,0.0,87,241000,3745772730,23,369308
20260201,19970157,로스트 하이웨이,1997-05-10,26.7,0.0,75,218300,41903222,20,4524
20260201,20209654,헤어질 결심,2022-06-29,50.0,0.0,40,160000,19800850678,20,1910394
20260201,20070458,냉정과 열정사이,2003-10-10,20.0,0.0,90,198000,456343600,18,56823
20260201,20258325,스노우 폭스 : 마법의 돌을 찾아서,2026-01-10,4.8,0.0,271,111500,126671200,13,19058
20260201,20261002,데몬 프린스,2026-01-21,2.5,0.0,355,105000,7971500,9,644
20260201,19960103,라스베가스를 떠나며,1996-03-01,5.5,0.0,91,58000,46420200,5,4592
20260201,20261211,인피니트 아이콘: 비주얼 메모아르,2026-01-28,0.9,0.0,430,100000,1400000,4,56
20260201,20249326,윗집 사람들,2025-12-03,4.9,0.0,82,39000,5313359900,4,549364
20260201,20261334,17살은 멈추지 않아!,2026-01-28,2.7,0.0,75,66000,891000,2,81
20260201,20244275,"가정 방문 후, 학부모에게 조교당한 여교사",2026-02-01,3.2,0.0,31,6000,6000,1,1
20260201,20244246,거래처 사장 앞에서 다리 벌리는 여직원,2025-12-11,1.3,0.0,77,6000,12000,1,2
20260201,20244270,거울 너머로 남편 몰래 상사와 즐기는 아내,2025-12-11,1.3,0.0,77,6000,12000,1,2
20260201,20244271,금욕 중인 형부를 다리 벌려 환영하는 처제,2026-02-01,1.3,0.0,77,6000,6000,1,1
20260201,20244274,대학생 동정남 길들이는 옆집 유부녀,2026-02-01,3.2,0.0,31,6000,6000,1,1
20260201,20244276,동정 부하직원 물건에 타락해 버린 사모님,2026-02-01,3.2,0.0,31,6000,6000,1,1
20260201,20244272,발정난 부하직원과 밤새 즐기는 여상사,2026-02-01,1.3,0.0,77,6000,6000,1,1
20260201,20244273,수수하고 과묵한 옆집 누나의 반전 몸매,2026-02-01,3.2,0.0,31,6000,6000,1,1
20260201,20244248,아들 친구의 물건에 몇번이나 함락당한 유부녀,2026-02-01,3.2,0.0,31,6000,6000,1,1
20260201,20244247,출장서비스로 만난 선생님에게 조교 당한 아내,2026-02-01,1.3,0.0,77,6000,6000,1,1
20260131,20250563,정글비트 2,2026-01-29,11.2,1.8,40127,38094100,68481500,4486,8454
20260131,20242837,왕과 사는 남자,2026-02-04,92.8,0.1,2951,26476000,249856470,2737,25399
20260131,20250188,하트맨,2026-01-14,7.5,1.3,27999,19063400,2261491170,2100,242698
20260131,20250299,고고다이노 극장판: 곤충세계 대모험,2026-01-14,8.8,1.0,21669,17964600,329462100,1908,37082
20260131,20250878,노 머시: 90분,2026-02-04,78.4,0.1,1955,15330000,63444000,1532,6878
20260131,20250112,극장판 총집편 걸즈 밴드 크라이 청춘광주곡,2026-01-28,6.0,1.1,24198,15412200,89951120,1440,9274
20260131,20261439,"2024.12.03 그날 조작된 내란, 감춰진 진실",2026-02-04,99.0,0.0,1137,12964000,22354000,1126,2068
20260131,20254602,씨너스: 죄인들,2025-05-28,8.8,0.6,12801,18750000,946227040,1125,82229
20260131,20256757,극장판 체인소 맨: 레제편,2025-09-24,20.6,0.2,5052,11771190,36195492280,1039,3443227
20260131,20254219,"오늘 밤, 세계에서 이 사랑이 사라진다 해도",2025-12-24,10.9,0.4,7866,9081200,8332921890,856,859992
20260131,20259383,극장판 짱구는 못말려: 초화려! 작열하는 떡잎마을 댄서즈,2025-12-24,11.7,0.3,7051,8091100,4605158310,828,484757
20260131,20258324,731,2026-01-21,12.0,0.3,6820,7442870,275140890,818,29744
20260131,20030316,반지의 제왕 : 왕의 귀환,2003-12-17,7.8,0.4,8371,10612380,4925958450,654,742634
20260131,20256397,원 배틀 애프터 어나더,2025-10-01,5.6,0.3,7568,7628500,5695403810,424,535695
20260131,20258808,뽀로로 극장판 스위트캐슬 대모험,2025-12-11,13.9,0.1,2207,2881390,2272580820,307,261740
20260131,20227810,에반게리온 신극장판: Q,2022-10-14,8.7,0.1,3099,2841300,157405117,269,15030
20260131,20250840,바다 탐험대 옥토넛 어보브 앤 비욘드 : 육지생물 구조작전,2026-02-12,100.0,0.0,231,2079000,2079000,231,231
20260131,20250839,영원,2026-02-04,45.0,0.0,298,2412000,6480000,134,586
20260131,20000089,철도원,2000-02-04,5.5,0.1,1632,945400,165952730,90,17083
20260131,20226751,극장판 5등분의 신부,2022-09-22,100.0,0.0,69,483000,673733823,69,62540
20260131,19970157,로스트 하이웨이,1997-05-10,18.7,0.0,331,742100,41684922,62,4504
20260131,20259641,송 썽 블루,2026-01-14,8.1,0.0,731,422000,108612000,59,14122
20260131,20261211,인피니트 아이콘: 비주얼 메모아르,2026-01-28,10.2,0.0,463,1175000,1300000,47,52
20260131,19950130,트윈 픽스,1995-03-25,14.5,0.0,289,467100,33222982,42,3422
20260131,20250333,당신이 영화를 그만두면 안 되는 30가지 이유: 3막 Impact Zone 폭발,2026-01-28,3.0,0.1,1373,123000,1790000,41,530
20260131,19960103,라스베가스를 떠나며,1996-03-01,23.1,0.0,121,238000,46362200,28,4587
20260131,20261002,데몬 프린스,2026-01-21,6.7,0.0,314,230000,7866500,21,635
20260131,20258739,극장판 주술회전: 시부야사변 X 사멸회유,2025-12-03,9.3,0.0,194,201500,3745531730,18,369285
20260131,20256173,스폰지밥 무비: 네모바지를 찾아서,2026-01-01,22.4,0.0,76,175000,770327290,17,86230
20260131,20255381,위키드: 포 굿,2025-11-19,15.7,0.0,102,176900,9926164080,16,972687
20260131,20242541,룩백,2024-09-05,13.0,0.0,123,145000,3153049904,16,328111
20260131,20250062,아이돌리쉬 세븐 퍼스트 비트! 극장총집편 후편,2025-12-12,12.5,0.0,72,94500,29969220,9,3197
20260131,20258325,스노우 폭스 : 마법의 돌을 찾아서,2026-01-10,1.7,0.0,234,40000,126559700,4,19045
20260131,20261334,17살은 멈추지 않아!,2026-01-28,2.7,0.0,75,66000,825000,2,79
20260131,20040704,하나와 앨리스,2004-11-17,4.8,0.0,42,22000,614331440,2,95796
20260131,20212413,수궁,2026-01-01,2.8,0.0,36,8000,1112000,1,215
20260130,20249624,프로젝트 Y,2026-01-21,3.6,3.8,74959,26202820,1241330890,2680,127335
20260130,20250878,노 머시: 90분,2026-02-04,91.1,0.1,2746,22518000,48114000,2502,5346
20260130,20250563,정글비트 2,2026-01-29,8.2,1.4,27460,17001400,30387400,2244,3968
20260130,20256757,극장판 체인소 맨: 레제편,2025-09-24,38.5,0.2,4908,22674540,36183721090,1887,3442188
20260130,20250188,하트맨,2026-01-14,5.0,1.5,28761,12670100,2242427770,1442,240598
20260130,20250112,극장판 총집편 걸즈 밴드 크라이 청춘광주곡,2026-01-28,3.4,1.3,25305,9353110,74538920,871,7834
20260130,20258808,뽀로로 극장판 스위트캐슬 대모험,2025-12-11,40.1,0.1,1489,3588500,2269699430,597,261433
20260130,20254602,씨너스: 죄인들,2025-05-28,4.7,0.6,12575,9368500,927477040,586,81104
20260130,20258324,731,2026-01-21,5.2,0.5,9739,4912900,267698020,509,28926
20260130,20259383,극장판 짱구는 못말려: 초화려! 작열하는 떡잎마을 댄서즈,2025-12-24,9.9,0.2,4779,4212900,4597067210,473,483929
20260130,20250604,극장판 엉덩이 탐정: 스타 앤드 문,2026-02-07,100.0,0.0,408,3264000,3744000,408,488
20260130,20030316,반지의 제왕 : 왕의 귀환,2003-12-17,4.5,0.4,8829,6495590,4915346070,400,741980
20260130,20254219,"오늘 밤, 세계에서 이 사랑이 사라진다 해도",2025-12-24,4.9,0.4,7158,3371500,8323840690,349,859136
20260130,20261439,"2024.12.03 그날 조작된 내란, 감춰진 진실",2026-02-04,86.5,0.0,370,3520000,9390000,320,942
20260130,20256397,원 배틀 애프터 어나더,2025-10-01,3.8,0.4,7743,5682000,5687775310,293,535271
20260130,20254275,킹 오브 킹스,2025-07-16,96.9,0.0,258,1986000,12430837626,250,1318446
20260130,20258325,스노우 폭스 : 마법의 돌을 찾아서,2026-01-10,39.5,0.0,623,1471000,126519700,246,19041
20260130,20227810,에반게리온 신극장판: Q,2022-10-14,5.5,0.2,3457,2001400,154563817,190,14761
20260130,20250299,고고다이노 극장판: 곤충세계 대모험,2026-01-14,4.0,0.2,3926,1299500,311497500,157,35174
20260130,20252373,넘버원,2026-02-11,100.0,0.0,124,1364000,6855000,124,702
20260130,20261210,모험의 세계 원더월드 대탐험,2026-01-29,80.7,0.0,124,1400000,2800000,100,200
20260130,20259641,송 썽 블루,2026-01-14,10.7,0.0,883,606000,108190000,94,14063
20260130,20254501,F1 더 무비,2025-06-25,100.0,0.0,72,992000,54941694370,72,5214985
20260130,20252329,패딩턴: 페루에 가다!,2025-02-19,100.0,0.0,47,329000,1097106900,47,126266
20260130,20000089,철도원,2000-02-04,2.2,0.1,2065,446740,165007330,45,16993
20260130,20250333,당신이 영화를 그만두면 안 되는 30가지 이유: 3막 Impact Zone 폭발,2026-01-28,2.4,0.1,1804,132000,1667000,44,489
20260130,20060171,이레이저 헤드,1996-07-13,31.3,0.0,134,527800,34753600,42,3638
20260130,20210684,두다다쿵: 후후섬의 비밀,2023-02-15,21.3,0.0,174,259000,1139347650,37,126406
20260130,20209654,헤어질 결심,2022-06-29,85.0,0.0,40,374000,19800690678,34,1910374
20260130,20232639,극장판 슈퍼윙스: 맥시멈 스피드,2023-07-20,22.1,0.0,131,174000,1195954958,29,136535
20260130,20242541,룩백,2024-09-05,16.6,0.0,151,206000,3152904904,25,328095
20260130,20258739,극장판 주술회전: 시부야사변 X 사멸회유,2025-12-03,7.0,0.0,328,267900,3745330230,23,369267
20260130,19960103,라스베가스를 떠나며,1996-03-01,4.4,0.0,477,214000,46124200,21,4559
20260130,20212413,수궁,2026-01-01,2.1,0.0,809,92000,1104000,17,214
20260130,20255381,위키드: 포 굿,2025-11-19,11.1,0.0,135,182000,9925987180,15,972671
20260130,19950130,트윈 픽스,1995-03-25,12.5,0.0,48,68000,32755882,6,3380
20260130,20261002,데몬 프린스,2026-01-21,1.5,0.0,389,58000,7636500,6,614
20260130,20170841,리틀 포레스트,2018-02-28,6.5,0.0,92,50000,11965727355,6,1511257
20260130,20258681,후지모토 타츠키 17-26 파트 1,2025-10-24,4.5,0.0,111,43000,283935790,5,26921
20260130,20190324,3일의 휴가,2023-12-06,3.3,0.0,92,22000,4965854917,3,530706
20260130,20261334,17살은 멈추지 않아!,2026-01-28,2.7,0.0,75,66000,759000,2,77
20260130,20261211,인피니트 아이콘: 비주얼 메모아르,2026-01-28,0.6,0.0,343,50000,125000,2,5
20260130,20249326,윗집 사람들,2025-12-03,4.7,0.0,43,24000,5313320900,2,549360
20260130,20256173,스폰지밥 무비: 네모바지를 찾아서,2026-01-01,5.9,0.0,34,14000,770152290,2,86213
20260130,20256025,더 러닝 맨,2025-12-10,0.8,0.0,133,12000,377340860,1,38854
20260130,20250062,아이돌리쉬 세븐 퍼스트 비트! 극장총집편 후편,2025-12-12,1.4,0.0,72,7500,29874720,1,3188
20260130,20250169,8발도 모자라 꽂힌 채로 원하는 여직원,2026-01-30,1.3,0.0,77,6000,6000,1,1
20260130,20250171,내 친구랑 배꼽 맞추는 우리 집 대장,2026-01-30,1.3,0.0,77,6000,6000,1,1
20260130,20250822,다 먹는 AV 여배우가 된 첫사랑,2026-01-30,3.2,0.0,31,6000,6000,1,1
20260130,20250168,부사장에게 마구잡이로 허락한 내 아내,2026-01-30,1.3,0.0,77,6000,6000,1,1
20260130,20250800,빨면서 위로해 준 혀,2026-01-30,3.2,0.0,31,6000,6000,1,1
20260130,20261215,아줌마의 대물 조련법,2026-01-30,1.2,0.0,83,6000,6000,1,1
20260130,20261225,여대생 발정 났으면 삽입해야지,2026-01-30,1.2,0.0,83,6000,6000,1,1
20260130,20250811,입술에 묻은 끈적한 물방울,2026-01-30,3.2,0.0,31,6000,6000,1,1
20260130,20250821,자국 남긴 몇 번의 떨림,2026-01-30,3.2,0.0,31,6000,6000,1,1
20260130,20250170,젊은 냄새 맡고 잔뜩 젖어버린 숙모,2026-01-30,1.3,0.0,77,6000,6000,1,1
20260130,20250810,창문 넘어 흘러들어온 시큼한 색기,2026-01-30,1.3,0.0,77,6000,6000,1,1
20260130,20250799,하얗게 채워진 유부녀 입 속,2026-01-30,3.2,0.0,31,6000,6000,1,1
20260130,20261266,꼬랑 체취의 새엄마,2026-01-30,0.5,0.0,194,1000,1000,1,1
20260130,20261246,남편보다 젊은 남자와 정사,2026-01-30,1.1,0.0,91,1000,1000,1,1
20260130,20261264,보육원의 섹스놀이,2026-01-30,1.1,0.0,91,1000,1000,1,1
20260130,20261247,새아들과 속궁합 좋네,2026-01-30,0.5,0.0,194,1000,1000,1,1
20260130,20261265,처형의 꼭지가 돌아버린 날,2026-01-30,1.1,0.0,91,1000,1000,1,1
20260130,20259662,러브 인 베트남,2026-01-21,0.0,0.0,51,0,3621500,0,385
20260129,20250878,노 머시: 90분,2026-02-04,95.0,0.1,2634,22518000,25596000,2502,2844
20260129,20242837,왕과 사는 남자,2026-02-04,96.0,0.1,2579,23787000,194400470,2475,19442
20260129,20250188,하트맨,2026-01-14,6.9,1.5,27909,16749900,2229757670,1932,239156
20260129,20250563,정글비트 2,2026-01-29,7.9,1.2,21845,13338500,13386000,1717,1724
20260129,20250112,극장판 총집편 걸즈 밴드 크라이 청춘광주곡,2026-01-28,4.3,1.4,26281,11021200,65185810,1117,6963
20260129,20241266,휴민트,2026-02-11,100.0,0.0,624,10608000,16278000,624,1002
20260129,20261439,"2024.12.03 그날 조작된 내란, 감춰진 진실",2026-02-04,94.5,0.0,658,5870000,5870000,622,622
20260129,20254602,씨너스: 죄인들,2025-05-28,3.9,0.7,13199,7754000,918108540,512,80518
20260129,20258324,731,2026-01-21,4.7,0.5,10120,4361300,262785120,473,28417
20260129,20254219,"오늘 밤, 세계에서 이 사랑이 사라진다 해도",2025-12-24,5.6,0.4,6822,3654000,8320469190,379,858787
20260129,20030316,반지의 제왕 : 왕의 귀환,2003-12-17,4.4,0.4,7665,5273670,4908850480,338,741580
20260129,20258808,뽀로로 극장판 스위트캐슬 대모험,2025-12-11,28.3,0.1,1141,2066000,2266110930,323,260836
20260129,20250839,영원,2026-02-04,100.0,0.0,302,2718000,4068000,302,452
20260129,20252373,넘버원,2026-02-11,117.0,0.0,247,2601000,5491000,289,578
20260129,20256397,원 배틀 애프터 어나더,2025-10-01,3.6,0.4,8064,5229000,5682093310,286,534978
20260129,20256757,극장판 체인소 맨: 레제편,2025-09-24,6.6,0.2,3407,2559200,36161046550,226,3440301
20260129,20250299,고고다이노 극장판: 곤충세계 대모험,2026-01-14,5.3,0.2,3809,1577000,310198000,200,35017
20260129,20227810,에반게리온 신극장판: Q,2022-10-14,3.7,0.3,5165,1948800,152562417,190,14571
20260129,20261071,분노의 총잡이,2026-01-29,12.2,0.1,1385,1068000,1068000,169,169
20260129,20250333,당신이 영화를 그만두면 안 되는 30가지 이유: 3막 Impact Zone 폭발,2026-01-28,7.0,0.1,2121,647000,1535000,149,445
20260129,20258325,스노우 폭스 : 마법의 돌을 찾아서,2026-01-10,30.9,0.0,424,785000,125048700,131,18795
20260129,20259383,극장판 짱구는 못말려: 초화려! 작열하는 떡잎마을 댄서즈,2025-12-24,4.9,0.1,2306,1080900,4592854310,114,483456
20260129,20232639,극장판 슈퍼윙스: 맥시멈 스피드,2023-07-20,61.5,0.0,182,784000,1195780958,112,136506
20260129,20261210,모험의 세계 원더월드 대탐험,2026-01-29,80.7,0.0,124,1400000,1400000,100,100
20260129,20000089,철도원,2000-02-04,4.3,0.1,2351,921800,164560590,100,16948
20260129,20225637,뿌까의 짜장면파티,2022-07-04,32.1,0.0,302,582000,253896500,97,42135
20260129,20256173,스폰지밥 무비: 네모바지를 찾아서,2026-01-01,28.4,0.0,306,626000,770138290,87,86211
20260129,20250586,주희에게,2026-04-15,46.2,0.0,173,720000,3771000,80,419
20260129,19950130,트윈 픽스,1995-03-25,9.5,0.0,401,378200,32687882,38,3374
20260129,20259641,송 썽 블루,2026-01-14,8.1,0.0,360,213000,107584000,29,13969
20260129,20246777,더 폴: 디렉터스 컷,2024-12-25,70.0,0.0,40,196000,1964855100,28,190074
20260129,20255381,위키드: 포 굿,2025-11-19,14.1,0.0,135,196000,9925805180,19,972656
20260129,20242541,룩백,2024-09-05,12.6,0.0,151,158000,3152698904,19,328070
20260129,20070458,냉정과 열정사이,2003-10-10,13.3,0.0,90,120000,456145600,12,56805
20260129,20050097,올리브나무사이로,1997-08-23,17.3,0.0,52,90000,7394000,9,927
20260129,19960103,라스베가스를 떠나며,1996-03-01,3.3,0.0,243,73000,45910200,8,4538
20260129,20258739,극장판 주술회전: 시부야사변 X 사멸회유,2025-12-03,6.9,0.0,102,60700,3745062330,7,369244
20260129,20261104,클라이밍: 더 사운드,2026-01-22,5.4,0.0,93,30000,777000,5,98
20260129,20170841,리틀 포레스트,2018-02-28,3.3,0.0,92,24000,11965677355,3,1511251
20260129,20261334,17살은 멈추지 않아!,2026-01-28,2.7,0.0,75,66000,693000,2,75
20260129,20261002,데몬 프린스,2026-01-21,1.5,0.0,135,24000,7578500,2,608
20260129,20250062,아이돌리쉬 세븐 퍼스트 비트! 극장총집편 후편,2025-12-12,2.8,0.0,72,16000,29867220,2,3187
20260129,20261211,인피니트 아이콘: 비주얼 메모아르,2026-01-28,0.5,0.0,200,25000,75000,1,3
20260129,20261224,고마우면 아랫도리에 보답해 줘,2026-01-29,1.2,0.0,83,6000,6000,1,1
20260129,20261214,미시녀 깊은 곳에서 꿈틀대는 대물,2026-01-29,1.2,0.0,83,6000,6000,1,1
20260211,20241266,휴민트,2026-02-11,12.5,44.1,932561,1105412630,1307061030,116740,131625
20260211,20242837,왕과 사는 남자,2026-02-04,15.5,26.5,561069,811327260,12086565200,86924,1281974
20260211,20252373,넘버원,2026-02-11,9.0,9.0,191368,156190180,355397790,17231,37320
20260211,20257823,폭풍의 언덕,2026-02-11,11.3,4.4,92755,99077490,123243490,10479,12000
20260211,20247457,신의악단,2025-12-31,11.7,3.2,67782,74424000,10931717750,7920,1150872
20260211,20261439,"2024.12.03 그날 조작된 내란, 감춰진 진실",2026-02-04,9.7,3.4,71085,62567870,1477954260,6863,149561
20260211,20249255,만약에 우리,2025-12-31,11.0,2.7,56647,63178670,24586423630,6256,2514522
20260211,20261526,아이엠스타!X프리파라 더 무비 -만남의 기적!-,2026-02-04,45.3,0.6,13775,64810900,309988900,6239,28984
20260211,20261041,스트레이 키즈 : 더 도미네이트 익스피리언스,2026-02-04,28.3,0.5,9784,69242000,437331000,2770,16881
20260211,20250878,노 머시: 90분,2026-02-04,10.0,1.0,21629,18848400,730094850,2157,75226
20260210,20242837,왕과 사는 남자,2026-02-04,9.9,50.4,966590,878997090,11275237940,95582,1195050
20260210,20247457,신의악단,2025-12-31,8.9,7.9,151389,124291650,10857293750,13519,1142952
20260210,20249255,만약에 우리,2025-12-31,7.2,8.6,165156,117464500,24523244960,11804,2508266
20260210,20261439,"2024.12.03 그날 조작된 내란, 감춰진 진실",2026-02-04,9.8,5.7,108898,99976790,1415386390,10705,142698
20260210,20250878,노 머시: 90분,2026-02-04,5.5,6.4,122452,60917400,711246450,6689,73069
20260210,20256396,아바타: 불과 재,2025-12-17,7.5,2.6,49373,47725480,78756242920,3692,6731026
20260210,20250686,하우스메이드,2026-01-28,7.8,1.4,26913,19306600,622014020,2104,67329
20260210,20252432,주토피아 2,2025-11-26,10.5,0.7,13520,12213400,82693338890,1413,8592191
20260210,20247690,시스터,2026-01-28,7.0,1.0,18499,8892500,576605780,1296,69076
20260210,20250644,직장상사 길들이기,2026-01-28,3.8,1.7,32058,11552450,705576200,1222,74886
20260209,20242837,왕과 사는 남자,2026-02-04,10.2,50.8,964995,908223980,10396240850,98379,1099468
20260209,20247457,신의악단,2025-12-31,8.8,8.1,153814,126365090,10733002100,13546,1129433
20260209,20249255,만약에 우리,2025-12-31,7.3,8.7,164767,119794060,24405780460,12057,2496462
20260209,20261439,"2024.12.03 그날 조작된 내란, 감춰진 진실",2026-02-04,10.9,5.6,106137,106802570,1315409600,11513,131993
20260209,20250878,노 머시: 90분,2026-02-04,4.7,6.3,118908,52524140,650329050,5531,66380
20260209,20256396,아바타: 불과 재,2025-12-17,6.2,2.5,47420,36972650,78708517440,2942,6727334
20260209,20252373,넘버원,2026-02-11,93.9,0.1,2130,18009000,199207610,2001,20089
20260209,20247690,시스터,2026-01-28,7.4,1.2,22045,11040700,567713280,1639,67780
20260209,20250686,하우스메이드,2026-01-28,5.4,1.3,25082,12947500,602707420,1359,65225
20260209,20261526,아이엠스타!X프리파라 더 무비 -만남의 기적!-,2026-02-04,6.4,1.0,19193,12832300,234446700,1230,21693
20260208,20242837,왕과 사는 남자,2026-02-04,29.2,49.1,1053723,2941919760,9488016870,308083,1001089
20260208,20247457,신의악단,2025-12-31,28.9,8.1,173292,473717660,10606637010,50022,1115887
20260208,20249255,만약에 우리,2025-12-31,17.3,8.1,174195,309809740,24285986400,30125,2484405
20260208,20261439,"2024.12.03 그날 조작된 내란, 감춰진 진실",2026-02-04,28.4,4.7,100672,289449390,1208607030,28593,120480
20260208,20250878,노 머시: 90분,2026-02-04,8.9,6.3,135462,123460180,597804910,11996,60849
20260208,20250604,극장판 엉덩이 탐정: 스타 앤드 문,2026-02-07,21.2,2.2,47747,79331600,160979800,10111,20692
20260208,20256396,아바타: 불과 재,2025-12-17,16.7,2.4,50603,108147600,78671544790,8440,6724392
20260208,20250482,"신비아파트 10주년 극장판: 한 번 더, 소환",2026-01-14,21.0,1.8,39514,77378350,2859772140,8313,319083
20260208,20252432,주토피아 2,2025-11-26,19.9,1.3,27623,55268510,82670737390,5485,8589640
20260208,20261041,스트레이 키즈 : 더 도미네이트 익스피리언스,2026-02-04,15.9,1.4,31234,131590000,331469000,4961,12707
20260207,20242837,왕과 사는 남자,2026-02-04,29.0,49.8,1127081,3145705860,6546097110,327112,693006
20260207,20247457,신의악단,2025-12-31,20.2,7.9,179248,349577890,10132919350,36204,1065865
20260207,20249255,만약에 우리,2025-12-31,18.2,8.2,184363,341705880,23976176660,33549,2454280
20260207,20261439,"2024.12.03 그날 조작된 내란, 감춰진 진실",2026-02-04,32.5,4.2,94698,308584790,919157640,30812,91887
20260207,20250878,노 머시: 90분,2026-02-04,10.3,6.4,145168,153644120,474344730,15000,48853
20260207,20250604,극장판 엉덩이 탐정: 스타 앤드 문,2026-02-07,20.3,2.2,49421,77556200,81648200,10039,10581
20260207,20256396,아바타: 불과 재,2025-12-17,18.4,2.3,51872,130633720,78563397190,9541,6715952
20260207,20250482,"신비아파트 10주년 극장판: 한 번 더, 소환",2026-01-14,17.8,1.8,41447,68590820,2782393790,7377,310770
20260207,20241266,휴민트,2026-02-11,85.9,0.3,6699,83121800,146166800,5752,10841
20260207,20252432,주토피아 2,2025-11-26,18.5,1.3,28494,53369660,82615468880,5258,8584155
20260206,20242837,왕과 사는 남자,2026-02-04,12.0,50.6,1051712,1203723060,3400391250,126625,365894
20260206,20261439,"2024.12.03 그날 조작된 내란, 감춰진 진실",2026-02-04,35.0,2.9,60532,215796130,610572850,21207,61075
20260206,20249255,만약에 우리,2025-12-31,9.8,9.2,192300,191515910,23634470780,18795,2420731
20260206,20247457,신의악단,2025-12-31,10.8,7.8,162080,167044350,9783341460,17564,1029661
20260206,20250878,노 머시: 90분,2026-02-04,5.5,7.9,164733,87072180,320700610,9002,33853
20260206,20256396,아바타: 불과 재,2025-12-17,9.0,2.6,53443,66444400,78432763470,4784,6706411
20260206,20261526,아이엠스타!X프리파라 더 무비 -만남의 기적!-,2026-02-04,19.4,0.8,17707,38211100,158518000,3431,14489
20260206,20250686,하우스메이드,2026-01-28,5.8,1.5,31530,18810960,551608300,1825,60214
20260206,20252432,주토피아 2,2025-11-26,10.6,0.8,16297,15811000,82562099220,1731,8578897
20260206,20250482,"신비아파트 10주년 극장판: 한 번 더, 소환",2026-01-14,8.9,0.9,19240,15566000,2713802970,1717,303393
20260205,20242837,왕과 사는 남자,2026-02-04,9.3,50.0,990702,831148510,2196668190,91731,239269
20260205,20261439,"2024.12.03 그날 조작된 내란, 감춰진 진실",2026-02-04,44.8,2.2,44699,194891900,394776720,20036,39868
20260205,20247457,신의악단,2025-12-31,11.7,7.6,150178,160124840,9616297110,17621,1012097
20260205,20249255,만약에 우리,2025-12-31,8.8,8.9,177188,152594860,23442954870,15556,2401936
20260205,20250878,노 머시: 90분,2026-02-04,4.2,8.8,175192,70774070,233628430,7421,24851
20260205,20252373,넘버원,2026-02-11,99.5,0.3,5603,50166000,103101000,5574,11396
20260205,20261526,아이엠스타!X프리파라 더 무비 -만남의 기적!-,2026-02-04,22.7,0.9,17575,43196600,120306900,3994,11058
20260205,20256396,아바타: 불과 재,2025-12-17,7.0,2.3,44934,34790340,78366319070,3160,6701627
20260205,20250112,극장판 총집편 걸즈 밴드 크라이 청춘광주곡,2026-01-28,27.5,0.5,9076,23974710,137695250,2499,14097
20260205,20247690,시스터,2026-01-28,5.9,1.3,26640,11240100,511103200,1566,60390
20260211,20250604,극장판 엉덩이 탐정: 스타 앤드 문,2026-02-07,11.7,0.5,10900,8351100,185970500,1272,24066
20260211,20250839,영원,2026-02-04,13.6,0.2,5348,4386200,99698850,726,9288
20260211,20252432,주토피아 2,2025-11-26,16.3,0.2,4025,5254400,82698593290,656,8592847
20260211,20250482,"신비아파트 10주년 극장판: 한 번 더, 소환",2026-01-14,9.1,0.3,5978,4586800,2881281240,545,321584
20260211,20261304,언더닌자,2026-02-05,15.0,0.2,3382,2056100,15992120,508,3169
20260211,20250563,정글비트 2,2026-01-29,25.3,0.1,1908,2904300,162559520,482,20786
20260211,20250365,햄넷,2026-02-25,45.1,0.0,1062,4636100,17924150,479,1801
20260211,20256757,극장판 체인소 맨: 레제편,2025-09-24,17.4,0.1,1824,3156940,36252074590,317,3448321
20260211,20256396,아바타: 불과 재,2025-12-17,11.3,0.1,2315,2708200,78758951120,261,6731287
20260211,20250299,고고다이노 극장판: 곤충세계 대모험,2026-01-14,6.7,0.1,1984,994500,369296200,133,41290
20260211,20232639,극장판 슈퍼윙스: 맥시멈 스피드,2023-07-20,32.5,0.0,391,889000,1198208958,127,136857
20260211,20210684,두다다쿵: 후후섬의 비밀,2023-02-15,48.3,0.0,259,875000,1142034650,125,126799
20260211,20259641,송 썽 블루,2026-01-14,24.9,0.0,495,892000,111191500,123,14459
20260211,20226444,극장판 엄마 까투리: 도시로 간 까투리 가족,2022-09-08,50.9,0.0,228,812000,1619369999,116,175389
20260211,20227810,에반게리온 신극장판: Q,2022-10-14,8.2,0.1,1387,1076800,173605417,113,16717
20260211,20250112,극장판 총집편 걸즈 밴드 크라이 청춘광주곡,2026-01-28,4.3,0.1,2613,1171700,168546920,111,17014
20260211,20258324,731,2026-01-21,41.8,0.0,256,1063000,296742100,107,31989
20260211,20247690,시스터,2026-01-28,4.9,0.1,1937,739000,577344780,95,69171
20260211,20232662,삼악도,2026-03-11,100.0,0.0,72,504000,504000,72,72
20260211,20225637,뿌까의 짜장면파티,2022-07-04,22.8,0.0,233,318000,255306500,53,42370
20260211,20258325,스노우 폭스 : 마법의 돌을 찾아서,2026-01-10,68.8,0.0,77,318000,133701200,53,20125
20260211,20256397,원 배틀 애프터 어나더,2025-10-01,14.5,0.0,345,512000,5726975180,50,538085
20260211,20259383,극장판 짱구는 못말려: 초화려! 작열하는 떡잎마을 댄서즈,2025-12-24,9.4,0.0,524,434400,4628675160,49,487217
20260211,20246777,더 폴: 디렉터스 컷,2024-12-25,67.5,0.0,40,258000,1965832100,27,190168
20260211,20250686,하우스메이드,2026-01-28,9.8,0.0,266,255000,622269020,26,67355
20260211,20256320,부고니아,2025-11-05,5.2,0.0,479,225000,735821900,25,73390
20260211,19790096,무숙자,1976-04-03,10.9,0.0,230,157000,556000,25,198
20260211,20209654,헤어질 결심,2022-06-29,60.0,0.0,40,240000,19801970678,24,1910490
20260211,20250644,직장상사 길들이기,2026-01-28,8.9,0.0,169,139500,705715700,15,74901
20260211,20249624,프로젝트 Y,2026-01-21,5.6,0.0,195,100000,1373100060,11,140675
20260211,20000089,철도원,2000-02-04,26.2,0.0,42,76000,168417330,11,17353
20260211,20261104,클라이밍: 더 사운드,2026-01-22,7.8,0.0,128,60000,867000,10,113
20260211,20242541,룩백,2024-09-05,9.1,0.0,88,65000,3154519704,8,328294
20260211,20250188,하트맨,2026-01-14,1.3,0.0,527,48500,2300304970,7,247086
20260211,20070458,냉정과 열정사이,2003-10-10,4.4,0.0,90,40000,456878600,4,56883
20260211,19960103,라스베가스를 떠나며,1996-03-01,5.8,0.0,52,30000,46736200,3,4625
20260211,20258808,뽀로로 극장판 스위트캐슬 대모험,2025-12-11,1.2,0.0,245,24500,2291787470,3,264369
20260211,20249326,윗집 사람들,2025-12-03,3.6,0.0,55,17000,5313495900,2,549378
20260211,20256173,스폰지밥 무비: 네모바지를 찾아서,2026-01-01,5.9,0.0,34,14000,773187690,2,86509
20260211,20258885,프라이메이트,2026-01-28,0.7,0.0,142,6000,347739820,1,37256
20260211,19970111,파고,1997-03-15,0.0,0.0,77,0,0,0,0
20260210,20250604,극장판 엉덩이 탐정: 스타 앤드 문,2026-02-07,6.1,1.0,18984,9215000,177619400,1157,22794
20260210,20250482,"신비아파트 10주년 극장판: 한 번 더, 소환",2026-01-14,6.8,0.8,15867,9249500,2876694440,1077,321039
20260210,20261526,아이엠스타!X프리파라 더 무비 -만남의 기적!-,2026-02-04,5.3,1.0,20019,10731300,245178000,1052,22745
20260210,20250563,정글비트 2,2026-01-29,27.3,0.2,3034,5442800,159655220,828,20304
20260210,20261041,스트레이 키즈 : 더 도미네이트 익스피리언스,2026-02-04,2.8,1.3,25387,18435000,368089000,702,14111
20260210,20250839,영원,2026-02-04,3.2,1.0,18708,5793060,95312650,601,8562
20260210,20261181,너자 2,2026-02-25,100.0,0.0,589,4123000,27101000,589,2043
20260210,20258324,731,2026-01-21,42.0,0.1,1226,5183000,295679100,515,31882
20260210,20254602,씨너스: 죄인들,2025-05-28,5.0,0.4,7845,4282800,1009120440,395,86914
20260210,20256757,극장판 체인소 맨: 레제편,2025-09-24,12.2,0.2,3146,3879020,36248917650,384,3448004
20260210,20250365,햄넷,2026-02-25,9.6,0.2,3880,3733650,13288050,372,1322
20260210,20030316,반지의 제왕 : 왕의 귀환,2003-12-17,21.0,0.1,1544,4717830,4989910010,324,747043
20260210,20258885,프라이메이트,2026-01-28,5.2,0.3,6204,3485900,347733820,320,37255
20260210,20261304,언더닌자,2026-02-05,4.5,0.3,6610,1485270,13936020,297,2661
20260210,20250112,극장판 총집편 걸즈 밴드 크라이 청춘광주곡,2026-01-28,4.1,0.4,6948,2722550,167375220,283,16903
20260210,20020234,반지의 제왕 : 두 개의 탑,2002-12-19,15.2,0.1,1544,3313450,748627460,234,56584
20260210,20010083,반지의 제왕 : 반지원정대,2001-12-31,13.8,0.1,1544,2877830,723377230,213,54968
20260210,20256397,원 배틀 애프터 어나더,2025-10-01,3.4,0.3,5059,1793900,5726463180,174,538035
20260210,20249624,프로젝트 Y,2026-01-21,3.5,0.2,4641,1480300,1373000060,160,140664
20260210,20250299,고고다이노 극장판: 곤충세계 대모험,2026-01-14,9.4,0.1,1612,1152000,368301700,151,41157
20260210,20226444,극장판 엄마 까투리: 도시로 간 까투리 가족,2022-09-08,54.8,0.0,272,980000,1618557999,149,175273
20260210,20227810,에반게리온 신극장판: Q,2022-10-14,7.7,0.1,1687,1186600,172528617,129,16604
20260210,20241266,휴민트,2026-02-11,50.0,0.0,232,1160000,201648400,116,14885
20260210,20232639,극장판 슈퍼윙스: 맥시멈 스피드,2023-07-20,46.1,0.0,232,749000,1197319958,107,136730
20260210,20258808,뽀로로 극장판 스위트캐슬 대모험,2025-12-11,16.4,0.0,578,645000,2291762970,95,264366
20260210,20259383,극장판 짱구는 못말려: 초화려! 작열하는 떡잎마을 댄서즈,2025-12-24,7.0,0.1,1104,667500,4628240760,77,487168
20260210,20250188,하트맨,2026-01-14,2.6,0.1,2489,557000,2300256470,64,247079
20260210,20250334,당신이 영화를 그만두면 안 되는 30가지 이유,2026-02-04,3.4,0.1,1900,512000,5057000,64,606
20260210,20258325,스노우 폭스 : 마법의 돌을 찾아서,2026-01-10,24.1,0.0,216,372000,133383200,52,20072
20260210,20261210,모험의 세계 원더월드 대탐험,2026-01-29,31.3,0.0,128,280000,3080000,40,240
20260210,20254219,"오늘 밤, 세계에서 이 사랑이 사라진다 해도",2025-12-24,3.9,0.0,800,265500,8348588090,31,861581
20260210,20225637,뿌까의 짜장면파티,2022-07-04,20.4,0.0,142,174000,254988500,29,42317
20260210,20242541,룩백,2024-09-05,21.1,0.0,123,221800,3154454704,26,328286
20260210,20255381,위키드: 포 굿,2025-11-19,20.6,0.0,102,200110,9927437710,21,972813
20260210,20050096,그리고 삶은 계속된다,1998-03-14,22.0,0.0,50,110000,6523500,11,798
20260210,20258739,극장판 주술회전: 시부야사변 X 사멸회유,2025-12-03,4.6,0.0,218,109000,3746238530,10,369356
20260210,20261598,프로젝트 아스트로,2026-02-05,10.4,0.0,96,60000,807000,10,103
20260210,20060171,이레이저 헤드,1996-07-13,5.3,0.0,76,40000,35802000,4,3729
20260210,20070458,냉정과 열정사이,2003-10-10,4.4,0.0,90,28000,456838600,4,56879
20260210,20258633,후지모토 타츠키 17-26 파트 2,2025-10-24,2.7,0.0,111,26000,290237360,3,27080
20260210,20258681,후지모토 타츠키 17-26 파트 1,2025-10-24,1.8,0.0,111,17000,283952790,2,26923
20260210,20256173,스폰지밥 무비: 네모바지를 찾아서,2026-01-01,5.9,0.0,34,14000,773173690,2,86507
20260210,20254755,끝까지 닿는 대물 마사지,2026-02-10,0.7,0.0,146,6000,6000,1,1
20260210,20254470,대물에 환장하는 여친,2026-02-10,0.7,0.0,146,6000,6000,1,1
20260210,20250791,위기의 스튜어디스 : 기장이 노린다,2026-02-10,0.7,0.0,146,6000,6000,1,1
20260210,20250124,음란하게 큰 딸,2026-02-10,0.7,0.0,146,6000,6000,1,1
20260210,20250516,착한 엄마들 2,2026-02-10,0.7,0.0,146,6000,6000,1,1
20260210,20250104,형수와의 끝없는 번식 본능,2026-02-10,0.7,0.0,146,6000,6000,1,1
20260210,20259641,송 썽 블루,2026-01-14,0.0,0.0,150,0,110299500,0,14336
20260209,20252432,주토피아 2,2025-11-26,8.1,0.7,14044,10388100,82681125490,1138,8590778
20260209,20250644,직장상사 길들이기,2026-01-28,3.4,1.6,29359,9712000,694023750,994,73664
20260209,20250604,극장판 엉덩이 탐정: 스타 앤드 문,2026-02-07,5.5,0.9,17300,7424600,168404400,945,21637
20260209,20250482,"신비아파트 10주년 극장판: 한 번 더, 소환",2026-01-14,6.0,0.8,14652,7672800,2867444940,879,319962
20260209,20250839,영원,2026-02-04,3.9,1.1,20622,7742350,89519590,799,7961
20260209,20261041,스트레이 키즈 : 더 도미네이트 익스피리언스,2026-02-04,2.7,1.4,26048,18185000,349654000,702,13409
20260209,20261208,귀신 부르는 앱: 영,2026-02-18,100.0,0.0,640,4480000,4480000,640,640
20260209,20250563,정글비트 2,2026-01-29,20.8,0.1,2106,2920300,154212420,437,19476
20260209,20256757,극장판 체인소 맨: 레제편,2025-09-24,11.9,0.2,3567,4236610,36245038630,424,3447620
20260209,20254602,씨너스: 죄인들,2025-05-28,4.5,0.4,7150,3411800,1004837640,320,86519
20260209,20258885,프라이메이트,2026-01-28,5.2,0.3,5833,3505300,344247920,305,36935
20260209,20261304,언더닌자,2026-02-05,5.2,0.3,5629,1532750,12450750,295,2364
20260209,20250112,극장판 총집편 걸즈 밴드 크라이 청춘광주곡,2026-01-28,4.3,0.3,6088,2465050,164652670,263,16620
20260209,20030316,반지의 제왕 : 왕의 귀환,2003-12-17,13.1,0.1,1476,2780410,4985192180,194,746719
20260209,20020234,반지의 제왕 : 두 개의 탑,2002-12-19,11.5,0.1,1476,2408470,745314010,169,56350
20260209,20256397,원 배틀 애프터 어나더,2025-10-01,3.2,0.3,5342,1716000,5724669280,169,537861
20260209,20010083,반지의 제왕 : 반지원정대,2001-12-31,10.5,0.1,1476,2151030,720499400,155,54755
20260209,20249624,프로젝트 Y,2026-01-21,3.1,0.2,4060,1134700,1371519760,124,140504
20260209,20250299,고고다이노 극장판: 곤충세계 대모험,2026-01-14,6.1,0.1,1601,733500,367149700,98,41006
20260209,20227810,에반게리온 신극장판: Q,2022-10-14,4.6,0.1,1841,803900,171342017,84,16475
20260209,20250365,햄넷,2026-02-25,3.6,0.1,2223,822600,9554400,81,950
20260209,20225637,뿌까의 짜장면파티,2022-07-04,22.2,0.0,307,408000,254814500,68,42288
20260209,20258325,스노우 폭스 : 마법의 돌을 찾아서,2026-01-10,21.1,0.0,265,318000,133011200,56,20020
20260209,20250334,당신이 영화를 그만두면 안 되는 30가지 이유,2026-02-04,3.1,0.1,1636,408000,4545000,51,542
20260209,20259383,극장판 짱구는 못말려: 초화려! 작열하는 떡잎마을 댄서즈,2025-12-24,6.3,0.0,778,477500,4627573260,49,487091
20260209,20250188,하트맨,2026-01-14,2.4,0.1,1784,376500,2299699470,42,247015
20260209,20258808,뽀로로 극장판 스위트캐슬 대모험,2025-12-11,9.4,0.0,436,296500,2291117970,41,264271
20260209,20254219,"오늘 밤, 세계에서 이 사랑이 사라진다 해도",2025-12-24,3.8,0.0,1031,386000,8348322590,39,861550
20260209,20244361,히어,2025-02-19,100.0,0.0,36,324000,130018160,36,15676
20260209,20258324,731,2026-01-21,5.2,0.0,440,271500,290496100,23,31367
20260209,20242541,룩백,2024-09-05,13.9,0.0,151,168000,3154232904,21,328260
20260209,20261598,프로젝트 아스트로,2026-02-05,7.1,0.0,141,60000,747000,10,93
20260209,20255381,위키드: 포 굿,2025-11-19,6.9,0.0,102,69100,9927237600,7,972792
20260209,20249326,윗집 사람들,2025-12-03,6.4,0.0,63,44000,5313478900,4,549376
20260209,19950130,트윈 픽스,1995-03-25,1.3,0.0,76,14000,34729882,1,3557
20260209,19920086,달은...해가 꾸는 꿈,1992-02-29,0.0,0.0,212,0,594000,0,99
20260208,20241266,휴민트,2026-02-11,78.7,0.2,4989,54321600,200488400,3928,14769
20260208,20252373,넘버원,2026-02-11,88.3,0.2,4095,43056600,181198610,3614,18088
20260208,20261526,아이엠스타!X프리파라 더 무비 -만남의 기적!-,2026-02-04,12.7,1.1,23708,31784300,221614400,2999,20463
20260208,20250644,직장상사 길들이기,2026-01-28,7.0,1.3,28631,19995600,684311750,1989,72670
20260208,20247690,시스터,2026-01-28,8.3,1.0,22104,13982300,556672580,1837,66141
20260208,20250839,영원,2026-02-04,9.1,0.9,18912,21080210,81777240,1711,7162
20260208,20250686,하우스메이드,2026-01-28,7.0,1.0,20751,15210420,589759920,1461,63866
20260208,20030316,반지의 제왕 : 왕의 귀환,2003-12-17,28.4,0.1,2964,12350790,4982411770,841,746525
20260208,20250112,극장판 총집편 걸즈 밴드 크라이 청춘광주곡,2026-01-28,10.1,0.4,7949,9036040,162187620,804,16357
20260208,20250840,바다 탐험대 옥토넛 어보브 앤 비욘드 : 육지생물 구조작전,2026-02-12,31.5,0.1,2546,8101000,17900600,803,1796
20260208,20250299,고고다이노 극장판: 곤충세계 대모험,2026-01-14,8.2,0.4,9253,7579800,366416200,757,40908
20260208,20250563,정글비트 2,2026-01-29,14.8,0.2,4508,5098100,151292120,667,19039
20260208,20256757,극장판 체인소 맨: 레제편,2025-09-24,18.4,0.2,3595,7601920,36240802020,661,3447196
20260208,20020234,반지의 제왕 : 두 개의 탑,2002-12-19,20.8,0.1,2964,8755420,742905540,617,56181
20260208,20010083,반지의 제왕 : 반지원정대,2001-12-31,18.2,0.1,2964,7171620,718348370,538,54600
20260208,20254602,씨너스: 죄인들,2025-05-28,6.7,0.4,7508,5734700,1001425840,502,86199
20260208,20250419,강다니엘: 홀드 유어 브레스,2026-01-07,66.7,0.0,721,12025000,155844500,481,6235
20260208,20261304,언더닌자,2026-02-05,5.8,0.3,6357,2058400,10918000,369,2069
20260208,20259383,극장판 짱구는 못말려: 초화려! 작열하는 떡잎마을 댄서즈,2025-12-24,18.1,0.1,1960,3447200,4627095760,355,487042
20260208,20258885,프라이메이트,2026-01-28,5.6,0.2,5165,3267200,340742620,287,36630
20260208,20256397,원 배틀 애프터 어나더,2025-10-01,4.9,0.2,4774,2424170,5722953280,232,537692
20260208,20250188,하트맨,2026-01-14,7.2,0.1,3070,1968500,2299322970,220,246973
20260208,20249624,프로젝트 Y,2026-01-21,5.0,0.2,4205,1840000,1370385060,209,140380
20260208,20258808,뽀로로 극장판 스위트캐슬 대모험,2025-12-11,14.5,0.0,1174,1566800,2290821470,170,264230
20260208,20227810,에반게리온 신극장판: Q,2022-10-14,10.4,0.1,1523,1498600,170538117,159,16391
20260208,20258501,마사이 크로스,2025-11-20,100.0,0.0,157,1727000,30068300,157,2929
20260208,20250365,햄넷,2026-02-25,4.8,0.1,2235,1098100,8731800,107,869
20260208,20254219,"오늘 밤, 세계에서 이 사랑이 사라진다 해도",2025-12-24,6.9,0.1,1270,847600,8347936590,88,861511
20260208,20250334,당신이 영화를 그만두면 안 되는 30가지 이유,2026-02-04,4.0,0.1,1961,624000,4137000,78,491
20260208,20258324,731,2026-01-21,13.0,0.0,439,604100,290224600,57,31344
20260208,20254275,킹 오브 킹스,2025-07-16,95.0,0.0,40,228000,12431065626,38,1318484
20260208,19950130,트윈 픽스,1995-03-25,19.3,0.0,192,435100,34715882,37,3556
20260208,20255381,위키드: 포 굿,2025-11-19,10.1,0.0,306,312500,9927168500,31,972785
20260208,20253906,프레디의 피자가게 2,2025-12-03,100.0,0.0,30,330000,2325619770,30,236613
20260208,20259641,송 썽 블루,2026-01-14,9.3,0.0,281,273500,110299500,26,14336
20260208,20050097,올리브나무사이로,1997-08-23,38.5,0.0,52,200000,8261000,20,1014
20260208,20070458,냉정과 열정사이,2003-10-10,21.1,0.0,90,209000,456810600,19,56875
20260208,20050096,그리고 삶은 계속된다,1998-03-14,36.5,0.0,52,190000,6413500,19,787
20260208,20060171,이레이저 헤드,1996-07-13,10.9,0.0,110,157500,35762000,12,3725
20260208,20242541,룩백,2024-09-05,13.6,0.0,88,90000,3154064904,12,328239
20260208,20256173,스폰지밥 무비: 네모바지를 찾아서,2026-01-01,5.9,0.0,34,14000,773159690,2,86505
20260207,20252373,넘버원,2026-02-11,85.3,0.2,3608,35041010,138142010,3078,14474
20260207,20261526,아이엠스타!X프리파라 더 무비 -만남의 기적!-,2026-02-04,12.1,1.1,24528,31312100,189830100,2975,17464
20260207,20250644,직장상사 길들이기,2026-01-28,8.2,1.5,33380,27533940,664316150,2737,70681
20260207,20247690,시스터,2026-01-28,10.6,1.0,22188,19231580,542690280,2357,64304
20260207,20261041,스트레이 키즈 : 더 도미네이트 익스피리언스,2026-02-04,7.3,1.4,31690,59490000,199879000,2297,7746
20260207,20250686,하우스메이드,2026-01-28,9.3,1.0,23546,22941200,574549500,2191,62405
20260207,20250839,영원,2026-02-04,10.6,0.9,20631,26896390,60697030,2184,5451
20260207,20250112,극장판 총집편 걸즈 밴드 크라이 청춘광주곡,2026-01-28,12.2,0.3,7464,9719160,153151580,912,15553
20260207,20030316,반지의 제왕 : 왕의 귀환,2003-12-17,27.7,0.1,2864,11696580,4970060980,794,745684
20260207,20250840,바다 탐험대 옥토넛 어보브 앤 비욘드 : 육지생물 구조작전,2026-02-12,31.4,0.1,2425,7720600,9799600,762,993
20260207,20250299,고고다이노 극장판: 곤충세계 대모험,2026-01-14,6.7,0.4,9248,6143600,358836400,615,40151
20260207,20020234,반지의 제왕 : 두 개의 탑,2002-12-19,23.3,0.1,2532,8324850,734150120,591,55564
20260207,20256757,극장판 체인소 맨: 레제편,2025-09-24,12.2,0.2,4623,6563270,36233200100,565,3446535
20260207,20254602,씨너스: 죄인들,2025-05-28,7.3,0.3,7116,5809900,995691140,520,85697
20260207,20010083,반지의 제왕 : 반지원정대,2001-12-31,20.4,0.1,2532,6805230,711176750,517,54062
20260207,20261150,점보,2026-02-18,104.9,0.0,490,5140000,5140000,514,514
20260207,20258885,프라이메이트,2026-01-28,7.5,0.3,6204,5104200,337475420,466,36343
20260207,20250419,강다니엘: 홀드 유어 브레스,2026-01-07,63.1,0.0,721,11375000,143819500,455,5754
20260207,20250563,정글비트 2,2026-01-29,10.4,0.2,4339,3811800,146194020,450,18372
20260207,20259383,극장판 짱구는 못말려: 초화려! 작열하는 떡잎마을 댄서즈,2025-12-24,19.6,0.1,2038,3880600,4623648560,400,486687
20260207,20261304,언더닌자,2026-02-05,6.3,0.3,6281,2341700,8859600,396,1700
20260207,20256397,원 배틀 애프터 어나더,2025-10-01,6.3,0.2,4413,2913400,5720529110,279,537460
20260207,20249624,프로젝트 Y,2026-01-21,5.0,0.2,5250,2443240,1368545060,260,140171
20260207,20227810,에반게리온 신극장판: Q,2022-10-14,12.6,0.1,1568,1872500,169039517,198,16232
20260207,20250188,하트맨,2026-01-14,4.6,0.2,3691,1644900,2297354470,168,246753
20260207,20256173,스폰지밥 무비: 네모바지를 찾아서,2026-01-01,80.6,0.0,160,1879000,773145690,129,86503
20260207,20250365,햄넷,2026-02-25,5.6,0.1,2067,1198300,7633700,116,762
20260207,20258808,뽀로로 극장판 스위트캐슬 대모험,2025-12-11,11.5,0.0,868,897500,2289254670,100,264060
20260207,20254219,"오늘 밤, 세계에서 이 사랑이 사라진다 해도",2025-12-24,6.0,0.1,1502,866000,8347088990,90,861423
20260207,20250334,당신이 영화를 그만두면 안 되는 30가지 이유,2026-02-04,4.3,0.1,1847,632000,3513000,79,413
20260207,20258324,731,2026-01-21,15.7,0.0,332,499800,289620500,52,31287
20260207,19940364,마리아 브라운의 결혼,1994-10-29,29.7,0.0,138,441000,1851000,41,209
20260207,20209654,헤어질 결심,2022-06-29,100.0,0.0,40,560000,19801730678,40,1910466
20260207,20246777,더 폴: 디렉터스 컷,2024-12-25,90.0,0.0,40,384000,1965574100,36,190141
20260207,19970157,로스트 하이웨이,1997-05-10,10.0,0.0,261,312000,44250022,26,4726
20260207,19950130,트윈 픽스,1995-03-25,6.0,0.0,418,272800,34280782,25,3519
20260207,20242541,룩백,2024-09-05,11.4,0.0,211,181000,3153974904,24,328227
20260207,20050097,올리브나무사이로,1997-08-23,46.0,0.0,50,227000,8061000,23,994
20260207,20050096,그리고 삶은 계속된다,1998-03-14,20.0,0.0,50,97000,6223500,10,768
20260207,20249326,윗집 사람들,2025-12-03,3.2,0.0,126,46000,5313434900,4,549372
20260207,20261441,동호회 유부녀:분홍구멍,2026-02-07,1.2,0.0,83,6000,6000,1,1
20260207,20261425,마사지 받다 다리 벌리는 간호사,2026-02-07,1.2,0.0,83,6000,6000,1,1
20260207,20261427,물 터진 유부녀 방금 쌌는데 또 세워,2026-02-07,1.2,0.0,83,6000,6000,1,1
20260207,20261443,유부녀 구멍 공유:남편 앞 요분질,2026-02-07,1.2,0.0,83,6000,6000,1,1
20260207,20259641,송 썽 블루,2026-01-14,0.0,0.0,150,0,110026000,0,14310
20260206,20250644,직장상사 길들이기,2026-01-28,4.8,1.6,33728,16026100,636782210,1628,67944
20260206,20247690,시스터,2026-01-28,6.4,1.2,24308,12355500,523458700,1557,61947
20260206,20261041,스트레이 키즈 : 더 도미네이트 익스피리언스,2026-02-04,3.6,1.5,31086,28735000,140389000,1103,5449
20260206,20250839,영원,2026-02-04,4.1,1.1,22714,10224670,33800640,922,3267
20260206,20250563,정글비트 2,2026-01-29,20.9,0.2,3840,5275000,142382220,804,17922
20260206,20257823,폭풍의 언덕,2026-02-11,100.0,0.0,653,12407000,24166000,653,1521
20260206,20250112,극장판 총집편 걸즈 밴드 크라이 청춘광주곡,2026-01-28,6.3,0.4,8655,5737170,143432420,544,14641
20260206,20261185,아웃 오브 네스트,2026-02-13,108.9,0.0,470,5120000,5120000,512,512
20260206,20261304,언더닌자,2026-02-05,6.6,0.3,6827,2220300,6517900,451,1304
20260206,20256757,극장판 체인소 맨: 레제편,2025-09-24,9.1,0.2,4624,5042070,36226636830,422,3445970
20260206,20254602,씨너스: 죄인들,2025-05-28,4.9,0.4,8546,4673300,989881240,417,85177
20260206,20258885,프라이메이트,2026-01-28,3.6,0.5,11318,4746400,332371220,412,35877
20260206,20030316,반지의 제왕 : 왕의 귀환,2003-12-17,14.6,0.1,2778,5942810,4958364400,406,744890
20260206,20258808,뽀로로 극장판 스위트캐슬 대모험,2025-12-11,27.5,0.1,1409,2462500,2288357170,388,263960
20260206,20020234,반지의 제왕 : 두 개의 탑,2002-12-19,12.0,0.1,2778,4667040,725825270,333,54973
20260206,20256397,원 배틀 애프터 어나더,2025-10-01,3.6,0.4,8449,3139900,5717615710,302,537181
20260206,20010083,반지의 제왕 : 반지원정대,2001-12-31,10.5,0.1,2778,3886190,704371520,291,53545
20260206,20227810,에반게리온 신극장판: Q,2022-10-14,15.7,0.1,1644,2526200,167167017,258,16034
20260206,20249624,프로젝트 Y,2026-01-21,3.6,0.3,6874,2266440,1366101820,248,139911
20260206,20250299,고고다이노 극장판: 곤충세계 대모험,2026-01-14,9.4,0.1,2268,1546000,352692800,214,39536
20260206,20250365,햄넷,2026-02-25,7.2,0.1,2431,1682500,6435400,174,646
20260206,20210684,두다다쿵: 후후섬의 비밀,2023-02-15,45.8,0.0,360,1091000,1141159650,165,126674
20260206,20236556,"주사위놀이, 마불 세계여행",2024-01-03,54.7,0.0,214,702000,54395000,117,9059
20260206,20250188,하트맨,2026-01-14,2.9,0.2,3640,982500,2295709570,104,246585
20260206,20258325,스노우 폭스 : 마법의 돌을 찾아서,2026-01-10,57.2,0.0,173,785000,132693200,99,19964
20260206,19970157,로스트 하이웨이,1997-05-10,15.6,0.0,578,1075500,43938022,90,4700
20260206,20261181,너자 2,2026-02-25,100.0,0.0,64,768000,22978000,64,1454
20260206,20259383,극장판 짱구는 못말려: 초화려! 작열하는 떡잎마을 댄서즈,2025-12-24,7.8,0.0,808,606000,4619767960,63,486287
20260206,20250604,극장판 엉덩이 탐정: 스타 앤드 문,2026-02-07,15.9,0.0,339,348000,4092000,54,542
20260206,20250334,당신이 영화를 그만두면 안 되는 30가지 이유,2026-02-04,3.4,0.1,1516,416000,2881000,52,334
20260206,20254219,"오늘 밤, 세계에서 이 사랑이 사라진다 해도",2025-12-24,3.7,0.1,1147,430300,8346222990,42,861333
20260206,20259641,송 썽 블루,2026-01-14,9.3,0.0,419,336000,110026000,39,14310
20260206,20258324,731,2026-01-21,7.5,0.0,508,354500,289120700,38,31235
20260206,20253106,핑크퐁 공룡 유치원,2025-03-08,52.9,0.0,70,240500,3026500,37,450
20260206,20225637,뿌까의 짜장면파티,2022-07-04,26.6,0.0,109,174000,254406500,29,42220
20260206,20241101,호랑님의 생일날,2024-10-04,29.0,0.0,100,174000,29689000,29,4914
20260206,19950130,트윈 픽스,1995-03-25,5.7,0.0,384,249500,34007982,22,3494
20260206,20253060,본회퍼: 목사.스파이.암살자,2025-04-09,40.4,0.0,52,231000,169710600,21,16991
20260206,20242541,룩백,2024-09-05,12.6,0.0,151,138000,3153793904,19,328203
20260206,20255381,위키드: 포 굿,2025-11-19,14.7,0.0,102,158800,9926856000,15,972754
20260206,20060171,이레이저 헤드,1996-07-13,12.0,0.0,108,147100,35604500,13,3713
20260206,20261598,프로젝트 아스트로,2026-02-05,6.0,0.0,166,60000,687000,10,83
20260206,19960103,라스베가스를 떠나며,1996-03-01,4.4,0.0,90,44000,46706200,4,4622
20260206,20070458,냉정과 열정사이,2003-10-10,7.7,0.0,52,40000,456601600,4,56856
20260206,20050097,올리브나무사이로,1997-08-23,6.0,0.0,50,30000,7834000,3,971
20260206,20113535,부러진 화살,2012-01-18,5.1,0.0,59,29000,25938260113,3,3460343
20260206,20256173,스폰지밥 무비: 네모바지를 찾아서,2026-01-01,5.9,0.0,34,14000,771266690,2,86374
20260206,20000089,철도원,2000-02-04,2.5,0.0,40,8000,168341330,1,17342
20260206,20261252,남편 대신 아들과 물빼는 새엄마 무삭제판,2026-02-06,1.2,0.0,83,6000,6000,1,1
20260206,20261272,란제리 구멍 벌려준 츤데레 여상사,2026-02-06,1.2,0.0,83,6000,6000,1,1
20260206,20261273,비키니 여대생 조개 수집,2026-02-06,1.2,0.0,83,6000,6000,1,1
20260206,20261271,젖큰 수영강사 수영복 사이로 삽입,2026-02-06,1.2,0.0,83,6000,6000,1,1
20260206,20259662,러브 인 베트남,2026-01-21,0.0,0.0,51,0,3621500,0,385
20260205,20252432,주토피아 2,2025-11-26,10.4,0.7,14188,13194000,82546288220,1479,8577166
20260205,20250686,하우스메이드,2026-01-28,4.1,1.7,33330,13411700,532797340,1372,58389
20260205,20250644,직장상사 길들이기,2026-01-28,4.7,1.5,29409,12196300,620756110,1370,66316
20260205,20250482,"신비아파트 10주년 극장판: 한 번 더, 소환",2026-01-14,7.8,0.9,17064,11351500,2698236970,1326,301676
20260205,20261041,스트레이 키즈 : 더 도미네이트 익스피리언스,2026-02-04,4.2,1.6,31443,34080000,111654000,1317,4346
20260205,20250563,정글비트 2,2026-01-29,21.2,0.2,4543,6393500,137107220,965,17118
20260205,20261304,언더닌자,2026-02-05,9.7,0.4,8792,4297600,4297600,853,853
20260205,20250839,영원,2026-02-04,2.7,1.2,24630,6521330,23575970,672,2345
20260205,20258808,뽀로로 극장판 스위트캐슬 대모험,2025-12-11,34.9,0.1,1904,4707500,2285894670,665,263572
20260205,20250365,햄넷,2026-02-25,10.4,0.2,4523,4752900,4752900,472,472
20260205,20254602,씨너스: 죄인들,2025-05-28,4.4,0.4,8470,3932400,985207940,370,84760
20260205,20258325,스노우 폭스 : 마법의 돌을 찾아서,2026-01-10,47.6,0.0,738,2329000,131908200,351,19865
20260205,20258885,프라이메이트,2026-01-28,3.8,0.4,8727,3589100,327624820,328,35465
20260205,20256757,극장판 체인소 맨: 레제편,2025-09-24,9.2,0.2,3501,3651800,36221594760,322,3445548
20260205,20030316,반지의 제왕 : 왕의 귀환,2003-12-17,12.6,0.1,2036,3562380,4952421590,256,744484
20260205,20256397,원 배틀 애프터 어나더,2025-10-01,3.3,0.4,7282,2507000,5714475810,240,536879
20260205,20226444,극장판 엄마 까투리: 도시로 간 까투리 가족,2022-09-08,42.4,0.0,559,1659000,1617577999,237,175124
20260205,20020234,반지의 제왕 : 두 개의 탑,2002-12-19,11.5,0.1,2036,3187390,721158230,235,54640
20260205,20010083,반지의 제왕 : 반지원정대,2001-12-31,11.3,0.1,2036,3017680,700485330,230,53254
20260205,20249624,프로젝트 Y,2026-01-21,3.1,0.4,7011,2001900,1363835380,220,139663
20260205,20250334,당신이 영화를 그만두면 안 되는 30가지 이유,2026-02-04,9.0,0.1,2009,1657000,2465000,181,282
20260205,20250299,고고다이노 극장판: 곤충세계 대모험,2026-01-14,7.8,0.1,1957,1160000,351146800,152,39322
20260205,20250188,하트맨,2026-01-14,2.6,0.2,3709,866000,2294727070,98,246481
20260205,20227810,에반게리온 신극장판: Q,2022-10-14,3.7,0.1,2552,923500,164640817,95,15776
20260205,20261598,프로젝트 아스트로,2026-02-05,5.5,0.1,1330,627000,627000,73,73
20260205,20254219,"오늘 밤, 세계에서 이 사랑이 사라진다 해도",2025-12-24,6.3,0.1,1124,590500,8345792690,71,861291
20260205,20256173,스폰지밥 무비: 네모바지를 찾아서,2026-01-01,39.7,0.0,179,390200,771252690,71,86372
20260205,20259383,극장판 짱구는 못말려: 초화려! 작열하는 떡잎마을 댄서즈,2025-12-24,9.0,0.0,747,539100,4619161960,67,486224
20260205,20210684,두다다쿵: 후후섬의 비밀,2023-02-15,38.5,0.0,130,350000,1140068650,50,126509
20260205,20259641,송 썽 블루,2026-01-14,10.8,0.0,390,340000,109690000,42,14271
20260205,20258324,731,2026-01-21,5.3,0.0,514,239500,288766200,27,31197
20260205,20225637,뿌까의 짜장면파티,2022-07-04,15.6,0.0,109,102000,254232500,17,42191
20260205,20242541,룩백,2024-09-05,9.4,0.0,149,107000,3153655904,14,328184
20260205,20255381,위키드: 포 굿,2025-11-19,9.8,0.0,102,106800,9926697200,10,972739
20260205,20050097,올리브나무사이로,1997-08-23,17.3,0.0,52,90000,7804000,9,968
20260205,20000089,철도원,2000-02-04,13.8,0.0,58,53000,168333330,8,17341
20260205,20050096,그리고 삶은 계속된다,1998-03-14,9.6,0.0,52,50000,6126500,5,758
20260205,20070458,냉정과 열정사이,2003-10-10,9.6,0.0,52,50000,456561600,5,56852
20260205,20170841,리틀 포레스트,2018-02-28,5.4,0.0,92,48000,11965810355,5,1511266
20260205,20261104,클라이밍: 더 사운드,2026-01-22,9.4,0.0,53,30000,807000,5,103
20260205,20258739,극장판 주술회전: 시부야사변 X 사멸회유,2025-12-03,1.4,0.0,218,21000,3746129530,3,369346
20260205,20249326,윗집 사람들,2025-12-03,1.7,0.0,60,11000,5313388900,1,549368
20260205,20261250,부장님의 비서가 된 귀여운 내 아내 무삭제판,2026-02-05,1.2,0.0,83,6000,6000,1,1
20260205,20212413,수궁,2026-01-01,2.8,0.0,36,6000,1118000,1,216
20260205,20261267,스무살 여대생 두번째 AV경험,2026-02-05,1.2,0.0,83,6000,6000,1,1
20260205,20261270,친구엄마의 떡 맛,2026-02-05,1.2,0.0,83,6000,6000,1,1
20260205,20261248,푹 절은 D컵 자위녀 온천 판타지,2026-02-05,1.2,0.0,83,6000,6000,1,1
20260218,20242837,왕과 사는 남자,2026-02-04,60.1,47.2,1087738,6353617930,40426574560,653634,4174851
20260218,20241266,휴민트,2026-02-11,29.1,27.5,634683,1884910650,12977203880,184951,1284806
20260218,20247457,신의악단,2025-12-31,39.8,3.3,76806,298928880,12411497880,30600,1299198
20260218,20252373,넘버원,2026-02-11,25.9,4.4,101694,261584930,1809447650,26301,187845
20260218,20261208,귀신 부르는 앱: 영,2026-02-18,46.3,1.7,39484,187822700,192302700,18263,18903
20260218,20261150,점보,2026-02-18,27.1,2.0,46665,114833230,130123700,12648,14169
20260218,20249255,만약에 우리,2025-12-31,21.5,1.7,39497,88348200,25190407900,8477,2571906
20260218,20261439,"2024.12.03 그날 조작된 내란, 감춰진 진실",2026-02-04,34.2,1.1,24707,82022950,1956025780,8450,198477
20260218,20261526,아이엠스타!X프리파라 더 무비 -만남의 기적!-,2026-02-04,67.0,0.5,11686,80727100,531427900,7831,50217
20260218,20250840,바다 탐험대 옥토넛 어보브 앤 비욘드 : 육지생물 구조작전,2026-02-12,14.3,1.2,28691,40620200,205970000,4101,21127
20260217,20242837,왕과 사는 남자,2026-02-04,58.4,48.0,1132310,6574650470,34072956630,661439,3521217
20260217,20241266,휴민트,2026-02-11,29.7,30.5,718919,2199712250,11092293230,213403,1099855
20260217,20247457,신의악단,2025-12-31,44.5,3.2,75639,340532730,12112569000,33635,1268598
20260217,20252373,넘버원,2026-02-11,19.9,4.7,109796,209720820,1547862720,21897,161544
20260217,20261439,"2024.12.03 그날 조작된 내란, 감춰진 진실",2026-02-04,26.0,1.2,27730,72149080,1874002830,7197,190027
20260217,20249255,만약에 우리,2025-12-31,15.2,2.0,46152,74221480,25102059700,7021,2563429
20260217,20257823,폭풍의 언덕,2026-02-11,9.6,1.9,45373,42274200,441920300,4354,44293
20260217,20250604,극장판 엉덩이 탐정: 스타 앤드 문,2026-02-07,13.4,1.3,31650,35550300,364076500,4237,46280
20260217,20250878,노 머시: 90분,2026-02-04,17.5,0.7,15460,26405460,898677500,2702,93623
20260217,20252432,주토피아 2,2025-11-26,24.5,0.4,10482,26360300,82810844690,2570,8604180
20260216,20242837,왕과 사는 남자,2026-02-04,51.3,44.1,1046463,5301151370,27498306160,537175,2859778
20260216,20241266,휴민트,2026-02-11,23.3,33.0,782650,1846543770,8892580980,182655,886452
20260216,20247457,신의악단,2025-12-31,44.5,2.9,67898,306602500,11772036270,30221,1234963
20260216,20252373,넘버원,2026-02-11,18.7,5.1,120451,222429690,1338141900,22493,139647
20260216,20261439,"2024.12.03 그날 조작된 내란, 감춰진 진실",2026-02-04,22.6,1.4,33438,75806800,1801853750,7568,182830
20260216,20249255,만약에 우리,2025-12-31,15.2,2.1,49005,79529640,25027838220,7451,2556408
20260216,20250604,극장판 엉덩이 탐정: 스타 앤드 문,2026-02-07,12.8,1.5,35242,39134200,328526200,4503,42043
20260216,20257823,폭풍의 언덕,2026-02-11,8.3,2.0,48620,40592120,399646100,4022,39939
20260216,20250840,바다 탐험대 옥토넛 어보브 앤 비욘드 : 육지생물 구조작전,2026-02-12,10.2,1.5,35325,35494200,142863600,3602,14809
20260216,20250878,노 머시: 90분,2026-02-04,18.6,0.7,15645,28276900,872272040,2913,90921
20260215,20242837,왕과 사는 남자,2026-02-04,48.1,40.5,966451,4549624530,22197154790,465254,2322603
20260215,20241266,휴민트,2026-02-11,24.6,34.8,830698,2084305370,7046037210,204552,703797
20260215,20252373,넘버원,2026-02-11,18.2,6.1,144691,258032720,1115712210,26374,117154
20260215,20247457,신의악단,2025-12-31,30.5,2.6,61622,192778050,11465433770,18816,1204742
20260215,20249255,만약에 우리,2025-12-31,18.1,2.2,52096,99193940,24948308580,9449,2548957
20260215,20261439,"2024.12.03 그날 조작된 내란, 감춰진 진실",2026-02-04,18.3,1.6,37033,67293100,1726046950,6781,175262
20260215,20250604,극장판 엉덩이 탐정: 스타 앤드 문,2026-02-07,15.0,1.5,35104,42544400,289392000,5253,37540
20260215,20257823,폭풍의 언덕,2026-02-11,8.9,2.3,54289,49349550,359053980,4804,35917
20260215,20250878,노 머시: 90분,2026-02-04,21.9,0.7,17021,33463350,843995140,3724,88008
20260215,20250840,바다 탐험대 옥토넛 어보브 앤 비욘드 : 육지생물 구조작전,2026-02-12,10.0,1.5,35233,34652700,107369400,3523,11207
20260214,20242837,왕과 사는 남자,2026-02-04,39.1,38.4,915098,3489757500,17647530260,357886,1857349
20260214,20241266,휴민트,2026-02-11,22.6,36.2,861245,1969734780,4961731840,194546,499245
20260214,20252373,넘버원,2026-02-11,17.8,6.0,143949,248475220,857679490,25550,90780
20260214,20247457,신의악단,2025-12-31,26.2,2.8,66430,173118490,11272655720,17415,1185926
20260214,20249255,만약에 우리,2025-12-31,21.4,2.1,49617,111759750,24849114640,10620,2539508
20260214,20261439,"2024.12.03 그날 조작된 내란, 감춰진 진실",2026-02-04,16.8,1.7,39930,64188770,1658753850,6702,168481
20260214,20257823,폭풍의 언덕,2026-02-11,11.3,2.4,57159,65717500,309704430,6450,31113
20260214,20250604,극장판 엉덩이 탐정: 스타 앤드 문,2026-02-07,17.6,1.4,34189,45276000,246847600,6012,32287
20260214,20250840,바다 탐험대 옥토넛 어보브 앤 비욘드 : 육지생물 구조작전,2026-02-12,9.9,1.5,36554,35248400,72716700,3618,7684
20260214,20250878,노 머시: 90분,2026-02-04,17.4,0.8,18438,30009770,810531790,3209,84284
20260213,20242837,왕과 사는 남자,2026-02-04,18.8,32.1,711924,1295622220,14157772760,133573,1499463
20260213,20241266,휴민트,2026-02-11,10.4,39.7,881601,917939650,2991997060,91891,304699
20260213,20252373,넘버원,2026-02-11,8.0,7.9,175602,130458980,609204270,13978,65230
20260213,20247457,신의악단,2025-12-31,13.6,3.0,65907,87732600,11099537230,8978,1168511
20260213,20249255,만약에 우리,2025-12-31,14.5,2.5,56391,88862260,24737354890,8177,2528888
20260213,20257823,폭풍의 언덕,2026-02-11,7.8,3.4,75898,57960650,243986930,5885,24663
20260213,20261439,"2024.12.03 그날 조작된 내란, 감춰진 진실",2026-02-04,8.7,2.8,62858,53879320,1594565080,5467,161779
20260213,20250878,노 머시: 90분,2026-02-04,15.7,0.9,19451,26739970,780522020,3047,81075
20260213,20261526,아이엠스타!X프리파라 더 무비 -만남의 기적!-,2026-02-04,23.6,0.6,12276,31130500,375607800,2894,35268
20260213,20161872,너의 이름은.,2017-01-04,69.6,0.1,2008,15296520,32554068007,1397,3966761
20260212,20242837,왕과 사는 남자,2026-02-04,14.6,27.3,576746,775585340,12862150540,83916,1365890
20260212,20241266,휴민트,2026-02-11,8.9,43.2,912336,766996380,2074057410,81183,212808
20260212,20252373,넘버원,2026-02-11,7.7,8.5,180533,123347500,478745290,13932,51252
20260212,20247457,신의악단,2025-12-31,12.7,3.2,68101,80086880,11011804630,8661,1159533
20260212,20257823,폭풍의 언덕,2026-02-11,8.2,3.9,82870,62782790,186026280,6778,18778
20260212,20261439,"2024.12.03 그날 조작된 내란, 감춰진 진실",2026-02-04,9.9,3.2,68261,62731500,1540685760,6751,156312
20260212,20249255,만약에 우리,2025-12-31,10.8,2.7,57141,62069000,24648492630,6189,2520711
20260212,20261526,아이엠스타!X프리파라 더 무비 -만남의 기적!-,2026-02-04,27.7,0.6,12240,34488400,344477300,3390,32374
20260212,20250878,노 머시: 90분,2026-02-04,13.0,1.0,21513,23687200,753782050,2802,78028
20260212,20250840,바다 탐험대 옥토넛 어보브 앤 비욘드 : 육지생물 구조작전,2026-02-12,7.0,1.0,20901,11847400,29748000,1463,3259
20260218,20250604,극장판 엉덩이 탐정: 스타 앤드 문,2026-02-07,17.3,1.0,22191,34954300,399030800,3836,50116
20260218,20257823,폭풍의 언덕,2026-02-11,10.6,1.2,28495,30505280,472425580,3025,47318
20260218,20250482,"신비아파트 10주년 극장판: 한 번 더, 소환",2026-01-14,21.9,0.5,11315,22733000,3005992110,2474,334678
20260218,20252432,주토피아 2,2025-11-26,27.6,0.4,8050,22026200,82832870890,2225,8606405
20260218,20250181,영화 러브 라이브! 니지가사키 학원 스쿨 아이돌 동호회 완결편 제2장,2026-02-18,14.9,0.6,14883,23142660,33627660,2220,2936
20260218,20256396,아바타: 불과 재,2025-12-17,57.1,0.1,2562,15316240,78838433640,1464,6738431
20260218,20250878,노 머시: 90분,2026-02-04,18.3,0.3,6401,11896400,910573900,1174,94797
20260218,20161872,너의 이름은.,2017-01-04,49.5,0.1,2188,11939800,32598636207,1084,3970715
20260218,20261185,아웃 오브 네스트,2026-02-13,9.3,0.4,8465,6709600,60070200,784,6777
20260218,20190280,날씨의 아이,2019-10-30,44.9,0.0,1254,6113860,7651314362,563,890075
20260218,20261041,스트레이 키즈 : 더 도미네이트 익스피리언스,2026-02-04,24.7,0.1,1771,10950000,577223000,438,22477
20260218,20254602,씨너스: 죄인들,2025-05-28,42.8,0.0,870,4325300,1016880240,372,87597
20260218,20250839,영원,2026-02-04,12.3,0.1,2497,3169300,144322130,306,15525
20260218,20256397,원 배틀 애프터 어나더,2025-10-01,34.3,0.0,787,3034900,5733625580,270,538697
20260218,20256757,극장판 체인소 맨: 레제편,2025-09-24,19.0,0.0,1154,2803600,36266161150,219,3449602
20260218,20258285,프랑켄슈타인,2025-10-22,21.2,0.0,870,2103800,245290690,184,24953
20260218,20259383,극장판 짱구는 못말려: 초화려! 작열하는 떡잎마을 댄서즈,2025-12-24,25.0,0.0,580,1381100,4634924560,145,487858
20260218,20250112,극장판 총집편 걸즈 밴드 크라이 청춘광주곡,2026-01-28,8.0,0.1,1301,1087500,184079660,104,18496
20260218,20250299,고고다이노 극장판: 곤충세계 대모험,2026-01-14,16.1,0.0,584,922500,372191200,94,41590
20260218,20258808,뽀로로 극장판 스위트캐슬 대모험,2025-12-11,5.7,0.0,1155,621340,2295729910,66,264819
20260218,20259641,송 썽 블루,2026-01-14,25.2,0.0,222,499000,111958500,56,14551
20260218,20250644,직장상사 길들이기,2026-01-28,35.5,0.0,155,607500,708838400,55,75221
20260218,20250686,하우스메이드,2026-01-28,22.0,0.0,241,596500,628376690,53,67907
20260218,20247690,시스터,2026-01-28,3.3,0.1,1591,548500,583703780,52,69995
20260218,19940364,마리아 브라운의 결혼,1994-10-29,19.6,0.0,138,273000,2410000,27,262
20260218,20242541,룩백,2024-09-05,28.4,0.0,88,193000,3155386704,25,328402
20260218,20260935,더 로즈: 컴 백 투 미,2026-02-14,1.8,0.0,1032,475000,23575000,19,1003
20260218,20250188,하트맨,2026-01-14,4.3,0.0,424,202000,2303346770,18,247563
20260218,20000089,철도원,2000-02-04,13.9,0.0,72,50000,168467330,10,17363
20260218,20250563,정글비트 2,2026-01-29,5.2,0.0,116,30000,168735020,6,21673
20260218,20258739,극장판 주술회전: 시부야사변 X 사멸회유,2025-12-03,2.6,0.0,190,60000,3746514510,5,369378
20260218,20249624,프로젝트 Y,2026-01-21,3.4,0.0,147,53000,1373543060,5,140720
20260218,20212413,수궁,2026-01-01,11.1,0.0,36,27000,1150000,4,221
20260218,2025A371,로스트 호라이즌,2026-02-13,2.9,0.0,70,66000,957000,2,83
20260218,20261304,언더닌자,2026-02-05,2.3,0.0,88,18000,16122120,2,3183
20260217,20250840,바다 탐험대 옥토넛 어보브 앤 비욘드 : 육지생물 구조작전,2026-02-12,7.7,1.2,28851,22486200,165349800,2217,17026
20260217,20250482,"신비아파트 10주년 극장판: 한 번 더, 소환",2026-01-14,13.7,0.5,12658,16831700,2983259110,1729,332204
20260217,20256396,아바타: 불과 재,2025-12-17,58.9,0.1,2489,15601400,78823117400,1466,6736967
20260217,20261526,아이엠스타!X프리파라 더 무비 -만남의 기적!-,2026-02-04,8.9,0.4,10605,10028400,450700800,948,42386
20260217,20261185,아웃 오브 네스트,2026-02-13,8.3,0.4,10195,7873800,53360600,849,5993
20260217,20250839,영원,2026-02-04,20.1,0.2,4119,5653570,141152830,828,15219
20260217,20161872,너의 이름은.,2017-01-04,47.7,0.1,1566,8662900,32586696407,747,3969631
20260217,20261041,스트레이 키즈 : 더 도미네이트 익스피리언스,2026-02-04,5.7,0.4,8503,12075000,566273000,483,22039
20260217,20190280,날씨의 아이,2019-10-30,28.5,0.0,1167,3891250,7645200502,333,889512
20260217,20250365,햄넷,2026-02-25,44.4,0.0,691,3481000,38048820,307,3679
20260217,20259383,극장판 짱구는 못말려: 초화려! 작열하는 떡잎마을 댄서즈,2025-12-24,17.9,0.0,580,1055500,4633543460,104,487713
20260217,20256757,극장판 체인소 맨: 레제편,2025-09-24,11.1,0.0,871,1115500,36263357550,97,3449383
20260217,20250686,하우스메이드,2026-01-28,55.8,0.0,174,1088500,627780190,97,67854
20260217,20254602,씨너스: 죄인들,2025-05-28,24.0,0.0,387,1045000,1012554940,93,87225
20260217,20250112,극장판 총집편 걸즈 밴드 크라이 청춘광주곡,2026-01-28,6.9,0.0,884,624500,182992160,61,18392
20260217,20258808,뽀로로 극장판 스위트캐슬 대모험,2025-12-11,6.0,0.0,956,574500,2295108570,57,264753
20260217,20256320,부고니아,2025-11-05,12.5,0.0,352,481600,738543500,44,73628
20260217,20250299,고고다이노 극장판: 곤충세계 대모험,2026-01-14,6.4,0.0,544,322500,371268700,35,41496
20260217,20250644,직장상사 길들이기,2026-01-28,17.5,0.0,189,371500,708230900,33,75166
20260217,20050209,불안은 영혼을 잠식한다,1997-11-22,18.8,0.0,138,256000,15069000,26,1904
20260217,20260935,더 로즈: 컴 백 투 미,2026-02-14,2.4,0.0,955,575000,23100000,23,984
20260217,20247690,시스터,2026-01-28,4.5,0.0,515,252000,583155280,23,69943
20260217,20250188,하트맨,2026-01-14,2.9,0.0,758,182800,2303144770,22,247545
20260217,20258739,극장판 주술회전: 시부야사변 X 사멸회유,2025-12-03,9.0,0.0,190,215980,3746454510,17,369373
20260217,20242541,룩백,2024-09-05,17.1,0.0,88,114000,3155193704,15,328377
20260217,20258285,프랑켄슈타인,2025-10-22,16.7,0.0,84,156900,243186890,14,24769
20260217,20250563,정글비트 2,2026-01-29,8.6,0.0,116,56000,168705020,10,21667
20260217,20259641,송 썽 블루,2026-01-14,8.5,0.0,59,39000,111459500,5,14495
20260217,20070458,냉정과 열정사이,2003-10-10,4.4,0.0,90,44000,457237600,4,56917
20260217,2025A371,로스트 호라이즌,2026-02-13,2.9,0.0,70,66000,891000,2,81
20260217,20261099,관음증-팬션방 여자들,2026-02-17,1.2,0.0,83,6000,6000,1,1
20260217,20261242,폭주하는 일본 아줌마:일단 싸고 시작,2026-02-17,1.2,0.0,83,6000,6000,1,1
20260216,20252432,주토피아 2,2025-11-26,26.0,0.4,10640,27991440,82784484390,2761,8601610
20260216,20250482,"신비아파트 10주년 극장판: 한 번 더, 소환",2026-01-14,14.5,0.6,15144,20719400,2966427410,2193,330475
20260216,20256396,아바타: 불과 재,2025-12-17,58.1,0.1,2320,14074780,78807516000,1347,6735501
20260216,20261526,아이엠스타!X프리파라 더 무비 -만남의 기적!-,2026-02-04,11.1,0.5,12049,13912200,440672400,1340,41438
20260216,20261185,아웃 오브 네스트,2026-02-13,9.5,0.5,11642,9822600,45486800,1110,5144
20260216,20250839,영원,2026-02-04,19.1,0.2,4509,6327520,135499260,862,14391
20260216,20161872,너의 이름은.,2017-01-04,53.1,0.1,1568,9542700,32578033507,833,3968884
20260216,20261041,스트레이 키즈 : 더 도미네이트 익스피리언스,2026-02-04,6.9,0.3,8126,14075000,554198000,563,21556
20260216,20190280,날씨의 아이,2019-10-30,31.7,0.0,912,3128670,7641309252,289,889179
20260216,20256757,극장판 체인소 맨: 레제편,2025-09-24,17.6,0.0,1034,1859500,36262242050,182,3449286
20260216,20256397,원 배틀 애프터 어나더,2025-10-01,36.0,0.0,433,1597000,5730590680,156,538427
20260216,20258285,프랑켄슈타인,2025-10-22,19.8,0.0,717,1734500,243029990,142,24755
20260216,20259383,극장판 짱구는 못말려: 초화려! 작열하는 떡잎마을 댄서즈,2025-12-24,11.1,0.0,1053,1122000,4632487960,117,487609
20260216,20250112,극장판 총집편 걸즈 밴드 크라이 청춘광주곡,2026-01-28,6.4,0.1,1541,1032400,182367660,98,18331
20260216,20250686,하우스메이드,2026-01-28,24.9,0.0,349,954100,626691690,87,67757
20260216,20258808,뽀로로 극장판 스위트캐슬 대모험,2025-12-11,5.4,0.1,1580,809900,2294534070,85,264696
20260216,20250644,직장상사 길들이기,2026-01-28,27.5,0.0,189,495500,707859400,52,75133
20260216,20250299,고고다이노 극장판: 곤충세계 대모험,2026-01-14,5.2,0.0,946,444000,370946200,49,41461
20260216,20260935,더 로즈: 컴 백 투 미,2026-02-14,3.8,0.0,1179,1125000,22525000,45,961
20260216,20254602,씨너스: 죄인들,2025-05-28,33.3,0.0,132,446000,1011509940,44,87132
20260216,20246777,더 폴: 디렉터스 컷,2024-12-25,90.0,0.0,40,288000,1966120100,36,190204
20260216,20250563,정글비트 2,2026-01-29,13.0,0.0,238,184000,168649020,31,21657
20260216,20247690,시스터,2026-01-28,4.6,0.0,605,308000,582903280,28,69920
20260216,20209654,헤어질 결심,2022-06-29,50.0,0.0,40,220000,19802190678,20,1910510
20260216,20256320,부고니아,2025-11-05,5.8,0.0,293,201000,738061900,17,73584
20260216,20070458,냉정과 열정사이,2003-10-10,13.3,0.0,90,124000,457193600,12,56913
20260216,20259641,송 썽 블루,2026-01-14,13.9,0.0,72,76000,111420500,10,14490
20260216,20250188,하트맨,2026-01-14,1.5,0.0,613,98000,2302961970,9,247523
20260216,20050097,올리브나무사이로,1997-08-23,18.0,0.0,50,90000,8379000,9,1027
20260216,19960103,라스베가스를 떠나며,1996-03-01,17.3,0.0,52,87000,47048200,9,4659
20260216,20242541,룩백,2024-09-05,9.1,0.0,88,59000,3155079704,8,328362
20260216,20250365,햄넷,2026-02-25,4.0,0.0,151,72000,34567820,6,3372
20260216,20249624,프로젝트 Y,2026-01-21,2.6,0.0,190,56500,1373490060,5,140715
20260216,20261304,언더닌자,2026-02-05,3.4,0.0,88,19000,16104120,3,3181
20260216,2025A371,로스트 호라이즌,2026-02-13,2.9,0.0,70,66000,825000,2,79
20260216,20255184,대물 부장 : 빼앗긴 아내,2026-02-16,0.7,0.0,146,6000,6000,1,1
20260216,20254756,상사 아내의 길들여진 성욕 2,2026-02-16,0.7,0.0,146,6000,6000,1,1
20260215,20250482,"신비아파트 10주년 극장판: 한 번 더, 소환",2026-01-14,16.9,0.7,17039,27928200,2945708010,2875,328282
20260215,20261526,아이엠스타!X프리파라 더 무비 -만남의 기적!-,2026-02-04,18.0,0.5,12487,24062000,426760200,2246,40098
20260215,20252432,주토피아 2,2025-11-26,21.0,0.4,10434,22176960,82756492950,2194,8598849
20260215,20261185,아웃 오브 네스트,2026-02-13,9.8,0.5,12805,11046900,35664200,1248,4034
20260215,20256396,아바타: 불과 재,2025-12-17,48.1,0.1,2265,13385480,78793441220,1089,6734154
20260215,20250839,영원,2026-02-04,22.1,0.2,4245,6971200,129171740,940,13529
20260215,20250365,햄넷,2026-02-25,40.0,0.1,2316,10270170,34495820,927,3366
20260215,20261041,스트레이 키즈 : 더 도미네이트 익스피리언스,2026-02-04,9.8,0.4,8689,21317000,540123000,853,20993
20260215,20190280,날씨의 아이,2019-10-30,48.8,0.0,1206,6288400,7638180582,589,888890
20260215,20161872,너의 이름은.,2017-01-04,58.5,0.0,996,6652200,32568490807,583,3968051
20260215,20261150,점보,2026-02-18,7.8,0.2,4138,3481100,15290470,322,1521
20260215,20250112,극장판 총집편 걸즈 밴드 크라이 청춘광주곡,2026-01-28,10.1,0.1,2585,2668500,181335260,260,18233
20260215,20256757,극장판 체인소 맨: 레제편,2025-09-24,12.8,0.0,1157,1656500,36260382550,148,3449104
20260215,20250686,하우스메이드,2026-01-28,53.5,0.0,174,1029900,625737590,93,67670
20260215,20259383,극장판 짱구는 못말려: 초화려! 작열하는 떡잎마을 댄서즈,2025-12-24,15.0,0.0,508,763100,4631365960,76,487492
20260215,20254602,씨너스: 죄인들,2025-05-28,56.5,0.0,124,821000,1011063940,70,87088
20260215,20250299,고고다이노 극장판: 곤충세계 대모험,2026-01-14,9.8,0.0,677,621000,370502200,66,41412
20260215,20260935,더 로즈: 컴 백 투 미,2026-02-14,4.2,0.1,1471,1525000,21400000,61,916
20260215,20247690,시스터,2026-01-28,8.0,0.0,610,494000,582595280,49,69892
20260215,20250644,직장상사 길들이기,2026-01-28,17.2,0.0,279,483500,707363900,48,75081
20260215,20258808,뽀로로 극장판 스위트캐슬 대모험,2025-12-11,3.2,0.0,1268,388500,2293724170,40,264611
20260215,20258285,프랑켄슈타인,2025-10-22,22.2,0.0,162,437100,241295490,36,24613
20260215,20250563,정글비트 2,2026-01-29,10.3,0.0,329,251000,168465020,34,21626
20260215,20261620,나이트 라이더,2026-02-12,34.7,0.0,98,204000,1245000,34,203
20260215,20242541,룩백,2024-09-05,26.1,0.0,88,197000,3155020704,23,328354
20260215,19960103,라스베가스를 떠나며,1996-03-01,19.8,0.0,91,188000,46961200,18,4650
20260215,20250188,하트맨,2026-01-14,1.9,0.0,939,187000,2302863970,18,247514
20260215,20256320,부고니아,2025-11-05,6.5,0.0,245,178800,737860900,16,73567
20260215,20256397,원 배틀 애프터 어나더,2025-10-01,15.6,0.0,90,154000,5728993680,14,538271
20260215,20249624,프로젝트 Y,2026-01-21,3.7,0.0,134,43000,1373433560,5,140710
20260215,20259641,송 썽 블루,2026-01-14,2.7,0.0,150,33000,111344500,4,14480
20260215,20258885,프라이메이트,2026-01-28,2.1,0.0,142,21000,347808820,3,37267
20260215,2025A371,로스트 호라이즌,2026-02-13,2.9,0.0,70,66000,759000,2,77
20260215,20261304,언더닌자,2026-02-05,1.1,0.0,88,9000,16085120,1,3178
20260215,20256286,뭉친 아랫도리를 자극하여 풀어주는 여관리사,2026-02-15,3.2,0.0,31,6000,6000,1,1
20260215,20255938,성감 마사지 체험하는 AV배우의 거친 플레이,2026-02-15,1.3,0.0,77,6000,6000,1,1
20260215,20256315,어린 상사에게 야한 냄새 풍기는 욕구불만 유부녀,2026-02-15,1.3,0.0,77,6000,6000,1,1
20260215,20255940,여대생 자위 클럽에서 유료 옵션 추가하는 배우,2026-02-15,1.3,0.0,77,6000,6000,1,1
20260215,20256317,여자친구 몰래 즐기는 여동생과 누드 데이트,2026-02-15,3.2,0.0,31,6000,6000,1,1
20260215,20256316,연하남을 리드하여 빨아먹는 섹스리스 유부녀,2026-02-15,3.2,0.0,31,6000,6000,1,1
20260215,20256287,욕망 가득 섹시 미녀들의 몸을 건 섹스게임,2026-02-15,3.2,0.0,31,6000,6000,1,1
20260215,20255939,육아에서 해방된 성욕왕성 유부녀의 일탈,2026-02-15,1.3,0.0,77,6000,6000,1,1
20260215,20255961,음란 최면에 빠져 아랫도리 개방하는 여대생,2026-02-15,1.3,0.0,77,6000,6000,1,1
20260215,20256318,환자의 사정을 케어하고 탐하는 에로 클리닉,2026-02-15,3.2,0.0,31,6000,6000,1,1
20260215,20212413,수궁,2026-01-01,2.8,0.0,36,5000,1123000,1,217
20260215,20259662,러브 인 베트남,2026-01-21,0.0,0.0,45,0,3621500,0,385
20260214,20250482,"신비아파트 10주년 극장판: 한 번 더, 소환",2026-01-14,17.8,0.7,16672,29346970,2917779810,2966,325407
20260214,20261526,아이엠스타!X프리파라 더 무비 -만남의 기적!-,2026-02-04,19.1,0.6,13513,27090400,402698200,2584,37852
20260214,20252432,주토피아 2,2025-11-26,18.6,0.5,11939,22631900,82734315990,2225,8596655
20260214,20250839,영원,2026-02-04,33.9,0.2,4985,13040520,122200540,1692,12589
20260214,20261185,아웃 오브 네스트,2026-02-13,10.0,0.5,11881,10177000,24617300,1185,2786
20260214,20261041,스트레이 키즈 : 더 도미네이트 익스피리언스,2026-02-04,12.4,0.4,8791,27225000,518806000,1089,20140
20260214,20260935,더 로즈: 컴 백 투 미,2026-02-14,24.8,0.2,3452,19875000,19875000,855,855
20260214,20256396,아바타: 불과 재,2025-12-17,36.8,0.1,2137,10166430,78780055740,786,6733065
20260214,20161872,너의 이름은.,2017-01-04,72.2,0.0,979,7770600,32561838607,707,3967468
20260214,20190280,날씨의 아이,2019-10-30,72.1,0.0,699,5644540,7631892182,504,888301
20260214,20261150,점보,2026-02-18,8.3,0.2,4792,4068370,11809370,396,1199
20260214,20250112,극장판 총집편 걸즈 밴드 크라이 청춘광주곡,2026-01-28,13.0,0.1,2940,4396500,178666760,383,17973
20260214,20258285,프랑켄슈타인,2025-10-22,25.9,0.0,642,2010600,240858390,166,24577
20260214,20256757,극장판 체인소 맨: 레제편,2025-09-24,14.4,0.0,1048,1589660,36258726050,151,3448956
20260214,20250686,하우스메이드,2026-01-28,68.4,0.0,174,1320870,624707690,119,67577
20260214,20259383,극장판 짱구는 못말려: 초화려! 작열하는 떡잎마을 댄서즈,2025-12-24,19.1,0.0,582,1063900,4630602860,111,487416
20260214,20256397,원 배틀 애프터 어나더,2025-10-01,27.4,0.0,383,1192000,5728839680,105,538257
20260214,20250644,직장상사 길들이기,2026-01-28,23.3,0.0,314,644700,706880400,73,75033
20260214,20258808,뽀로로 극장판 스위트캐슬 대모험,2025-12-11,4.2,0.1,1656,579200,2293335670,69,264571
20260214,20050209,불안은 영혼을 잠식한다,1997-11-22,43.5,0.0,138,636000,14813000,60,1878
20260214,20256320,부고니아,2025-11-05,10.4,0.0,480,588100,737682100,50,73551
20260214,20250299,고고다이노 극장판: 곤충세계 대모험,2026-01-14,12.7,0.0,387,510000,369881200,49,41346
20260214,20254602,씨너스: 죄인들,2025-05-28,28.8,0.0,132,413000,1010242940,38,87018
20260214,20247690,시스터,2026-01-28,5.0,0.0,678,373500,582101280,34,69843
20260214,20250365,햄넷,2026-02-25,42.7,0.0,75,381400,24225650,32,2439
20260214,20183813,결백,2020-06-10,100.0,0.0,30,210000,7859839340,30,894055
20260214,20250563,정글비트 2,2026-01-29,6.9,0.0,434,207500,168214020,30,21592
20260214,20242541,룩백,2024-09-05,25.0,0.0,88,181000,3154823704,22,328331
20260214,20250188,하트맨,2026-01-14,2.7,0.0,707,158500,2302676970,19,247496
20260214,20070458,냉정과 열정사이,2003-10-10,10.0,0.0,90,99000,457069600,9,56901
20260214,20258885,프라이메이트,2026-01-28,5.6,0.0,142,48000,347787820,8,37264
20260214,19960103,라스베가스를 떠나며,1996-03-01,8.3,0.0,72,30000,46773200,6,4632
20260214,20261304,언더닌자,2026-02-05,2.3,0.0,174,38000,16076120,4,3177
20260214,20259641,송 썽 블루,2026-01-14,2.7,0.0,150,32000,111311500,4,14476
20260214,20249624,프로젝트 Y,2026-01-21,3.1,0.0,97,34000,1373390560,3,140705
20260214,2025A371,로스트 호라이즌,2026-02-13,2.9,0.0,70,66000,693000,2,75
20260214,20258311,엄마를 버리러 갑니다,2025-11-05,0.0,0.0,45,0,216261600,0,24399
20260213,20190280,날씨의 아이,2019-10-30,65.7,0.1,1923,13888550,7626247642,1264,887797
20260213,20250604,극장판 엉덩이 탐정: 스타 앤드 문,2026-02-07,8.6,0.5,11993,7605900,201571600,1027,26275
20260213,20261041,스트레이 키즈 : 더 도미네이트 익스피리언스,2026-02-04,9.4,0.4,9451,22100000,491581000,884,19051
20260213,20250839,영원,2026-02-04,15.2,0.2,5415,4862000,109160020,825,10897
20260213,20250840,바다 탐험대 옥토넛 어보브 앤 비욘드 : 육지생물 구조작전,2026-02-12,5.1,0.7,15973,7720300,37468300,807,4066
20260213,20252432,주토피아 2,2025-11-26,16.6,0.2,4529,6632000,82711684090,750,8594430
20260213,20256396,아바타: 불과 재,2025-12-17,25.5,0.1,2678,7961420,78769889310,682,6732279
20260213,20261185,아웃 오브 네스트,2026-02-13,6.6,0.4,9373,5084300,14440300,618,1601
20260213,20250563,정글비트 2,2026-01-29,55.7,0.0,840,3040000,168006520,468,21562
20260213,20250482,"신비아파트 10주년 극장판: 한 번 더, 소환",2026-01-14,9.1,0.2,4811,3743500,2888432840,439,322441
20260213,20250112,극장판 총집편 걸즈 밴드 크라이 청춘광주곡,2026-01-28,7.5,0.1,2225,1792200,174270260,167,17590
20260213,20258325,스노우 폭스 : 마법의 돌을 찾아서,2026-01-10,31.8,0.0,337,642000,134982700,107,20344
20260213,20256757,극장판 체인소 맨: 레제편,2025-09-24,12.0,0.0,881,1131000,36257136390,106,3448805
20260213,20250365,햄넷,2026-02-25,12.7,0.0,829,1128100,23844250,105,2407
20260213,20258285,프랑켄슈타인,2025-10-22,10.6,0.0,782,955400,238847790,83,24411
20260213,20256320,부고니아,2025-11-05,9.5,0.0,870,950500,737094000,83,73501
20260213,20250686,하우스메이드,2026-01-28,21.8,0.0,354,873300,623386820,77,67458
20260213,2025A371,로스트 호라이즌,2026-02-13,5.9,0.1,1236,627000,627000,73,73
20260213,20247690,시스터,2026-01-28,6.5,0.0,903,643000,581727780,59,69809
20260213,20259383,극장판 짱구는 못말려: 초화려! 작열하는 떡잎마을 댄서즈,2025-12-24,9.5,0.0,558,519000,4629538960,53,487305
20260213,20256397,원 배틀 애프터 어나더,2025-10-01,17.8,0.0,293,567500,5727647680,52,538152
20260213,20241101,호랑님의 생일날,2024-10-04,26.2,0.0,164,258000,29947000,43,4957
20260213,20258808,뽀로로 극장판 스위트캐슬 대모험,2025-12-11,5.6,0.0,660,276000,2292756470,37,264502
20260213,20250188,하트맨,2026-01-14,2.9,0.0,973,295500,2302518470,28,247477
20260213,20250644,직장상사 길들이기,2026-01-28,6.8,0.0,396,225500,706235700,27,74960
20260213,19940364,마리아 브라운의 결혼,1994-10-29,18.8,0.0,138,286000,2137000,26,235
20260213,20174142,아이 캔 스피크,2017-09-21,39.7,0.0,63,150000,25617170886,25,3292957
20260213,19688113,황야는 통곡한다,1971-01-24,8.3,0.0,230,115000,865000,19,331
20260213,20254602,씨너스: 죄인들,2025-05-28,37.5,0.0,40,165000,1009829940,15,86980
20260213,20249624,프로젝트 Y,2026-01-21,4.8,0.0,230,92500,1373356560,11,140702
20260213,20242541,룩백,2024-09-05,10.2,0.0,88,69000,3154642704,9,328309
20260213,20250299,고고다이노 극장판: 곤충세계 대모험,2026-01-14,1.7,0.0,411,75000,369371200,7,41297
20260213,20261100,불륜의 성 파트1,2026-02-13,1.2,0.0,410,25000,25000,5,5
20260213,20070458,냉정과 열정사이,2003-10-10,2.2,0.0,90,22000,456970600,2,56892
20260213,20261304,언더닌자,2026-02-05,1.4,0.0,71,10000,16038120,1,3173
20260213,20259641,송 썽 블루,2026-01-14,0.7,0.0,150,8000,111279500,1,14472
20260213,19960103,라스베가스를 떠나며,1996-03-01,1.1,0.0,90,7000,46743200,1,4626
20260213,20261641,노래방 : 맛있는 세자매,2026-02-13,0.5,0.0,195,1000,1000,1,1
20260212,20261041,스트레이 키즈 : 더 도미네이트 익스피리언스,2026-02-04,13.0,0.5,9915,32150000,469481000,1286,18167
20260212,20250604,극장판 엉덩이 탐정: 스타 앤드 문,2026-02-07,11.0,0.5,10796,7995200,193965700,1182,25248
20260212,20252432,주토피아 2,2025-11-26,17.9,0.2,4653,6458800,82705052090,833,8593680
20260212,20250839,영원,2026-02-04,15.1,0.2,5197,4599170,104298020,784,10072
20260212,20247690,시스터,2026-01-28,23.7,0.1,2447,3740000,581084780,579,69750
20260212,20250365,햄넷,2026-02-25,53.4,0.0,938,4792000,22716150,501,2302
20260212,20261185,아웃 오브 네스트,2026-02-13,70.0,0.0,673,4236000,9356000,471,983
20260212,20250482,"신비아파트 10주년 극장판: 한 번 더, 소환",2026-01-14,9.0,0.2,4630,3408100,2884689340,418,322002
20260212,20250112,극장판 총집편 걸즈 밴드 크라이 청춘광주곡,2026-01-28,11.8,0.2,3478,3931140,172478060,409,17423
20260212,20256757,극장판 체인소 맨: 레제편,2025-09-24,18.5,0.1,2039,3930800,36256005390,378,3448699
20260212,20250188,하트맨,2026-01-14,21.8,0.1,1662,1918000,2302222970,363,247449
20260212,20256396,아바타: 불과 재,2025-12-17,14.1,0.1,2193,2976770,78761927890,310,6731597
20260212,20250563,정글비트 2,2026-01-29,35.3,0.0,872,2407000,164966520,308,21094
20260212,20261150,점보,2026-02-18,117.0,0.0,247,2601000,7741000,289,803
20260212,20261620,나이트 라이더,2026-02-12,12.7,0.1,1330,1041000,1041000,169,169
20260212,20227810,에반게리온 신극장판: Q,2022-10-14,9.8,0.1,1667,1628500,175233917,164,16881
20260212,20258325,스노우 폭스 : 마법의 돌을 찾아서,2026-01-10,34.8,0.0,322,639500,134340700,112,20237
20260212,20258808,뽀로로 극장판 스위트캐슬 대모험,2025-12-11,8.9,0.0,1085,693000,2292480470,96,264465
20260212,20225637,뿌까의 짜장면파티,2022-07-04,29.0,0.0,200,348000,255654500,58,42428
20260212,20254602,씨너스: 죄인들,2025-05-28,17.4,0.0,293,544500,1009664940,51,86965
20260212,20259383,극장판 짱구는 못말려: 초화려! 작열하는 떡잎마을 댄서즈,2025-12-24,6.3,0.0,556,344800,4629019960,35,487252
20260212,20258285,프랑켄슈타인,2025-10-22,17.7,0.0,186,361600,237892390,33,24328
20260212,20250644,직장상사 길들이기,2026-01-28,7.9,0.0,405,294500,706010200,32,74933
20260212,20256320,부고니아,2025-11-05,8.8,0.0,320,321600,736143500,28,73418
20260212,20250686,하우스메이드,2026-01-28,9.9,0.0,262,244500,622513520,26,67381
20260212,20249624,프로젝트 Y,2026-01-21,6.5,0.0,245,164000,1373264060,16,140691
20260212,20256397,원 배틀 애프터 어나더,2025-10-01,37.5,0.0,40,105000,5727080180,15,538100
20260212,20259641,송 썽 블루,2026-01-14,6.7,0.0,180,80000,111271500,12,14471
20260212,20070458,냉정과 열정사이,2003-10-10,13.5,0.0,52,70000,456948600,7,56890
20260212,20242541,룩백,2024-09-05,6.8,0.0,88,54000,3154573704,6,328300
20260212,20050097,올리브나무사이로,1997-08-23,7.7,0.0,52,28000,8289000,4,1018
20260212,20261304,언더닌자,2026-02-05,3.5,0.0,86,36000,16028120,3,3172
20260212,20256173,스폰지밥 무비: 네모바지를 찾아서,2026-01-01,8.8,0.0,34,21000,773208690,3,86512
20260212,20261688,선 넘은 여동생,2026-02-12,0.7,0.0,146,6000,6000,1,1
20260212,20261675,중년 성생활의 종착지,2026-02-12,0.7,0.0,146,6000,6000,1,1
20260225,20242837,왕과 사는 남자,2026-02-04,28.7,54.6,1079070,2417894910,62577441150,309572,6528473
20260225,20241266,휴민트,2026-02-11,13.1,14.7,290320,312647710,16865557820,37892,1675637
20260225,20261181,너자 2,2026-02-25,9.6,3.7,72422,53822600,89043600,6936,10139
20260225,20250365,햄넷,2026-02-25,10.4,2.7,53964,43640460,100010780,5633,11121
20260225,20247457,신의악단,2025-12-31,9.7,2.6,50646,39963700,13004835810,4905,1363131
20260225,20252373,넘버원,2026-02-11,10.9,1.9,37624,33090300,2434040550,4103,253882
20260225,20261208,귀신 부르는 앱: 영,2026-02-18,12.8,1.5,29335,30291000,738850200,3747,73234
20260225,20261526,아이엠스타!X프리파라 더 무비 -만남의 기적!-,2026-02-04,22.6,0.6,11093,24167000,699820300,2509,66932
20260225,20249255,만약에 우리,2025-12-31,10.2,0.6,11518,10156900,25435570810,1179,2595639
20260225,20254602,씨너스: 죄인들,2025-05-28,9.8,0.5,9594,11280960,1052428300,944,90892
20260224,20242837,왕과 사는 남자,2026-02-04,18.5,54.5,1053328,1827069870,60159546240,194636,6218901
20260224,20241266,휴민트,2026-02-11,6.6,20.9,403042,258103480,16552910110,26624,1637745
20260224,20252373,넘버원,2026-02-11,6.4,4.1,79666,46301500,2400950250,5091,249779
20260224,20247457,신의악단,2025-12-31,6.9,3.7,71262,44477240,12964872110,4914,1358226
20260224,20261208,귀신 부르는 앱: 영,2026-02-18,11.9,2.0,38622,42252500,708559200,4590,69487
20260224,20261150,점보,2026-02-18,10.3,1.8,34529,30184100,402230120,3553,45106
20260224,20249255,만약에 우리,2025-12-31,6.1,1.9,35912,22582470,25425413910,2187,2594460
20260224,20257823,폭풍의 언덕,2026-02-11,6.1,1.1,21646,12486980,577532170,1324,57770
20260224,20261439,"2024.12.03 그날 조작된 내란, 감춰진 진실",2026-02-04,5.0,1.2,22503,10152010,2063144730,1127,209876
20260224,20250840,바다 탐험대 옥토넛 어보브 앤 비욘드 : 육지생물 구조작전,2026-02-12,5.4,0.7,14365,6860500,267124700,775,27678
20260223,20242837,왕과 사는 남자,2026-02-04,18.7,54.4,1047129,1841999690,58332476370,195470,6024265
20260223,20241266,휴민트,2026-02-11,7.9,21.2,408252,327488800,16294806630,32115,1611121
20260223,20252373,넘버원,2026-02-11,6.6,4.2,79945,47802850,2354648750,5276,244688
20260223,20247457,신의악단,2025-12-31,6.6,3.7,71219,43174450,12920394870,4667,1353312
20260223,20261208,귀신 부르는 앱: 영,2026-02-18,11.3,2.1,39734,45899900,666306700,4474,64897
20260223,20261150,점보,2026-02-18,7.8,1.7,33107,22270150,372046020,2584,41553
20260223,20249255,만약에 우리,2025-12-31,6.4,1.9,36448,24189200,25402831440,2328,2592273
20260223,20261181,너자 2,2026-02-25,96.6,0.1,1201,8120000,35221000,1160,3203
20260223,20257823,폭풍의 언덕,2026-02-11,5.3,1.1,21254,10390530,565045190,1116,56446
20260223,20261439,"2024.12.03 그날 조작된 내란, 감춰진 진실",2026-02-04,4.7,1.2,23180,9680740,2052992720,1080,208749
20260222,20242837,왕과 사는 남자,2026-02-04,46.7,55.8,1216331,5554146750,56490476680,568288,5828795
20260222,20241266,휴민트,2026-02-11,19.7,20.5,447104,912149530,15967317830,88007,1579006
20260222,20247457,신의악단,2025-12-31,23.0,3.8,81964,176840660,12877220420,18886,1348645
20260222,20252373,넘버원,2026-02-11,19.8,3.7,81025,157792100,2306845900,16015,239412
20260222,20261208,귀신 부르는 앱: 영,2026-02-18,29.8,1.8,38205,118273100,620406800,11391,60423
20260222,20261150,점보,2026-02-18,20.0,2.2,49037,86828530,349775870,9807,38969
20260222,20249255,만약에 우리,2025-12-31,14.1,1.3,29173,43325100,25378642240,4116,2589945
20260222,20261439,"2024.12.03 그날 조작된 내란, 감춰진 진실",2026-02-04,10.7,0.9,19903,21168600,2043311980,2136,207669
20260222,20250840,바다 탐험대 옥토넛 어보브 앤 비욘드 : 육지생물 구조작전,2026-02-12,9.1,1.0,22994,20194200,253264300,2086,26101
20260222,20250604,극장판 엉덩이 탐정: 스타 앤드 문,2026-02-07,11.9,0.8,16633,17261700,441787500,1976,55045
20260221,20242837,왕과 사는 남자,2026-02-04,45.7,55.7,1270846,5691833080,50936329930,581160,5260507
20260221,20241266,휴민트,2026-02-11,20.9,21.0,478697,1025956220,15055168300,100054,1490999
20260221,20252373,넘버원,2026-02-11,18.9,3.6,83209,156346730,2149053800,15757,223397
20260221,20247457,신의악단,2025-12-31,16.8,3.7,83559,135986500,12700379760,14064,1329759
20260221,20261208,귀신 부르는 앱: 영,2026-02-18,32.6,1.7,39085,133172300,502133700,12759,49032
20260221,20261150,점보,2026-02-18,18.6,2.2,49744,82505100,262947340,9260,29162
20260221,20249255,만약에 우리,2025-12-31,16.8,1.3,30071,52562700,25335317140,5053,2585829
20260221,20257823,폭풍의 언덕,2026-02-11,12.6,0.8,18350,24052500,537961520,2307,53788
20260221,20261526,아이엠스타!X프리파라 더 무비 -만남의 기적!-,2026-02-04,16.9,0.5,11831,20436000,642404100,2003,61161
20260221,20261439,"2024.12.03 그날 조작된 내란, 감춰진 진실",2026-02-04,9.2,0.9,21506,19080800,2022143380,1985,205533
20260220,20242837,왕과 사는 남자,2026-02-04,25.8,48.2,1026917,2586365530,45244496850,264713,4679347
20260220,20241266,휴민트,2026-02-11,9.5,25.3,540114,519326920,14029212080,51305,1390945
20260220,20252373,넘버원,2026-02-11,8.8,4.8,102588,85752790,1992707070,9033,207640
20260220,20261208,귀신 부르는 앱: 영,2026-02-18,19.2,2.0,42712,84787600,368961400,8195,36273
20260220,20247457,신의악단,2025-12-31,10.6,3.6,75795,74579950,12564393260,8017,1315695
20260220,20249255,만약에 우리,2025-12-31,9.6,2.1,45744,47107840,25282754440,4384,2580776
20260220,20261526,아이엠스타!X프리파라 더 무비 -만남의 기적!-,2026-02-04,26.0,0.6,13099,35693300,621968100,3408,59158
20260220,20261150,점보,2026-02-18,8.8,1.7,36903,29130000,180442240,3263,19902
20260220,20261439,"2024.12.03 그날 조작된 내란, 감춰진 진실",2026-02-04,7.1,1.4,29578,20243100,2003062580,2102,203548
20260220,20257823,폭풍의 언덕,2026-02-11,6.1,1.6,33679,21117350,513909020,2064,51481
20260219,20242837,왕과 사는 남자,2026-02-04,26.0,45.5,922676,2231556760,42658131320,239783,4414634
20260219,20241266,휴민트,2026-02-11,10.0,26.9,546059,532681280,13509885160,54834,1339640
20260219,20252373,넘버원,2026-02-11,10.3,5.1,104218,97506630,1906954280,10762,198607
20260219,20261208,귀신 부르는 앱: 영,2026-02-18,21.4,2.1,42957,91871100,284173800,9175,28078
20260219,20247457,신의악단,2025-12-31,12.4,3.4,68626,78315430,12489813310,8480,1307678
20260219,20261526,아이엠스타!X프리파라 더 무비 -만남의 기적!-,2026-02-04,46.2,0.6,11968,54846900,586274800,5533,55750
20260219,20249255,만약에 우리,2025-12-31,10.0,2.2,44958,45238700,25235646600,4486,2576392
20260219,20250878,노 머시: 90분,2026-02-04,43.9,0.4,8341,33504200,944078100,3661,98458
20260219,20261439,"2024.12.03 그날 조작된 내란, 감춰진 진실",2026-02-04,9.7,1.5,30611,26793700,1982819480,2969,201446
20260219,20261150,점보,2026-02-18,7.1,1.7,34617,21188540,151312240,2470,16639
20260225,20261150,점보,2026-02-18,16.0,0.2,4520,6208320,408438440,722,45828
20260225,20261439,"2024.12.03 그날 조작된 내란, 감춰진 진실",2026-02-04,6.8,0.5,9757,5628800,2068773530,665,210541
20260225,20256397,원 배틀 애프터 어나더,2025-10-01,5.7,0.6,11203,7966840,5754474720,643,540605
20260225,20261323,아기 티라노 디보: 초식이지만 괜찮아!,2026-02-25,4.3,0.7,14460,5807400,8509200,628,895
20260225,20250840,바다 탐험대 옥토넛 어보브 앤 비욘드 : 육지생물 구조작전,2026-02-12,8.6,0.4,7173,5634200,272758900,615,28293
20260225,20161872,너의 이름은.,2017-01-04,24.8,0.1,2335,4741600,32664513637,579,3976927
20260225,20257823,폭풍의 언덕,2026-02-11,13.9,0.2,3379,3680400,581212570,468,58238
20260225,20256283,호퍼스,2026-03-04,100.0,0.0,378,6426000,10611000,378,811
20260225,20256396,아바타: 불과 재,2025-12-17,9.2,0.2,3748,3689800,78876169040,346,6741741
20260225,20190280,날씨의 아이,2019-10-30,15.8,0.1,2174,3125700,7690894952,343,893802
20260225,20258285,프랑켄슈타인,2025-10-22,48.4,0.0,620,2501500,249186990,300,25381
20260225,20250604,극장판 엉덩이 탐정: 스타 앤드 문,2026-02-07,17.6,0.1,1669,2315500,454493400,293,56604
20260225,20261185,아웃 오브 네스트,2026-02-13,14.3,0.1,1993,2304000,80428550,284,9283
20260225,20250644,직장상사 길들이기,2026-01-28,54.2,0.0,297,1553000,713763900,161,75718
20260225,20250839,영원,2026-02-04,16.5,0.0,947,1292600,157664630,156,16978
20260225,20258808,뽀로로 극장판 스위트캐슬 대모험,2025-12-11,8.6,0.1,1693,1236100,2300869510,145,265468
20260225,20252432,주토피아 2,2025-11-26,28.6,0.0,489,1086100,82862848050,140,8609537
20260225,20250482,"신비아파트 10주년 극장판: 한 번 더, 소환",2026-01-14,8.4,0.1,1410,898000,3046476080,119,339212
20260225,20258324,731,2026-01-21,63.5,0.0,178,851000,297593100,113,32102
20260225,20250181,영화 러브 라이브! 니지가사키 학원 스쿨 아이돌 동호회 완결편 제2장,2026-02-18,2.4,0.2,4268,948400,54635420,102,4989
20260225,20259770,도망쳐,2026-02-25,5.3,0.1,1366,627000,627000,73,73
20260225,20260935,더 로즈: 컴 백 투 미,2026-02-14,63.2,0.0,114,1800000,27925000,72,1177
20260225,20250563,정글비트 2,2026-01-29,48.0,0.0,125,360000,173461020,60,22308
20260225,20256320,부고니아,2025-11-05,10.8,0.0,528,476300,741358000,57,73910
20260225,20250112,극장판 총집편 걸즈 밴드 크라이 청춘광주곡,2026-01-28,2.8,0.1,1738,495400,202363300,49,20303
20260225,20212866,서울의 봄,2023-11-22,100.0,0.0,40,480000,127930982212,40,13128547
20260225,20250878,노 머시: 90분,2026-02-04,5.1,0.0,724,267000,965683730,37,100625
20260225,20256757,극장판 체인소 맨: 레제편,2025-09-24,9.9,0.0,325,357500,36273791840,32,3450281
20260225,20258484,"미스터김, 영화관에 가다",2026-02-19,3.3,0.0,973,274500,4958908,32,609
20260225,20259641,송 썽 블루,2026-01-14,5.6,0.0,485,178000,112395500,27,14611
20260225,20250188,하트맨,2026-01-14,6.6,0.0,256,85000,2304712270,17,247753
20260225,20050097,올리브나무사이로,1997-08-23,24.0,0.0,50,84000,8519000,12,1047
20260225,20256684,웨폰,2025-10-15,5.7,0.0,212,77000,824428070,12,82344
20260225,20070458,냉정과 열정사이,2003-10-10,8.9,0.0,90,56000,457353600,8,56931
20260225,20250299,고고다이노 극장판: 곤충세계 대모험,2026-01-14,6.7,0.0,105,61000,373662300,7,41772
20260225,20247690,시스터,2026-01-28,1.4,0.0,506,52000,585600080,7,70219
20260225,20249624,프로젝트 Y,2026-01-21,2.3,0.0,132,20000,1373828060,3,140751
20260225,20203702,노량: 죽음의 바다,2023-12-20,2.2,0.0,92,20000,45011106375,2,4573779
20260225,20209343,한산: 용의 출현,2022-07-27,1.1,0.0,92,10000,73717084977,1,7267043
20260225,20261304,언더닌자,2026-02-05,1.1,0.0,88,8500,16195620,1,3191
20260225,20261615,"금지된 사랑 : 시아버지와 며느리, 장모와 사위",2026-02-25,0.7,0.0,146,6000,6000,1,1
20260225,20261808,더 깊숙이 넣어줘요 오빠,2026-02-25,1.2,0.0,83,6000,6000,1,1
20260225,20261861,젖어있는 40대 누나랑 가능?,2026-02-25,1.2,0.0,83,6000,6000,1,1
20260225,20250434,한여자 두남자 : 노천탕에서 2대1,2026-02-25,0.7,0.0,146,6000,6000,1,1
20260225,20261748,찰지게 떡치는 새엄마,2026-02-25,0.5,0.0,195,1000,1000,1,1
20260225,20136910,태양의 서커스 월드 어웨이,2016-01-06,0.0,0.0,413,0,67547000,0,4334
20260224,20261526,아이엠스타!X프리파라 더 무비 -만남의 기적!-,2026-02-04,6.4,0.6,11173,7243600,675653300,716,64423
20260224,20250604,극장판 엉덩이 탐정: 스타 앤드 문,2026-02-07,8.9,0.4,7484,5481600,452177900,668,56311
20260224,20261185,아웃 오브 네스트,2026-02-13,19.4,0.2,3297,5693400,78124550,641,8999
20260224,20250482,"신비아파트 10주년 극장판: 한 번 더, 소환",2026-01-14,12.4,0.2,4720,4853800,3045578080,583,339093
20260224,20161872,너의 이름은.,2017-01-04,21.3,0.1,2407,5082000,32659772037,512,3976348
20260224,20256283,호퍼스,2026-03-04,110.7,0.0,391,4185000,4185000,433,433
20260224,20190280,날씨의 아이,2019-10-30,21.0,0.1,1738,3634400,7687769252,365,893459
20260224,20254602,씨너스: 죄인들,2025-05-28,8.2,0.2,3865,3135200,1041147340,318,89948
20260224,20250839,영원,2026-02-04,8.3,0.2,3398,2059550,156372030,283,16822
20260224,20256396,아바타: 불과 재,2025-12-17,8.2,0.2,3307,3388500,78872479240,272,6741395
20260224,20250644,직장상사 길들이기,2026-01-28,64.3,0.0,400,2562500,712210900,257,75557
20260224,20252432,주토피아 2,2025-11-26,12.3,0.1,1750,2105300,82861761950,216,8609397
20260224,20257744,28년 후: 뼈의 사원,2026-02-27,96.0,0.0,200,2112000,2112000,192,192
20260224,20250878,노 머시: 90분,2026-02-04,4.7,0.2,3672,1614800,965416730,171,100588
20260224,20250181,영화 러브 라이브! 니지가사키 학원 스쿨 아이돌 동호회 완결편 제2장,2026-02-18,2.0,0.4,6967,1347400,53687020,137,4887
20260224,20258808,뽀로로 극장판 스위트캐슬 대모험,2025-12-11,6.4,0.1,1439,723200,2299633410,92,265323
20260224,20250112,극장판 총집편 걸즈 밴드 크라이 청춘광주곡,2026-01-28,5.2,0.1,1608,855900,201867900,84,20254
20260224,20241941,좀비딸,2025-07-30,81.8,0.0,99,567000,53138499990,81,5640304
20260224,20250586,주희에게,2026-04-15,70.8,0.0,113,720000,4491000,80,499
20260224,20256757,극장판 체인소 맨: 레제편,2025-09-24,10.7,0.0,732,746500,36273434340,78,3450249
20260224,20250365,햄넷,2026-02-25,5.2,0.1,1165,586200,56370320,60,5488
20260224,20250299,고고다이노 극장판: 곤충세계 대모험,2026-01-14,16.4,0.0,312,326000,373601300,51,41765
20260224,20259383,극장판 짱구는 못말려: 초화려! 작열하는 떡잎마을 댄서즈,2025-12-24,12.2,0.0,361,311500,4636926660,44,488076
20260224,20250686,하우스메이드,2026-01-28,15.7,0.0,249,445700,633173990,39,68325
20260224,20256397,원 배틀 애프터 어나더,2025-10-01,4.4,0.0,855,334000,5746507880,38,539962
20260224,20226444,극장판 엄마 까투리: 도시로 간 까투리 가족,2022-09-08,72.9,0.0,48,210000,1621047999,35,175638
20260224,19940315,펄프 픽션,1994-09-10,88.5,0.0,26,230000,109041900,23,10979
20260224,20256320,부고니아,2025-11-05,6.7,0.0,284,200100,740881700,19,73853
20260224,20247690,시스터,2026-01-28,1.4,0.1,1330,161500,585548080,18,70212
20260224,20258484,"미스터김, 영화관에 가다",2026-02-19,2.0,0.0,804,144100,4684408,16,577
20260224,20250563,정글비트 2,2026-01-29,22.4,0.0,58,65000,173101020,13,22248
20260224,20242541,룩백,2024-09-05,12.5,0.0,88,88000,3156009704,11,328482
20260224,20258739,극장판 주술회전: 시부야사변 X 사멸회유,2025-12-03,3.7,0.0,190,76500,3746591010,7,369385
20260224,20256684,웨폰,2025-10-15,7.7,0.0,91,76000,824351070,7,82332
20260224,20250188,하트맨,2026-01-14,1.4,0.0,434,62000,2304627270,6,247736
20260224,20209343,한산: 용의 출현,2022-07-27,5.4,0.0,92,39600,73717074977,5,7267042
20260224,20260935,더 로즈: 컴 백 투 미,2026-02-14,0.9,0.0,320,75000,26125000,3,1105
20260224,20203702,노량: 죽음의 바다,2023-12-20,3.3,0.0,92,25000,45011086375,3,4573777
20260224,20249624,프로젝트 Y,2026-01-21,2.6,0.0,77,15000,1373808060,2,140748
20260224,20261843,거기 넣어줄래요,2026-02-24,0.7,0.0,146,6000,6000,1,1
20260224,20261841,거유녀의 가슴 온기,2026-02-24,0.7,0.0,146,6000,6000,1,1
20260224,20261333,나는 여기가 젖었다,2026-02-24,0.7,0.0,146,6000,6000,1,1
20260224,20261344,너무 조이는 그녀의 구멍,2026-02-24,0.7,0.0,146,6000,6000,1,1
20260224,20261571,그녀의 엄마는 묻지 않았다,2026-02-24,0.5,0.0,194,1000,1000,1,1
20260224,20261589,내 마음을 선물한 유부녀,2026-02-24,1.1,0.0,91,1000,1000,1,1
20260224,20261573,노브라가 매력인 새엄마,2026-02-24,0.7,0.0,140,1000,1000,1,1
20260224,20261572,새엄마와 느림의 미학,2026-02-24,0.5,0.0,194,1000,1000,1,1
20260224,20261588,시아버지 그만해주세요 제발요,2026-02-24,1.1,0.0,91,1000,1000,1,1
20260224,20261591,장모님과 사위의 자격,2026-02-24,0.5,0.0,194,1000,1000,1,1
20260224,20261605,전생의 최애였던 새엄마,2026-02-24,0.7,0.0,140,1000,1000,1,1
20260224,20256222,처제의 첫경험 2,2026-02-24,1.1,0.0,91,1000,1000,1,1
20260224,20261508,첫여친의 엄마와 섹스,2026-02-24,1.1,0.0,91,1000,1000,1,1
20260224,20261592,친구엄마의 꽃이 피다,2026-02-24,0.7,0.0,140,1000,1000,1,1
20260223,20261526,아이엠스타!X프리파라 더 무비 -만남의 기적!-,2026-02-04,8.1,0.6,11569,9638000,668409700,937,63707
20260223,20250840,바다 탐험대 옥토넛 어보브 앤 비욘드 : 육지생물 구조작전,2026-02-12,5.6,0.7,14294,6999900,260264200,802,26903
20260223,20161872,너의 이름은.,2017-01-04,22.7,0.2,2868,6610540,32654690037,651,3975836
20260223,20250875,우리는 매일매일,2026-03-04,100.0,0.0,607,5463000,5463000,607,607
20260223,20250604,극장판 엉덩이 탐정: 스타 앤드 문,2026-02-07,7.8,0.4,7627,4908800,446696300,598,55643
20260223,20190280,날씨의 아이,2019-10-30,20.0,0.1,2115,4377550,7684134852,422,893094
20260223,20250482,"신비아파트 10주년 극장판: 한 번 더, 소환",2026-01-14,7.8,0.2,4386,2992450,3040724280,343,338510
20260223,20256396,아바타: 불과 재,2025-12-17,7.2,0.2,3623,3084100,78869090740,262,6741123
20260223,20256397,원 배틀 애프터 어나더,2025-10-01,12.3,0.1,2092,2501500,5746173880,258,539924
20260223,20250365,햄넷,2026-02-25,21.4,0.1,1190,2327200,55784120,255,5428
20260223,20261185,아웃 오브 네스트,2026-02-13,9.9,0.1,2323,1805750,72431150,230,8358
20260223,20254602,씨너스: 죄인들,2025-05-28,8.6,0.1,2559,2151200,1038012140,219,89630
20260223,20250878,노 머시: 90분,2026-02-04,4.4,0.2,4556,1973160,963801930,202,100417
20260223,20250839,영원,2026-02-04,6.5,0.2,2911,1549770,154312480,190,16539
20260223,20252432,주토피아 2,2025-11-26,9.8,0.1,1772,1724500,82859656650,173,8609181
20260223,20258808,뽀로로 극장판 스위트캐슬 대모험,2025-12-11,20.0,0.0,767,1091200,2298910210,153,265231
20260223,20250181,영화 러브 라이브! 니지가사키 학원 스쿨 아이돌 동호회 완결편 제2장,2026-02-18,1.9,0.4,7249,1309200,52339620,139,4750
20260223,20256757,극장판 체인소 맨: 레제편,2025-09-24,12.3,0.0,732,875000,36272687840,90,3450171
20260223,20226444,극장판 엄마 까투리: 도시로 간 까투리 가족,2022-09-08,66.7,0.0,129,572000,1620837999,86,175603
20260223,20250112,극장판 총집편 걸즈 밴드 크라이 청춘광주곡,2026-01-28,3.9,0.1,1990,755400,201012000,77,20170
20260223,20250188,하트맨,2026-01-14,17.8,0.0,377,548500,2304565270,67,247730
20260223,20250563,정글비트 2,2026-01-29,39.5,0.0,152,376000,173036020,60,22235
20260223,20211791,하이파이브,2025-05-30,61.9,0.0,63,234000,17546157020,39,1893702
20260223,20225637,뿌까의 짜장면파티,2022-07-04,27.1,0.0,96,156000,256248500,26,42527
20260223,20258484,"미스터김, 영화관에 가다",2026-02-19,1.6,0.1,1243,188600,4540308,20,561
20260223,20259641,송 썽 블루,2026-01-14,4.8,0.0,413,125000,112217500,20,14584
20260223,20258285,프랑켄슈타인,2025-10-22,20.2,0.0,94,221300,246685490,19,25081
20260223,20256320,부고니아,2025-11-05,3.9,0.0,413,110000,740681600,16,73834
20260223,20247690,시스터,2026-01-28,1.7,0.0,907,122500,585386580,15,70194
20260223,20256684,웨폰,2025-10-15,13.2,0.0,91,127000,824275070,12,82325
20260223,20259383,극장판 짱구는 못말려: 초화려! 작열하는 떡잎마을 댄서즈,2025-12-24,2.7,0.0,333,101000,4636615160,9,488032
20260223,20242541,룩백,2024-09-05,10.2,0.0,88,66000,3155921704,9,328471
20260223,20250299,고고다이노 극장판: 곤충세계 대모험,2026-01-14,5.1,0.0,157,55000,373275300,8,41714
20260223,20250644,직장상사 길들이기,2026-01-28,4.5,0.0,155,71500,709648400,7,75300
20260223,20250686,하우스메이드,2026-01-28,3.9,0.0,155,72000,632728290,6,68286
20260223,20249624,프로젝트 Y,2026-01-21,2.9,0.0,170,51000,1373793060,5,140746
20260223,20260935,더 로즈: 컴 백 투 미,2026-02-14,2.0,0.0,201,100000,26050000,4,1102
20260223,20261304,언더닌자,2026-02-05,1.1,0.0,88,11000,16187120,1,3190
20260223,20259662,러브 인 베트남,2026-01-21,3.3,0.0,30,10000,3731500,1,396
20260223,20250105,금단의 육체! 그녀는 나의 정액 저장소,2026-02-23,0.7,0.0,146,6000,6000,1,1
20260223,20261920,내 키스는 레벨업,2026-02-23,0.9,0.0,118,6000,6000,1,1
20260223,20255442,야한 이모 : 처녀보다 촉촉한 속살,2026-02-23,0.7,0.0,146,6000,6000,1,1
20260223,20261993,오늘부터 스와핑,2026-02-23,1.7,0.0,59,6000,6000,1,1
20260223,20255185,음란 카페 : 잘 주는 여사장,2026-02-23,0.7,0.0,146,6000,6000,1,1
20260223,20262013,이혼녀의 사랑 경매의 신 ep9,2026-02-23,1.7,0.0,59,6000,6000,1,1
20260223,20260938,폭유 란제리 G컵녀의 영업 비밀,2026-02-23,0.7,0.0,146,6000,6000,1,1
20260223,20261523,건방진 새아들 훈육,2026-02-23,0.5,0.0,195,1000,1000,1,1
20260223,20261505,남편과 내친구의 섹스,2026-02-23,0.5,0.0,194,1000,1000,1,1
20260223,20261507,땀범벅의 새엄마를 안다,2026-02-23,0.7,0.0,140,1000,1000,1,1
20260223,20261506,새엄마의 타이트한 청바지,2026-02-23,0.7,0.0,140,1000,1000,1,1
20260223,20261503,아내 친구와 깊게 젖은 섹스,2026-02-23,0.5,0.0,194,1000,1000,1,1
20260223,20261433,여성의원 후보 5명의 성관계,2026-02-23,1.1,0.0,91,1000,1000,1,1
20260223,20261504,영혼을 팔아 사랑한 새엄마,2026-02-23,0.5,0.0,194,1000,1000,1,1
20260223,20261435,착각하지 말라는 그녀의 섹스,2026-02-23,1.1,0.0,91,1000,1000,1,1
20260223,20261522,처형이 씻겨준 거시기,2026-02-23,0.7,0.0,140,1000,1000,1,1
20260223,20261434,출장 마사지의 미숙녀와 힐링,2026-02-23,1.1,0.0,91,1000,1000,1,1
20260222,20261526,아이엠스타!X프리파라 더 무비 -만남의 기적!-,2026-02-04,14.7,0.5,10983,16367600,658771700,1609,62770
20260222,20257823,폭풍의 언덕,2026-02-11,9.1,0.8,16922,16693140,554654660,1542,55330
20260222,20161872,너의 이름은.,2017-01-04,42.6,0.1,3109,14645800,32648079497,1323,3975185
20260222,20250482,"신비아파트 10주년 극장판: 한 번 더, 소환",2026-01-14,20.4,0.3,6465,12146600,3037731830,1321,338167
20260222,20190280,날씨의 아이,2019-10-30,42.6,0.1,1931,8747870,7679757302,823,892672
20260222,20252432,주토피아 2,2025-11-26,20.9,0.2,3706,7606810,82857932150,776,8609008
20260222,20250365,햄넷,2026-02-25,17.1,0.2,4264,7448700,53456920,729,5173
20260222,20256396,아바타: 불과 재,2025-12-17,17.5,0.2,4096,8494000,78866006640,717,6740861
20260222,20261041,스트레이 키즈 : 더 도미네이트 익스피리언스,2026-02-04,73.1,0.0,677,12375000,613598000,495,23932
20260222,20250878,노 머시: 90분,2026-02-04,11.5,0.2,3948,4600300,961828770,453,100215
20260222,20254602,씨너스: 죄인들,2025-05-28,19.7,0.1,2242,4326700,1035860940,442,89411
20260222,20250181,영화 러브 라이브! 니지가사키 학원 스쿨 아이돌 동호회 완결편 제2장,2026-02-18,4.6,0.4,9499,4461600,51030420,441,4611
20260222,20257844,초속5센티미터 X 특별영상 '어느 봄의 기억',2025-09-17,49.9,0.0,648,2765400,108899650,323,7164
20260222,20261185,아웃 오브 네스트,2026-02-13,8.8,0.2,3325,2503100,70625400,293,8128
20260222,20250839,영원,2026-02-04,7.8,0.1,2864,2353020,152762710,223,16349
20260222,20256757,극장판 체인소 맨: 레제편,2025-09-24,16.6,0.0,1160,2455640,36271812840,192,3450081
20260222,20256397,원 배틀 애프터 어나더,2025-10-01,19.6,0.0,690,1443700,5743672380,135,539666
20260222,20261323,아기 티라노 디보: 초식이지만 괜찮아!,2026-02-25,5.1,0.1,2640,1360300,2701800,135,267
20260222,20248559,영화 러브 라이브! 니지가사키 학원 스쿨 아이돌 동호회 완결편 제1장,2025-02-06,33.1,0.0,381,882000,107087620,126,11226
20260222,20250112,극장판 총집편 걸즈 밴드 크라이 청춘광주곡,2026-01-28,6.1,0.1,1989,1322900,200256600,121,20093
20260222,19790096,무숙자,1976-04-03,37.0,0.0,230,537000,1093000,85,283
20260222,20258808,뽀로로 극장판 스위트캐슬 대모험,2025-12-11,5.3,0.1,1315,631100,2297819010,69,265078
20260222,20258484,"미스터김, 영화관에 가다",2026-02-19,6.2,0.0,961,579000,4351708,60,541
20260222,20259383,극장판 짱구는 못말려: 초화려! 작열하는 떡잎마을 댄서즈,2025-12-24,11.2,0.0,394,448500,4636514160,44,488023
20260222,20250686,하우스메이드,2026-01-28,11.8,0.0,289,389200,632656290,34,68280
20260222,20250299,고고다이노 극장판: 곤충세계 대모험,2026-01-14,6.3,0.0,427,230000,373220300,27,41706
20260222,20247690,시스터,2026-01-28,2.0,0.1,1324,214500,585264080,26,70179
20260222,19940315,펄프 픽션,1994-09-10,92.3,0.0,26,264000,108811900,24,10956
20260222,20250644,직장상사 길들이기,2026-01-28,15.5,0.0,155,249500,709576900,24,75293
20260222,20030046,살인의 추억,2003-04-25,65.4,0.0,26,180000,95611097,17,14781
20260222,20256684,웨폰,2025-10-15,7.6,0.0,212,115000,824148070,16,82313
20260222,20242541,룩백,2024-09-05,17.1,0.0,88,111000,3155855704,15,328462
20260222,20259641,송 썽 블루,2026-01-14,18.1,0.0,72,134000,112092500,13,14564
20260222,20260935,더 로즈: 컴 백 투 미,2026-02-14,1.8,0.0,498,225000,25950000,9,1098
20260222,20250188,하트맨,2026-01-14,1.6,0.0,582,85000,2304016770,9,247663
20260222,19960103,라스베가스를 떠나며,1996-03-01,20.0,0.0,30,72000,47127200,6,4666
20260222,20249624,프로젝트 Y,2026-01-21,2.5,0.0,158,36000,1373742060,4,140741
20260222,20261304,언더닌자,2026-02-05,2.3,0.0,88,18000,16176120,2,3189
20260222,20247007,남편보다 거친플레이를 원한 새엄마와 유부녀,2026-02-22,1.1,0.0,91,1000,1000,1,1
20260222,20261452,내 팬티를 찾아준 남자,2026-02-22,0.5,0.0,195,1000,1000,1,1
20260222,20261451,뭘 잘 모르는 그녀들에게,2026-02-22,0.7,0.0,140,1000,1000,1,1
20260222,20247012,새엄마의 몸을 씻기고 만져주고 안아주고,2026-02-22,1.1,0.0,91,1000,1000,1,1
20260222,20261623,새엄마의 흥분 지수,2026-02-22,0.7,0.0,140,1000,1000,1,1
20260222,20261454,신혼인 8명 유부녀의 성생활,2026-02-22,0.7,0.0,140,1000,1000,1,1
20260222,20261432,안경을 벗기자 너무 이쁜 그녀,2026-02-22,0.5,0.0,194,1000,1000,1,1
20260222,20247086,장모님과 새엄마의 과격한 애무기술,2026-02-22,1.1,0.0,91,1000,1000,1,1
20260222,20261453,하늘에서 속옷이 떨어져요,2026-02-22,0.5,0.0,194,1000,1000,1,1
20260222,20247289,혈기왕성한 새아들을 만족시키기엔 힘이들어,2026-02-22,0.5,0.0,194,1000,1000,1,1
20260221,20250840,바다 탐험대 옥토넛 어보브 앤 비욘드 : 육지생물 구조작전,2026-02-12,7.6,1.0,23217,17566400,233070100,1762,24015
20260221,20250604,극장판 엉덩이 탐정: 스타 앤드 문,2026-02-07,10.2,0.8,17151,15541000,424525800,1748,53069
20260221,20161872,너의 이름은.,2017-01-04,46.7,0.1,3052,15517680,32633433697,1424,3973862
20260221,20250482,"신비아파트 10주년 극장판: 한 번 더, 소환",2026-01-14,16.8,0.3,7650,11961920,3025585230,1286,336846
20260221,20256396,아바타: 불과 재,2025-12-17,24.8,0.2,3660,11136500,78857512640,909,6740144
20260221,20190280,날씨의 아이,2019-10-30,36.8,0.1,2377,9510000,7671009432,875,891849
20260221,20252432,주토피아 2,2025-11-26,19.5,0.2,3713,7259650,82850325340,724,8608232
20260221,20250878,노 머시: 90분,2026-02-04,15.3,0.2,4598,7192270,957228470,702,99762
20260221,20261041,스트레이 키즈 : 더 도미네이트 익스피리언스,2026-02-04,100.3,0.0,677,16975000,601223000,679,23437
20260221,20250365,햄넷,2026-02-25,15.5,0.2,3650,6005800,46008220,567,4444
20260221,20261185,아웃 오브 네스트,2026-02-13,14.8,0.1,2981,3332000,68122300,440,7835
20260221,20250181,영화 러브 라이브! 니지가사키 학원 스쿨 아이돌 동호회 완결편 제2장,2026-02-18,4.1,0.5,10726,4587760,46568820,438,4170
20260221,20250839,영원,2026-02-04,13.2,0.1,2858,3805120,150409690,377,16126
20260221,20254602,씨너스: 죄인들,2025-05-28,34.3,0.0,1093,4269200,1031534240,375,88969
20260221,20256397,원 배틀 애프터 어나더,2025-10-01,16.5,0.1,2217,3429700,5742228680,366,539531
20260221,20257844,초속5센티미터 X 특별영상 '어느 봄의 기억',2025-09-17,59.0,0.0,581,3169600,106134250,343,6841
20260221,20250112,극장판 총집편 걸즈 밴드 크라이 청춘광주곡,2026-01-28,9.5,0.1,1987,2063300,198933700,188,19972
20260221,20261323,아기 티라노 디보: 초식이지만 괜찮아!,2026-02-25,5.5,0.1,2383,1341500,1341500,132,132
20260221,20256757,극장판 체인소 맨: 레제편,2025-09-24,9.1,0.0,1226,1304560,36269357200,111,3449889
20260221,20258484,"미스터김, 영화관에 가다",2026-02-19,9.1,0.0,1210,1176400,3772708,110,481
20260221,20248559,영화 러브 라이브! 니지가사키 학원 스쿨 아이돌 동호회 완결편 제1장,2025-02-06,18.4,0.0,560,721000,106205620,103,11100
20260221,20256320,부고니아,2025-11-05,9.8,0.0,827,822700,740571600,81,73818
20260221,20260935,더 로즈: 컴 백 투 미,2026-02-14,10.1,0.0,575,1450000,25725000,58,1089
20260221,20259383,극장판 짱구는 못말려: 초화려! 작열하는 떡잎마을 댄서즈,2025-12-24,8.9,0.0,615,538600,4636065660,55,487979
20260221,20250686,하우스메이드,2026-01-28,9.8,0.0,441,483400,632267090,43,68246
20260221,20258808,뽀로로 극장판 스위트캐슬 대모험,2025-12-11,3.2,0.0,1196,367500,2297187910,38,265009
20260221,20247690,시스터,2026-01-28,2.2,0.1,1751,360000,585049580,38,70153
20260221,19688113,황야는 통곡한다,1971-01-24,11.3,0.0,230,158000,1023000,26,357
20260221,20250299,고고다이노 극장판: 곤충세계 대모험,2026-01-14,7.3,0.0,315,222000,372990300,23,41679
20260221,20030046,살인의 추억,2003-04-25,61.5,0.0,26,169000,95431097,16,14764
20260221,20250644,직장상사 길들이기,2026-01-28,10.3,0.0,155,158500,709327400,16,75269
20260221,20242541,룩백,2024-09-05,15.9,0.0,88,115000,3155744704,14,328447
20260221,20050097,올리브나무사이로,1997-08-23,15.4,0.0,52,56000,8435000,8,1035
20260221,20212413,수궁,2026-01-01,11.1,0.0,36,25000,1175000,4,225
20260221,20249624,프로젝트 Y,2026-01-21,2.6,0.0,77,22000,1373706060,2,140737
20260221,20261304,언더닌자,2026-02-05,2.3,0.0,88,16000,16158120,2,3187
20260221,20250188,하트맨,2026-01-14,1.1,0.0,180,14000,2303931770,2,247654
20260221,20113535,부러진 화살,2012-01-18,1.7,0.0,59,8000,25938268113,1,3460344
20260221,20247064,남친과 목욕한 엄마가 미워서,2026-02-21,0.5,0.0,195,1000,1000,1,1
20260221,20247011,남편과 비교한 유부녀는 나의 팬티를 내리고,2026-02-21,0.5,0.0,195,1000,1000,1,1
20260221,20246861,딸의 남친과 속궁합 그리고 시아버지,2026-02-21,0.5,0.0,194,1000,1000,1,1
20260221,20246863,새엄마 미오의 여섯번의 오르가즘,2026-02-21,0.7,0.0,140,1000,1000,1,1
20260221,20246862,새엄마의 손길에 자극받은 내아들,2026-02-21,0.5,0.0,194,1000,1000,1,1
20260221,20245627,옆집유부녀의 택배가 우리집으로 잘못왔네,2026-02-21,1.1,0.0,91,1000,1000,1,1
20260221,20245630,유부녀들은 살짝 팬티를 내린다,2026-02-21,1.1,0.0,91,1000,1000,1,1
20260221,20246857,장모님과 새엄마의 더블유혹,2026-02-21,0.5,0.0,194,1000,1000,1,1
20260221,20246864,처음은 자기에게 달라는 친구엄마,2026-02-21,0.7,0.0,140,1000,1000,1,1
20260221,20245646,처형에게 고백성공과 새엄마와 부엌,2026-02-21,1.1,0.0,91,1000,1000,1,1
20260220,20161872,너의 이름은.,2017-01-04,31.4,0.1,2708,9805070,32617916017,851,3972438
20260220,20250604,극장판 엉덩이 탐정: 스타 앤드 문,2026-02-07,6.7,0.4,9685,5336500,408984800,648,51321
20260220,20250840,바다 탐험대 옥토넛 어보브 앤 비욘드 : 육지생물 구조작전,2026-02-12,4.8,0.6,13035,5548600,215503700,620,22253
20260220,20250878,노 머시: 90분,2026-02-04,12.0,0.2,5022,5958100,950036200,602,99060
20260220,20254602,씨너스: 죄인들,2025-05-28,15.6,0.2,3770,6091700,1027265040,587,88594
20260220,20250482,"신비아파트 10주년 극장판: 한 번 더, 소환",2026-01-14,8.8,0.3,5572,4291100,3013623310,489,335560
20260220,20256396,아바타: 불과 재,2025-12-17,25.5,0.1,1907,4942500,78846376140,487,6739235
20260220,20252432,주토피아 2,2025-11-26,13.0,0.2,3439,4124800,82843065690,447,8607508
20260220,20190280,날씨의 아이,2019-10-30,28.1,0.1,1497,4831600,7661499432,421,890974
20260220,20261185,아웃 오브 네스트,2026-02-13,15.6,0.1,2238,2495500,64790300,350,7395
20260220,20250563,정글비트 2,2026-01-29,62.3,0.0,533,2896000,172660020,332,22175
20260220,20250181,영화 러브 라이브! 니지가사키 학원 스쿨 아이돌 동호회 완결편 제2장,2026-02-18,2.8,0.5,11457,3456040,41981060,319,3732
20260220,20261041,스트레이 키즈 : 더 도미네이트 익스피리언스,2026-02-04,41.5,0.0,677,7025000,584248000,281,22758
20260220,20250686,하우스메이드,2026-01-28,47.8,0.0,544,3000500,631783690,260,68203
20260220,20256397,원 배틀 애프터 어나더,2025-10-01,13.4,0.1,1795,2707400,5738798980,241,539165
20260220,20250112,극장판 총집편 걸즈 밴드 크라이 청춘광주곡,2026-01-28,8.0,0.1,2761,2264300,196870400,221,19784
20260220,20250839,영원,2026-02-04,4.3,0.1,2739,1266400,146604570,119,15749
20260220,20250365,햄넷,2026-02-25,6.1,0.1,1736,1083000,40002420,106,3877
20260220,20247690,시스터,2026-01-28,3.8,0.1,2604,773800,584689580,98,70115
20260220,20256757,극장판 체인소 맨: 레제편,2025-09-24,8.8,0.0,965,936440,36268052640,85,3449778
20260220,20258808,뽀로로 극장판 스위트캐슬 대모험,2025-12-11,11.5,0.0,707,631000,2296820410,81,264971
20260220,20225637,뿌까의 짜장면파티,2022-07-04,60.8,0.0,120,438000,256092500,73,42501
20260220,20256320,부고니아,2025-11-05,7.1,0.0,979,733900,739748900,69,73737
20260220,20250188,하트맨,2026-01-14,23.9,0.0,268,411000,2303917770,64,247652
20260220,20226444,극장판 엄마 까투리: 도시로 간 까투리 가족,2022-09-08,69.7,0.0,66,322000,1620265999,46,175517
20260220,20250299,고고다이노 극장판: 곤충세계 대모험,2026-01-14,3.0,0.1,1357,374600,372768300,41,41656
20260220,20256684,웨폰,2025-10-15,15.1,0.0,212,224000,824033070,32,82297
20260220,20258484,"미스터김, 영화관에 가다",2026-02-19,2.3,0.0,971,234500,2596308,22,371
20260220,20259383,극장판 짱구는 못말려: 초화려! 작열하는 떡잎마을 댄서즈,2025-12-24,4.0,0.0,526,204800,4635527060,21,487924
20260220,20260935,더 로즈: 컴 백 투 미,2026-02-14,2.7,0.0,625,425000,24275000,17,1031
20260220,19940315,펄프 픽션,1994-09-10,65.4,0.0,26,187000,108547900,17,10932
20260220,20242541,룩백,2024-09-05,17.1,0.0,88,116000,3155629704,15,328433
20260220,20250644,직장상사 길들이기,2026-01-28,7.7,0.0,155,121500,709168900,12,75253
20260220,20259662,러브 인 베트남,2026-01-21,33.3,0.0,30,100000,3721500,10,395
20260220,20249624,프로젝트 Y,2026-01-21,2.7,0.0,222,65000,1373684060,6,140735
20260220,20070458,냉정과 열정사이,2003-10-10,11.5,0.0,52,60000,457297600,6,56923
20260220,2025A371,로스트 호라이즌,2026-02-13,2.9,0.0,70,66000,1089000,2,87
20260220,20245594,장모님이 안전하다고 한 오후,2026-02-20,1.0,0.0,194,2000,2000,2,2
20260220,20261304,언더닌자,2026-02-05,1.1,0.0,88,11000,16142120,1,3185
20260220,19960103,라스베가스를 떠나며,1996-03-01,1.1,0.0,90,7000,47055200,1,4660
20260220,20250177,아빠의 어린 여자친구,2026-02-20,0.7,0.0,146,6000,6000,1,1
20260220,20245574,날좋아한다는 엄마친구의 고백이 좋았다,2026-02-20,1.1,0.0,91,1000,1000,1,1
20260220,20211909,다 마셔버린 부장와이프,2026-02-20,1.1,0.0,91,1000,1000,1,1
20260220,20245619,마키코는 새아들의 아들을 사랑한다,2026-02-20,0.5,0.0,194,1000,1000,1,1
20260220,20245596,속옷 벗은 친구아들이 훌륭해,2026-02-20,0.7,0.0,140,1000,1000,1,1
20260220,20245595,아카리짱은 딸의 남친을 갖고싶어 미치겠어,2026-02-20,0.7,0.0,140,1000,1000,1,1
20260220,20245551,여친의 엄마가 팬티차림으로 남친을 유혹하기 시작했다,2026-02-20,0.5,0.0,194,1000,1000,1,1
20260220,20211908,친구엄마 히토미의 누드쇼,2026-02-20,1.1,0.0,91,1000,1000,1,1
20260219,20257823,폭풍의 언덕,2026-02-11,6.1,1.7,34434,20366090,492791670,2099,49417
20260219,20250112,극장판 총집편 걸즈 밴드 크라이 청춘광주곡,2026-01-28,29.3,0.2,3641,10526440,194606100,1067,19563
20260219,20161872,너의 이름은.,2017-01-04,38.1,0.1,2287,9474740,32608110947,872,3971587
20260219,20252432,주토피아 2,2025-11-26,18.9,0.2,3474,6070000,82838940890,656,8607061
20260219,20250604,극장판 엉덩이 탐정: 스타 앤드 문,2026-02-07,5.8,0.5,9558,4617500,403648300,557,50673
20260219,20250840,바다 탐험대 옥토넛 어보브 앤 비욘드 : 육지생물 구조작전,2026-02-12,4.6,0.5,10978,3985100,209955100,506,21633
20260219,20190280,날씨의 아이,2019-10-30,33.1,0.1,1446,5353470,7656667832,478,890553
20260219,20250181,영화 러브 라이브! 니지가사키 학원 스쿨 아이돌 동호회 완결편 제2장,2026-02-18,3.7,0.6,12785,4897360,38525020,477,3413
20260219,20254602,씨너스: 죄인들,2025-05-28,19.7,0.1,2086,4293100,1021173340,410,88007
20260219,20250482,"신비아파트 10주년 극장판: 한 번 더, 소환",2026-01-14,8.9,0.2,4415,3340100,3009332210,393,335071
20260219,20256396,아바타: 불과 재,2025-12-17,20.8,0.1,1524,3000000,78841433640,317,6738748
20260219,20261185,아웃 오브 네스트,2026-02-13,5.9,0.2,4513,2224600,62294800,268,7045
20260219,20256397,원 배틀 애프터 어나더,2025-10-01,11.7,0.1,1936,2466000,5736091580,227,538924
20260219,20258484,"미스터김, 영화관에 가다",2026-02-19,11.2,0.1,1624,1798700,2361808,181,349
20260219,20250563,정글비트 2,2026-01-29,55.0,0.0,309,1029000,169764020,170,21843
20260219,20258325,스노우 폭스 : 마법의 돌을 찾아서,2026-01-10,61.7,0.0,222,895000,135877700,137,20481
20260219,20258285,프랑켄슈타인,2025-10-22,15.7,0.0,695,1173500,246464190,109,25062
20260219,20250839,영원,2026-02-04,3.4,0.2,3079,1016040,145338170,105,15630
20260219,20250365,햄넷,2026-02-25,6.3,0.1,1456,870600,38919420,92,3771
20260219,20256757,극장판 체인소 맨: 레제편,2025-09-24,10.2,0.0,889,955050,36267116200,91,3449693
20260219,20226444,극장판 엄마 까투리: 도시로 간 까투리 가족,2022-09-08,82.0,0.0,100,574000,1619943999,82,175471
20260219,20258808,뽀로로 극장판 스위트캐슬 대모험,2025-12-11,8.6,0.0,825,459500,2296189410,71,264890
20260219,20259383,극장판 짱구는 못말려: 초화려! 작열하는 떡잎마을 댄서즈,2025-12-24,6.6,0.0,684,397700,4635322260,45,487903
20260219,20256320,부고니아,2025-11-05,16.5,0.0,242,471500,739015000,40,73668
20260219,20250686,하우스메이드,2026-01-28,11.5,0.0,313,406500,628783190,36,67943
20260219,20210684,두다다쿵: 후후섬의 비밀,2023-02-15,23.5,0.0,153,252000,1142286650,36,126835
20260219,20250299,고고다이노 극장판: 곤충세계 대모험,2026-01-14,4.6,0.0,543,202500,372393700,25,41615
20260219,20250188,하트맨,2026-01-14,7.3,0.0,344,160000,2303506770,25,247588
20260219,20247690,시스터,2026-01-28,2.1,0.0,1044,212000,583915780,22,70017
20260219,20250644,직장상사 길들이기,2026-01-28,12.9,0.0,155,209000,709047400,20,75241
20260219,20242541,룩백,2024-09-05,18.2,0.0,88,127000,3155513704,16,328418
20260219,20260935,더 로즈: 컴 백 투 미,2026-02-14,1.4,0.0,781,275000,23850000,11,1014
20260219,20249624,프로젝트 Y,2026-01-21,3.9,0.0,234,76000,1373619060,9,140729
20260219,2025A371,로스트 호라이즌,2026-02-13,2.9,0.0,70,66000,1023000,2,85
20260219,20261304,언더닌자,2026-02-05,1.0,0.0,97,9000,16131120,1,3184
20260219,20261628,불륜은 미친 짓이다,2026-02-19,0.7,0.0,146,6000,6000,1,1
20260219,20261209,스와핑 : 아내의 뜨거운 신음소리,2026-02-19,0.7,0.0,146,6000,6000,1,1
20260219,20261735,남편의 성폭력을 달래주는 이웃집 남자,2026-02-19,1.1,0.0,91,1000,1000,1,1
20260304,20242837,왕과 사는 남자,2026-02-04,20.3,50.1,932809,1768402810,92375283010,189637,9597390
20260304,20256283,호퍼스,2026-03-04,5.7,16.2,301172,171315880,722798780,17155,69566
20260304,20258444,브라이드!,2026-03-04,8.2,4.9,91745,72509440,77065440,7478,7746
20260304,20241266,휴민트,2026-02-11,5.8,6.4,118920,69381720,18974806480,6837,1881263
20260304,20250875,우리는 매일매일,2026-03-04,13.8,1.0,18345,21068300,26531300,2523,3130
20260304,20261181,너자 2,2026-02-25,15.6,0.9,16063,13898100,407791300,2512,46134
20260304,20250365,햄넷,2026-02-25,8.6,1.2,22986,18682300,327760480,1979,34648
20260304,20261526,아이엠스타!X프리파라 더 무비 -만남의 기적!-,2026-02-04,19.4,0.5,9066,17500900,790926800,1754,75777
20260304,20247457,신의악단,2025-12-31,7.2,1.2,22217,13068370,13415700990,1593,1406783
20260304,20257744,28년 후: 뼈의 사원,2026-02-27,4.7,1.7,30829,14836970,325396820,1435,30610
20260303,20242837,왕과 사는 남자,2026-02-04,18.1,59.8,1075351,1820225790,90606880200,194476,9407753
20260303,20241266,휴민트,2026-02-11,5.4,11.0,197650,103348800,18905424760,10756,1874426
20260303,20257744,28년 후: 뼈의 사원,2026-02-27,4.3,3.4,61963,26394760,310559850,2632,29175
20260303,20247457,신의악단,2025-12-31,5.4,2.3,41633,20551700,13402632620,2242,1405190
20260303,20250365,햄넷,2026-02-25,5.0,2.5,44535,20622620,309078180,2231,32669
20260303,20252373,넘버원,2026-02-11,8.5,1.3,23958,17536040,2627118620,2035,274772
20260303,20261181,너자 2,2026-02-25,4.3,2.4,43284,14593700,393893200,1840,43622
20260303,20261208,귀신 부르는 앱: 영,2026-02-18,5.0,0.9,16630,8936100,920838900,837,91868
20260303,20249255,만약에 우리,2025-12-31,5.7,0.5,9555,5697500,25488125910,545,2600627
20260303,20254602,씨너스: 죄인들,2025-05-28,4.3,0.5,8948,4798600,1093887140,385,93991
20260302,20242837,왕과 사는 남자,2026-02-04,54.7,61.7,1333367,7031284220,88786654410,728915,9213277
20260302,20241266,휴민트,2026-02-11,21.7,8.8,191363,415209600,18802075960,41504,1863670
20260302,20256283,호퍼스,2026-03-04,22.3,6.1,132082,306886650,551482900,29415,52411
20260302,20247457,신의악단,2025-12-31,30.4,1.7,36881,109752410,13382080920,11210,1402948
20260302,20261181,너자 2,2026-02-25,14.9,2.2,46598,65029700,379299500,6934,41782
20260302,20257744,28년 후: 뼈의 사원,2026-02-27,9.2,2.5,54253,53104160,284165090,4978,26543
20260302,20250365,햄넷,2026-02-25,12.3,1.7,37630,45168550,288455560,4622,30438
20260302,20252373,넘버원,2026-02-11,19.9,0.9,19873,38882300,2609582580,3950,272737
20260302,20261208,귀신 부르는 앱: 영,2026-02-18,18.5,0.8,17948,29724000,911902800,3325,91031
20260302,20261323,아기 티라노 디보: 초식이지만 괜찮아!,2026-02-25,9.9,1.0,20901,16127300,70093600,2060,9021
20260301,20242837,왕과 사는 남자,2026-02-04,58.7,61.0,1391759,8012476100,81755370190,817182,8484362
20260301,20241266,휴민트,2026-02-11,25.7,9.3,212370,568576780,18386866360,54656,1822166
20260301,20256283,호퍼스,2026-03-04,16.9,5.8,131129,233985250,244596250,22185,22996
20260301,20247457,신의악단,2025-12-31,25.2,1.8,41877,99348800,13272328510,10536,1391738
20260301,20257744,28년 후: 뼈의 사원,2026-02-27,11.6,2.8,64905,79966140,231060930,7500,21565
20260301,20261181,너자 2,2026-02-25,15.0,2.1,48363,72372600,314269800,7249,34848
20260301,20250365,햄넷,2026-02-25,11.5,1.7,37919,43366570,243287010,4346,25816
20260301,20252373,넘버원,2026-02-11,19.8,0.9,21104,40535300,2570700280,4180,268787
20260301,20261208,귀신 부르는 앱: 영,2026-02-18,20.8,0.8,18847,39516800,882178800,3921,87706
20260301,20261621,엔하이픈 [워크 더 라인 썸머 에디션] 인 시네마,2026-02-27,13.0,0.6,14719,47725000,172900000,1909,6916
20260228,20242837,왕과 사는 남자,2026-02-04,46.8,61.8,1401444,6472569500,73742894090,655719,7667180
20260228,20241266,휴민트,2026-02-11,20.3,10.4,236515,512719970,17818289580,47959,1767510
20260228,20247457,신의악단,2025-12-31,18.0,2.3,51526,85942300,13172979710,9281,1381202
20260228,20261181,너자 2,2026-02-25,13.8,2.5,57699,73962300,241897200,7981,27599
20260228,20257744,28년 후: 뼈의 사원,2026-02-27,10.6,3.2,72159,82634310,151094790,7664,14065
20260228,20250365,햄넷,2026-02-25,10.3,2.0,44509,44357880,199920440,4566,21470
20260228,20261208,귀신 부르는 앱: 영,2026-02-18,18.8,1.0,22804,43689500,842662000,4296,83785
20260228,20252373,넘버원,2026-02-11,13.6,1.1,24953,31987520,2530164980,3401,264607
20260228,20261526,아이엠스타!X프리파라 더 무비 -만남의 기적!-,2026-02-04,27.4,0.5,10805,30418500,750397200,2961,71807
20260228,20261323,아기 티라노 디보: 초식이지만 괜찮아!,2026-02-25,8.9,1.1,24045,14798000,41355100,2128,5227
20260227,20242837,왕과 사는 남자,2026-02-04,23.9,56.3,1163349,2758081920,67270324590,278059,7011461
20260227,20241266,휴민트,2026-02-11,9.1,11.7,241054,225469520,17305569610,22005,1719551
20260227,20257744,28년 후: 뼈의 사원,2026-02-27,6.9,4.4,90438,66348480,68460480,6209,6401
20260227,20247457,신의악단,2025-12-31,8.9,2.3,47085,39658700,13087037410,4206,1371921
20260227,20261181,너자 2,2026-02-25,6.3,2.8,57708,33725700,167934900,3638,19618
20260227,20252373,넘버원,2026-02-11,10.5,1.6,32312,29909340,2498177460,3395,261206
20260227,20261621,엔하이픈 [워크 더 라인 썸머 에디션] 인 시네마,2026-02-27,18.3,0.8,15841,72425000,72425000,2897,2897
20260227,20261208,귀신 부르는 앱: 영,2026-02-18,11.2,1.2,25065,27740400,798972500,2795,79489
20260227,20250365,햄넷,2026-02-25,5.9,2.2,46453,27525260,155562560,2752,16904
20260227,20261323,아기 티라노 디보: 초식이지만 괜찮아!,2026-02-25,8.1,0.9,18393,11696500,26557100,1491,3099
20260226,20242837,왕과 사는 남자,2026-02-04,19.3,54.5,1060940,1934801520,64512242670,204929,6733402
20260226,20241266,휴민트,2026-02-11,8.0,14.0,272894,214542270,17080100090,21909,1697546
20260226,20261181,너자 2,2026-02-25,8.2,3.6,70880,45165600,134209200,5841,15980
20260226,20247457,신의악단,2025-12-31,9.0,2.6,51137,42542900,13047378710,4584,1367715
20260226,20252373,넘버원,2026-02-11,10.5,1.9,37334,34227570,2468268120,3929,257811
20260226,20261208,귀신 부르는 앱: 영,2026-02-18,11.9,1.5,29021,32381900,771232100,3460,76694
20260226,20250365,햄넷,2026-02-25,5.9,2.6,51044,28026520,128037300,3031,14152
20260226,20261526,아이엠스타!X프리파라 더 무비 -만남의 기적!-,2026-02-04,10.8,0.5,10429,11600100,711420400,1129,68061
20260226,20261150,점보,2026-02-18,16.0,0.3,6311,8705200,417143640,1010,46838
20260226,20250181,영화 러브 라이브! 니지가사키 학원 스쿨 아이돌 동호회 완결편 제2장,2026-02-18,19.2,0.3,5214,9268580,63904000,999,5988
20260304,20261694,투어스 브이알 콘서트 : 러쉬로드,2026-03-04,99.2,0.0,912,25464000,25464000,905,905
20260304,20258709,좀비 랜드 사가: 유메긴가 파라다이스,2026-03-04,5.2,0.8,15447,7957000,7957000,804,804
20260304,20261208,귀신 부르는 앱: 영,2026-02-18,4.1,0.6,10317,4474300,925313200,423,92291
20260304,20252432,주토피아 2,2025-11-26,8.9,0.2,3032,2715000,82872049100,271,8610539
20260304,20261621,엔하이픈 [워크 더 라인 썸머 에디션] 인 시네마,2026-02-27,5.5,0.2,4729,6525000,216125000,261,8645
20260304,20252373,넘버원,2026-02-11,4.5,0.3,5088,1935100,2629053720,231,275003
20260304,20254602,씨너스: 죄인들,2025-05-28,6.5,0.2,2995,1946300,1095833440,194,94185
20260304,20261150,점보,2026-02-18,25.9,0.0,383,620000,458530540,99,51905
20260304,20256397,원 배틀 애프터 어나더,2025-10-01,8.3,0.1,1115,736500,5781075720,92,542754
20260304,20249255,만약에 우리,2025-12-31,8.0,0.0,746,569700,25488695610,60,2600687
20260304,2026A122,1967 그리즐리 어택,2026-02-26,98.3,0.0,59,406000,1538000,58,206
20260304,20257823,폭풍의 언덕,2026-02-11,10.2,0.0,511,416000,607406970,52,60917
20260304,20261736,루팡 3세 더 무비: 불사신의 혈족,2026-02-27,2.0,0.1,2403,484300,8722200,47,836
20260304,20256757,극장판 체인소 맨: 레제편,2025-09-24,6.3,0.0,702,499180,36281505900,44,3450910
20260304,20250181,영화 러브 라이브! 니지가사키 학원 스쿨 아이돌 동호회 완결편 제2장,2026-02-18,2.5,0.1,1699,372500,75833560,43,7225
20260304,20161872,너의 이름은.,2017-01-04,4.2,0.0,983,405900,32689324687,41,3979185
20260304,20190280,날씨의 아이,2019-10-30,4.8,0.0,821,383200,7705301952,39,895112
20260304,20258285,프랑켄슈타인,2025-10-22,24.6,0.0,130,309800,253689490,32,25821
20260304,20259641,송 썽 블루,2026-01-14,7.5,0.0,413,179000,113229500,31,14725
20260304,20261323,아기 티라노 디보: 초식이지만 괜찮아!,2026-02-25,1.7,0.1,1718,239000,72579900,29,9323
20260304,20250523,결혼해줄래?,2026-03-04,71.8,0.0,39,195000,195000,28,28
20260304,20261439,"2024.12.03 그날 조작된 내란, 감춰진 진실",2026-02-04,3.3,0.0,695,186000,2091258080,23,213005
20260304,19940315,펄프 픽션,1994-09-10,84.6,0.0,26,220000,110272900,22,11097
20260304,20249624,프로젝트 Y,2026-01-21,100.0,0.0,18,180000,1374201060,18,140790
20260304,20256396,아바타: 불과 재,2025-12-17,10.2,0.0,137,157600,78907880860,14,6744189
20260304,20250840,바다 탐험대 옥토넛 어보브 앤 비욘드 : 육지생물 구조작전,2026-02-12,1.9,0.0,744,125300,317405700,14,32948
20260304,20261335,사운드 오브 호프 : 포썸 트롯의 기적,2026-02-26,1.6,0.0,513,71000,1433000,8,167
20260304,20250299,고고다이노 극장판: 곤충세계 대모험,2026-01-14,4.0,0.0,176,67000,375257800,7,41956
20260304,20256684,웨폰,2025-10-15,3.3,0.0,212,35000,824675070,7,82380
20260304,20247690,시스터,2026-01-28,1.0,0.0,385,22000,585826080,4,70256
20260304,20250839,영원,2026-02-04,3.4,0.0,88,30500,161808000,3,17421
20260304,20250112,극장판 총집편 걸즈 밴드 크라이 청춘광주곡,2026-01-28,1.5,0.0,200,28000,205513400,3,20628
20260304,20258484,"미스터김, 영화관에 가다",2026-02-19,0.4,0.0,856,23000,5728908,3,697
20260304,20209343,한산: 용의 출현,2022-07-27,1.1,0.0,92,9000,73717155977,1,7267051
20260304,20203702,노량: 죽음의 바다,2023-12-20,1.1,0.0,92,7000,45011136375,1,4573783
20260303,20261621,엔하이픈 [워크 더 라인 썸머 에디션] 인 시네마,2026-02-27,3.0,0.6,10977,8200000,209600000,328,8384
20260303,20261526,아이엠스타!X프리파라 더 무비 -만남의 기적!-,2026-02-04,3.5,0.5,8862,3196100,773425900,313,74023
20260303,20257823,폭풍의 언덕,2026-02-11,9.3,0.2,3088,2658200,606990970,287,60865
20260303,20261439,"2024.12.03 그날 조작된 내란, 감춰진 진실",2026-02-04,5.4,0.3,5110,2498500,2091072080,277,212982
20260303,20261323,아기 티라노 디보: 초식이지만 괜찮아!,2026-02-25,2.6,0.6,10323,2247300,72340900,273,9294
20260303,20258444,브라이드!,2026-03-04,100.0,0.0,268,4556000,4556000,268,268
20260303,20256397,원 배틀 애프터 어나더,2025-10-01,2.6,0.5,9428,2906280,5780339220,243,542662
20260303,20261150,점보,2026-02-18,5.9,0.2,3430,1557350,457910540,201,51806
20260303,20256396,아바타: 불과 재,2025-12-17,5.4,0.2,3355,2301000,78907723260,182,6744175
20260303,20250840,바다 탐험대 옥토넛 어보브 앤 비욘드 : 육지생물 구조작전,2026-02-12,3.2,0.3,5133,1646600,317280400,165,32934
20260303,20161872,너의 이름은.,2017-01-04,6.4,0.1,2281,1495450,32688918787,146,3979144
20260303,20190280,날씨의 아이,2019-10-30,6.3,0.1,1672,1097800,7704918752,106,895073
20260303,20256757,극장판 체인소 맨: 레제편,2025-09-24,6.3,0.0,968,724960,36281006720,61,3450866
20260303,20250181,영화 러브 라이브! 니지가사키 학원 스쿨 아이돌 동호회 완결편 제2장,2026-02-18,2.1,0.2,2766,588400,75461060,59,7182
20260303,20261736,루팡 3세 더 무비: 불사신의 혈족,2026-02-27,2.4,0.1,2447,572600,8237900,59,789
20260303,2026A122,1967 그리즐리 어택,2026-02-26,101.9,0.0,54,385000,1132000,55,148
20260303,20250839,영원,2026-02-04,4.4,0.0,779,331400,161777500,34,17418
20260303,20258285,프랑켄슈타인,2025-10-22,16.7,0.0,204,331300,253379690,34,25789
20260303,20250112,극장판 총집편 걸즈 밴드 크라이 청춘광주곡,2026-01-28,1.9,0.1,1183,209600,205485400,22,20625
20260303,19940315,펄프 픽션,1994-09-10,80.8,0.0,26,210000,110052900,21,11075
20260303,20261335,사운드 오브 호프 : 포썸 트롯의 기적,2026-02-26,1.6,0.1,1157,155000,1362000,19,159
20260303,20252432,주토피아 2,2025-11-26,4.4,0.0,412,157500,82869334100,18,8610268
20260303,20258808,뽀로로 극장판 스위트캐슬 대모험,2025-12-11,2.3,0.0,734,160000,2303628710,17,265765
20260303,20259383,극장판 짱구는 못말려: 초화려! 작열하는 떡잎마을 댄서즈,2025-12-24,2.3,0.0,743,154500,4642552660,17,488694
20260303,20250604,극장판 엉덩이 탐정: 스타 앤드 문,2026-02-07,4.0,0.0,373,119500,461314200,15,57416
20260303,20250878,노 머시: 90분,2026-02-04,3.4,0.0,417,137000,967347830,14,100783
20260303,20250482,"신비아파트 10주년 극장판: 한 번 더, 소환",2026-01-14,2.7,0.0,519,123000,3057208200,14,340459
20260303,20250299,고고다이노 극장판: 곤충세계 대모험,2026-01-14,4.5,0.0,266,101000,375190800,12,41949
20260303,20250644,직장상사 길들이기,2026-01-28,5.2,0.0,155,89000,714197500,8,75760
20260303,20258484,"미스터김, 영화관에 가다",2026-02-19,1.9,0.0,271,35000,5705908,5,694
20260303,20113535,부러진 화살,2012-01-18,5.4,0.0,92,35000,25938317113,5,3460351
20260303,20261185,아웃 오브 네스트,2026-02-13,2.2,0.0,230,32500,89086550,5,10596
20260303,20261626,디데이 24시간,2026-02-26,8.8,0.0,57,30000,687000,5,83
20260303,20247690,시스터,2026-01-28,1.4,0.0,370,29000,585804080,5,70252
20260303,20203702,노량: 죽음의 바다,2023-12-20,3.3,0.0,92,23000,45011129375,3,4573782
20260303,20209343,한산: 용의 출현,2022-07-27,3.3,0.0,92,23000,73717146977,3,7267050
20260303,20249624,프로젝트 Y,2026-01-21,3.1,0.0,64,22000,1374021060,2,140772
20260303,20250188,하트맨,2026-01-14,0.7,0.0,296,19000,2304902270,2,247774
20260303,20212413,수궁,2026-01-01,5.6,0.0,36,10000,1196000,2,229
20260303,20255827,맛있는 여친 언니,2026-03-03,0.7,0.0,146,6000,6000,1,1
20260303,20255423,물 빼주는 에스테틱 살롱,2026-03-03,0.7,0.0,146,6000,6000,1,1
20260302,20250840,바다 탐험대 옥토넛 어보브 앤 비욘드 : 육지생물 구조작전,2026-02-12,9.5,0.6,12431,11330600,315633800,1177,32769
20260302,20261621,엔하이픈 [워크 더 라인 썸머 에디션] 인 시네마,2026-02-27,7.9,0.7,14476,28500000,201400000,1140,8056
20260302,20261150,점보,2026-02-18,15.0,0.3,6941,8197000,456353190,1038,51605
20260302,20261526,아이엠스타!X프리파라 더 무비 -만남의 기적!-,2026-02-04,8.6,0.4,9154,8175600,770229800,785,73710
20260302,20249255,만약에 우리,2025-12-31,15.7,0.2,4981,8267800,25482428410,782,2600082
20260302,20256396,아바타: 불과 재,2025-12-17,15.4,0.2,3967,8035960,78905422260,609,6743993
20260302,20257823,폭풍의 언덕,2026-02-11,31.0,0.1,1907,5767600,604332770,591,60578
20260302,20254602,씨너스: 죄인들,2025-05-28,7.2,0.2,5283,5312700,1089088540,382,93606
20260302,20261439,"2024.12.03 그날 조작된 내란, 감춰진 진실",2026-02-04,15.6,0.1,2386,3430100,2088573580,371,212705
20260302,20161872,너의 이름은.,2017-01-04,24.3,0.1,1476,4130100,32687423337,359,3978998
20260302,20250482,"신비아파트 10주년 극장판: 한 번 더, 소환",2026-01-14,12.8,0.1,2123,2385800,3057085200,271,340445
20260302,20256397,원 배틀 애프터 어나더,2025-10-01,4.3,0.3,5945,3405140,5777432940,257,542419
20260302,20190280,날씨의 아이,2019-10-30,13.1,0.1,1608,2355800,7703820952,211,894967
20260302,20250604,극장판 엉덩이 탐정: 스타 앤드 문,2026-02-07,14.5,0.1,1257,1603900,461194700,182,57401
20260302,20250181,영화 러브 라이브! 니지가사키 학원 스쿨 아이돌 동호회 완결편 제2장,2026-02-18,4.9,0.1,2888,1323860,74872660,140,7123
20260302,20252432,주토피아 2,2025-11-26,19.9,0.0,703,1304000,82869176600,140,8610250
20260302,20256757,극장판 체인소 맨: 레제편,2025-09-24,9.9,0.1,1325,1660600,36280281760,131,3450805
20260302,20261736,루팡 3세 더 무비: 불사신의 혈족,2026-02-27,4.9,0.1,2642,1329400,7665300,129,730
20260302,20259383,극장판 짱구는 못말려: 초화려! 작열하는 떡잎마을 댄서즈,2025-12-24,20.1,0.0,601,1062300,4642398160,121,488677
20260302,20258808,뽀로로 극장판 스위트캐슬 대모험,2025-12-11,5.2,0.1,1374,682000,2303468710,71,265748
20260302,20261185,아웃 오브 네스트,2026-02-13,17.3,0.0,381,525000,89054050,66,10591
20260302,20250299,고고다이노 극장판: 곤충세계 대모험,2026-01-14,14.9,0.0,355,449000,375089800,53,41937
20260302,20250839,영원,2026-02-04,16.3,0.0,301,519000,161446100,49,17384
20260302,20250112,극장판 총집편 걸즈 밴드 크라이 청춘광주곡,2026-01-28,4.3,0.0,1083,398000,205275800,46,20603
20260302,20261335,사운드 오브 호프 : 포썸 트롯의 기적,2026-02-26,2.2,0.1,1587,288000,1207000,35,140
20260302,20250878,노 머시: 90분,2026-02-04,8.6,0.0,349,303000,967210830,30,100769
20260302,20256320,부고니아,2025-11-05,3.5,0.0,485,122500,742025300,17,73987
20260302,20258484,"미스터김, 영화관에 가다",2026-02-19,10.3,0.0,146,141000,5670908,15,689
20260302,20030046,살인의 추억,2003-04-25,53.9,0.0,26,152000,96166097,14,14834
20260302,20250644,직장상사 길들이기,2026-01-28,5.8,0.0,155,106000,714108500,9,75752
20260302,20250188,하트맨,2026-01-14,2.2,0.0,357,64000,2304883270,8,247772
20260302,20247690,시스터,2026-01-28,2.2,0.0,370,50000,585775080,8,70247
20260302,2026A122,1967 그리즐리 어택,2026-02-26,5.8,0.0,87,30000,747000,5,93
20260302,20249624,프로젝트 Y,2026-01-21,1.8,0.0,218,30000,1373999060,4,140770
20260302,20113535,부러진 화살,2012-01-18,3.4,0.0,59,14000,25938282113,2,3460346
20260302,20260935,더 로즈: 컴 백 투 미,2026-02-14,1.1,0.0,93,25000,27975000,1,1179
20260302,20060387,미녀는 괴로워,2006-12-14,0.0,0.0,212,0,36258492900,0,6074814
20260302,20060244,우리들의 행복한 시간,2006-09-14,0.0,0.0,212,0,14939018000,0,2472174
20260301,20261323,아기 티라노 디보: 초식이지만 괜찮아!,2026-02-25,8.3,0.9,20879,12611200,53966300,1734,6961
20260301,20261526,아이엠스타!X프리파라 더 무비 -만남의 기적!-,2026-02-04,11.0,0.4,10184,11657000,762054200,1118,72925
20260301,20249255,만약에 우리,2025-12-31,16.3,0.2,5156,9094400,25474160610,842,2599300
20260301,20261150,점보,2026-02-18,12.5,0.3,6530,6531100,448156190,814,50567
20260301,20250840,바다 탐험대 옥토넛 어보브 앤 비욘드 : 육지생물 구조작전,2026-02-12,5.9,0.6,13262,7829800,304303200,786,31592
20260301,20256396,아바타: 불과 재,2025-12-17,16.3,0.2,4115,8911560,78897386300,670,6743384
20260301,20254602,씨너스: 죄인들,2025-05-28,9.2,0.3,6877,8640360,1083775840,634,93224
20260301,20257823,폭풍의 언덕,2026-02-11,19.0,0.1,2352,4800700,598565170,447,59987
20260301,20256397,원 배틀 애프터 어나더,2025-10-01,6.2,0.3,7075,5306110,5774027800,441,542162
20260301,20261041,스트레이 키즈 : 더 도미네이트 익스피리언스,2026-02-04,45.6,0.0,912,10400000,640848000,416,25022
20260301,20161872,너의 이름은.,2017-01-04,19.5,0.1,2077,4568340,32683293237,405,3978639
20260301,20261439,"2024.12.03 그날 조작된 내란, 감춰진 진실",2026-02-04,18.3,0.1,1953,3837800,2085143480,358,212334
20260301,20250482,"신비아파트 10주년 극장판: 한 번 더, 소환",2026-01-14,13.7,0.1,2168,2736080,3054699400,296,340174
20260301,20250181,영화 러브 라이브! 니지가사키 학원 스쿨 아이돌 동호회 완결편 제2장,2026-02-18,8.2,0.1,2992,2448000,73548800,246,6983
20260301,20250604,극장판 엉덩이 탐정: 스타 앤드 문,2026-02-07,9.3,0.1,1852,1441400,459590800,173,57219
20260301,20190280,날씨의 아이,2019-10-30,15.4,0.0,1069,1897000,7701465152,165,894756
20260301,20261736,루팡 3세 더 무비: 불사신의 혈족,2026-02-27,5.3,0.1,2970,1621000,6335900,156,601
20260301,20256757,극장판 체인소 맨: 레제편,2025-09-24,12.1,0.0,1175,1837900,36278621160,142,3450674
20260301,20252432,주토피아 2,2025-11-26,19.8,0.0,673,1309200,82867872600,133,8610110
20260301,20250839,영원,2026-02-04,16.8,0.0,791,1260600,160927100,133,17335
20260301,20261185,아웃 오브 네스트,2026-02-13,15.9,0.0,706,938000,88529050,112,10525
20260301,20259383,극장판 짱구는 못말려: 초화려! 작열하는 떡잎마을 댄서즈,2025-12-24,13.5,0.0,519,673000,4641335860,70,488556
20260301,20250112,극장판 총집편 걸즈 밴드 크라이 청춘광주곡,2026-01-28,4.9,0.0,1238,587400,204877800,61,20557
20260301,20259641,송 썽 블루,2026-01-14,47.2,0.0,72,343000,113050500,34,14694
20260301,20258808,뽀로로 극장판 스위트캐슬 대모험,2025-12-11,2.7,0.0,1214,297100,2302786710,33,265677
20260301,20250878,노 머시: 90분,2026-02-04,6.2,0.0,420,295600,966907830,26,100739
20260301,19940315,펄프 픽션,1994-09-10,96.2,0.0,26,275000,109842900,25,11054
20260301,20250299,고고다이노 극장판: 곤충세계 대모험,2026-01-14,5.6,0.0,409,198000,374640800,23,41884
20260301,20258484,"미스터김, 영화관에 가다",2026-02-19,7.8,0.0,206,156000,5529908,16,674
20260301,20030046,살인의 추억,2003-04-25,53.9,0.0,26,150000,96014097,14,14820
20260301,20261335,사운드 오브 호프 : 포썸 트롯의 기적,2026-02-26,1.4,0.0,878,118000,919000,12,105
20260301,20246777,더 폴: 디렉터스 컷,2024-12-25,21.9,0.0,32,67000,1966187100,7,190211
20260301,20250644,직장상사 길들이기,2026-01-28,3.2,0.0,155,54000,714002500,5,75743
20260301,2026A122,1967 그리즐리 어택,2026-02-26,8.5,0.0,59,30000,717000,5,88
20260301,20247690,시스터,2026-01-28,1.1,0.0,370,22000,585725080,4,70239
20260301,20250188,하트맨,2026-01-14,5.1,0.0,39,14000,2304819270,2,247764
20260228,20261621,엔하이픈 [워크 더 라인 썸머 에디션] 인 시네마,2026-02-27,13.8,0.7,15333,52750000,125175000,2110,5007
20260228,20261150,점보,2026-02-18,17.1,0.5,10528,14912900,441625090,1798,49753
20260228,20249255,만약에 우리,2025-12-31,14.2,0.3,6555,9987400,25465066210,932,2598458
20260228,20250840,바다 탐험대 옥토넛 어보브 앤 비욘드 : 육지생물 구조작전,2026-02-12,6.7,0.6,12951,8174300,296473400,861,30806
20260228,20254602,씨너스: 죄인들,2025-05-28,8.4,0.3,7778,8730030,1075135480,651,92590
20260228,20250181,영화 러브 라이브! 니지가사키 학원 스쿨 아이돌 동호회 완결편 제2장,2026-02-18,13.4,0.2,3967,5045900,71100800,533,6737
20260228,20258501,마사이 크로스,2025-11-20,100.0,0.0,527,7378000,43342300,527,3992
20260228,20261041,스트레이 키즈 : 더 도미네이트 익스피리언스,2026-02-04,52.0,0.0,912,11850000,630448000,474,24606
20260228,20256396,아바타: 불과 재,2025-12-17,12.7,0.2,3712,5888200,78888474740,470,6742714
20260228,20257823,폭풍의 언덕,2026-02-11,19.4,0.1,2366,4767100,593764470,460,59540
20260228,20256397,원 배틀 애프터 어나더,2025-10-01,6.4,0.3,6762,5443990,5768721690,430,541721
20260228,20161872,너의 이름은.,2017-01-04,16.3,0.1,2579,4578140,32678724897,420,3978234
20260228,20250482,"신비아파트 10주년 극장판: 한 번 더, 소환",2026-01-14,13.4,0.1,2964,3523140,3051963320,396,339878
20260228,20261439,"2024.12.03 그날 조작된 내란, 감춰진 진실",2026-02-04,11.0,0.1,2722,2851700,2081305680,298,211976
20260228,20261185,아웃 오브 네스트,2026-02-13,27.8,0.0,936,1599000,87591050,260,10413
20260228,20190280,날씨의 아이,2019-10-30,13.8,0.1,1689,2702200,7699568152,233,894591
20260228,20261905,우주 수호대: 하하하 행성의 대모험,2026-03-13,100.0,0.0,231,2079000,2079000,231,231
20260228,20261736,루팡 3세 더 무비: 불사신의 혈족,2026-02-27,7.2,0.1,3100,2325800,4714900,224,445
20260228,20252432,주토피아 2,2025-11-26,17.7,0.0,1045,1855350,82866563400,185,8609977
20260228,20259383,극장판 짱구는 못말려: 초화려! 작열하는 떡잎마을 댄서즈,2025-12-24,19.0,0.0,727,1200400,4640662860,138,488486
20260228,20250604,극장판 엉덩이 탐정: 스타 앤드 문,2026-02-07,7.6,0.1,1746,1106900,458149400,132,57046
20260228,20256757,극장판 체인소 맨: 레제편,2025-09-24,8.2,0.0,1225,1158780,36276783260,100,3450532
20260228,20250112,극장판 총집편 걸즈 밴드 크라이 청춘광주곡,2026-01-28,7.0,0.0,1209,871600,204290400,84,20496
20260228,20250839,영원,2026-02-04,9.5,0.0,821,678570,159666500,78,17202
20260228,20250878,노 머시: 90분,2026-02-04,7.7,0.0,749,601000,966612230,58,100713
20260228,20258808,뽀로로 극장판 스위트캐슬 대모험,2025-12-11,3.3,0.1,1590,492000,2302489610,53,265644
20260228,20261335,사운드 오브 호프 : 포썸 트롯의 기적,2026-02-26,2.0,0.1,1715,303000,801000,35,93
20260228,20250299,고고다이노 극장판: 곤충세계 대모험,2026-01-14,16.6,0.0,157,249000,374442800,26,41861
20260228,20258484,"미스터김, 영화관에 가다",2026-02-19,2.3,0.0,1048,212000,5373908,24,658
20260228,20256684,웨폰,2025-10-15,10.9,0.0,212,159000,824640070,23,82373
20260228,20256320,부고니아,2025-11-05,4.4,0.0,436,185900,741902800,19,73970
20260228,20030046,살인의 추억,2003-04-25,65.4,0.0,26,177000,95864097,17,14806
20260228,20250644,직장상사 길들이기,2026-01-28,4.5,0.0,155,60600,713948500,7,75738
20260228,2026A122,1967 그리즐리 어택,2026-02-26,13.5,0.0,37,30000,687000,5,83
20260228,20250686,하우스메이드,2026-01-28,7.7,0.0,52,32000,633234990,4,68333
20260228,20249624,프로젝트 Y,2026-01-21,2.6,0.0,157,30000,1373969060,4,140766
20260228,20247690,시스터,2026-01-28,1.1,0.0,370,22000,585703080,4,70235
20260228,20259770,도망쳐,2026-02-25,1.8,0.0,110,66000,825000,2,79
20260228,20250188,하트맨,2026-01-14,0.6,0.0,315,17000,2304805270,2,247762
20260228,20212413,수궁,2026-01-01,5.6,0.0,36,11000,1186000,2,227
20260228,20260935,더 로즈: 컴 백 투 미,2026-02-14,0.0,0.0,93,0,27950000,0,1178
20260227,20261150,점보,2026-02-18,16.7,0.3,6691,9568550,426712190,1117,47955
20260227,20249255,만약에 우리,2025-12-31,8.7,0.5,10255,9146100,25455078810,892,2597526
20260227,20261526,아이엠스타!X프리파라 더 무비 -만남의 기적!-,2026-02-04,8.1,0.5,9685,8558300,719978700,785,68846
20260227,20250840,바다 탐험대 옥토넛 어보브 앤 비욘드 : 육지생물 구조작전,2026-02-12,10.8,0.3,7070,7305400,288299100,765,29945
20260227,20254602,씨너스: 죄인들,2025-05-28,7.1,0.4,8560,7944980,1066405450,608,91939
20260227,20261185,아웃 오브 네스트,2026-02-13,46.3,0.1,1294,3745000,85992050,599,10153
20260227,20258501,마사이 크로스,2025-11-20,100.0,0.0,536,5896000,35964300,536,3465
20260227,20261439,"2024.12.03 그날 조작된 내란, 감춰진 진실",2026-02-04,5.3,0.4,8028,4062900,2078453980,424,211678
20260227,20257823,폭풍의 언덕,2026-02-11,11.2,0.2,3471,3711900,588997370,390,59080
20260227,20256397,원 배틀 애프터 어나더,2025-10-01,3.6,0.5,10100,4770210,5763277700,363,541291
20260227,20258285,프랑켄슈타인,2025-10-22,37.9,0.0,870,3407900,253048390,330,25755
20260227,20161872,너의 이름은.,2017-01-04,16.1,0.1,2038,3791000,32674146757,327,3977814
20260227,20256396,아바타: 불과 재,2025-12-17,7.8,0.2,3655,3858500,78882586540,286,6742244
20260227,20261736,루팡 3세 더 무비: 불사신의 혈족,2026-02-27,6.6,0.2,3339,2389100,2389100,221,221
20260227,20250181,영화 러브 라이브! 니지가사키 학원 스쿨 아이돌 동호회 완결편 제2장,2026-02-18,4.8,0.2,4498,2150900,66054900,216,6204
20260227,20250604,극장판 엉덩이 탐정: 스타 앤드 문,2026-02-07,14.1,0.1,1506,1775600,457042500,212,56914
20260227,20190280,날씨의 아이,2019-10-30,12.8,0.1,1602,2362500,7696865952,205,894358
20260227,20261041,스트레이 키즈 : 더 도미네이트 익스피리언스,2026-02-04,100.0,0.0,200,5000000,618598000,200,24132
20260227,20250482,"신비아파트 10주년 극장판: 한 번 더, 소환",2026-01-14,10.4,0.1,1280,912000,3048440180,133,339482
20260227,20256757,극장판 체인소 맨: 레제편,2025-09-24,10.0,0.0,1041,1342140,36275624480,104,3450432
20260227,20252432,주토피아 2,2025-11-26,20.4,0.0,490,936500,82864708050,100,8609792
20260227,20259383,극장판 짱구는 못말려: 초화려! 작열하는 떡잎마을 댄서즈,2025-12-24,6.7,0.1,1412,854500,4639462460,94,488348
20260227,20258808,뽀로로 극장판 스위트캐슬 대모험,2025-12-11,4.0,0.1,1512,578000,2301997610,61,265591
20260227,20250839,영원,2026-02-04,7.0,0.0,829,569500,158987930,58,17124
20260227,20259641,송 썽 블루,2026-01-14,11.9,0.0,413,312000,112707500,49,14660
20260227,20250112,극장판 총집편 걸즈 밴드 크라이 청춘광주곡,2026-01-28,2.6,0.1,1637,418100,203418800,42,20412
20260227,20241941,좀비딸,2025-07-30,38.4,0.0,99,266000,53139332990,38,5640423
20260227,20261335,사운드 오브 호프 : 포썸 트롯의 기적,2026-02-26,2.2,0.1,1388,253400,498000,31,58
20260227,19940315,펄프 픽션,1994-09-10,100.0,0.0,26,286000,109567900,26,11029
20260227,20250299,고고다이노 극장판: 곤충세계 대모험,2026-01-14,8.5,0.0,281,183500,374193800,24,41835
20260227,20256320,부고니아,2025-11-05,4.0,0.0,352,153900,741716900,14,73951
20260227,20250878,노 머시: 90분,2026-02-04,1.5,0.0,652,119000,966011230,10,100655
20260227,20250644,직장상사 길들이기,2026-01-28,5.2,0.0,155,79000,713887900,8,75731
20260227,20258484,"미스터김, 영화관에 가다",2026-02-19,4.3,0.0,164,70000,5161908,7,634
20260227,20248559,영화 러브 라이브! 니지가사키 학원 스쿨 아이돌 동호회 완결편 제1장,2025-02-06,1.1,0.0,560,71000,107158620,6,11232
20260227,20256684,웨폰,2025-10-15,6.6,0.0,91,53000,824481070,6,82350
20260227,20249624,프로젝트 Y,2026-01-21,3.4,0.0,148,58000,1373939060,5,140762
20260227,2026A122,1967 그리즐리 어택,2026-02-26,8.5,0.0,59,30000,657000,5,78
20260227,20261626,디데이 24시간,2026-02-26,6.0,0.0,84,30000,657000,5,78
20260227,20247690,시스터,2026-01-28,1.1,0.0,370,22000,585681080,4,70231
20260227,20250188,하트맨,2026-01-14,1.1,0.0,272,36000,2304788270,3,247760
20260227,20070458,냉정과 열정사이,2003-10-10,5.8,0.0,52,30000,457383600,3,56934
20260227,20209343,한산: 용의 출현,2022-07-27,3.3,0.0,92,30000,73717123977,3,7267047
20260227,20259770,도망쳐,2026-02-25,1.8,0.0,110,66000,759000,2,77
20260227,20260935,더 로즈: 컴 백 투 미,2026-02-14,1.6,0.0,63,25000,27950000,1,1178
20260227,20261678,너도 먹고 나도 먹고 무삭제판,2026-02-27,1.2,0.0,83,6000,6000,1,1
20260227,20261810,맛있게 빨아주는 어린 아가씨,2026-02-27,1.2,0.0,83,6000,6000,1,1
20260227,20261811,처음 봤는데 대주는 옆집 여자,2026-02-27,1.2,0.0,83,6000,6000,1,1
20260227,20261608,로맨틱 새엄마는 귀여워,2026-02-27,1.1,0.0,91,1000,1000,1,1
20260227,20261606,새엄마의 야한 동영상,2026-02-27,1.1,0.0,91,1000,1000,1,1
20260227,20261610,아내 친구와 꿈같은 현실,2026-02-27,0.5,0.0,194,1000,1000,1,1
20260227,20261609,양키 새아들에게 당한 굴욕,2026-02-27,0.5,0.0,194,1000,1000,1,1
20260227,20261607,여친 엄마와 자버린 아침,2026-02-27,1.1,0.0,91,1000,1000,1,1
20260227,20261624,호텔 접객서비스의 정석,2026-02-27,0.5,0.0,194,1000,1000,1,1
20260226,20249255,만약에 우리,2025-12-31,8.0,0.6,12371,10361900,25445932710,995,2596634
20260226,20250840,바다 탐험대 옥토넛 어보브 앤 비욘드 : 육지생물 구조작전,2026-02-12,12.2,0.4,7293,8234800,280993700,887,29180
20260226,20261323,아기 티라노 디보: 초식이지만 괜찮아!,2026-02-25,4.5,0.8,15713,6351400,14860600,713,1608
20260226,20261439,"2024.12.03 그날 조작된 내란, 감춰진 진실",2026-02-04,8.1,0.4,8774,5617550,2074391080,713,211254
20260226,20161872,너의 이름은.,2017-01-04,19.9,0.1,2809,5842120,32670355757,560,3977487
20260226,20257823,폭풍의 언덕,2026-02-11,11.7,0.2,3859,4072900,585285470,452,58690
20260226,20254602,씨너스: 죄인들,2025-05-28,5.4,0.4,8190,6032170,1058460470,439,91331
20260226,20190280,날씨의 아이,2019-10-30,14.5,0.1,2422,3608500,7694503452,351,894153
20260226,20256397,원 배틀 애프터 어나더,2025-10-01,3.6,0.5,9087,4032770,5758507490,323,540928
20260226,20261185,아웃 오브 네스트,2026-02-13,20.8,0.1,1303,1818500,82247050,271,9554
20260226,20256396,아바타: 불과 재,2025-12-17,6.0,0.2,3619,2559000,78878728040,217,6741958
20260226,20259383,극장판 짱구는 못말려: 초화려! 작열하는 떡잎마을 댄서즈,2025-12-24,6.7,0.1,2644,1681300,4638607960,178,488254
20260226,20252432,주토피아 2,2025-11-26,35.9,0.0,432,923500,82863771550,155,8609692
20260226,20250482,"신비아파트 10주년 극장판: 한 번 더, 소환",2026-01-14,9.1,0.1,1508,1052100,3047528180,137,339349
20260226,20250604,극장판 엉덩이 탐정: 스타 앤드 문,2026-02-07,9.0,0.1,1084,773500,455266900,98,56702
20260226,20250839,영원,2026-02-04,9.0,0.0,983,753800,158418430,88,17066
20260226,20241941,좀비딸,2025-07-30,81.8,0.0,99,567000,53139066990,81,5640385
20260226,2026A122,1967 그리즐리 어택,2026-02-26,5.1,0.1,1445,627000,627000,73,73
20260226,20261626,디데이 24시간,2026-02-26,5.3,0.1,1379,627000,627000,73,73
20260226,20250112,극장판 총집편 걸즈 밴드 크라이 청춘광주곡,2026-01-28,3.7,0.1,1821,637400,203000700,67,20370
20260226,20258808,뽀로로 극장판 스위트캐슬 대모험,2025-12-11,3.9,0.1,1600,550100,2301419610,62,265530
20260226,20256757,극장판 체인소 맨: 레제편,2025-09-24,10.1,0.0,467,490500,36274282340,47,3450328
20260226,20258285,프랑켄슈타인,2025-10-22,58.7,0.0,75,453500,249640490,44,25425
20260226,20250299,고고다이노 극장판: 곤충세계 대모험,2026-01-14,13.9,0.0,281,348000,374010300,39,41811
20260226,20261335,사운드 오브 호프 : 포썸 트롯의 기적,2026-02-26,2.0,0.1,1385,244600,244600,27,27
20260226,20256320,부고니아,2025-11-05,9.5,0.0,284,205000,741563000,27,73937
20260226,19940315,펄프 픽션,1994-09-10,92.3,0.0,26,240000,109281900,24,11003
20260226,20250878,노 머시: 90분,2026-02-04,2.9,0.0,701,208500,965892230,20,100645
20260226,20258484,"미스터김, 영화관에 가다",2026-02-19,1.8,0.0,1013,133000,5091908,18,627
20260226,20030046,살인의 추억,2003-04-25,30.8,0.0,26,76000,95687097,8,14789
20260226,20247690,시스터,2026-01-28,1.9,0.0,429,59000,585659080,8,70227
20260226,20249624,프로젝트 Y,2026-01-21,2.1,0.0,289,53000,1373881060,6,140757
20260226,20250644,직장상사 길들이기,2026-01-28,3.2,0.0,155,45000,713808900,5,75723
20260226,20250188,하트맨,2026-01-14,1.1,0.0,351,40000,2304752270,4,247757
20260226,20250686,하우스메이드,2026-01-28,5.6,0.0,72,29000,633202990,4,68329
20260226,20259770,도망쳐,2026-02-25,1.8,0.0,110,66000,693000,2,75
20260226,20209343,한산: 용의 출현,2022-07-27,1.1,0.0,92,9000,73717093977,1,7267044
20260226,20261734,번식을 꿈꾸는 편부가정 껍질 벗기는 가정부,2026-02-26,1.2,0.0,83,6000,6000,1,1
20260226,20261809,쉽게 주는 중소기업 여직원,2026-02-26,1.2,0.0,83,6000,6000,1,1
20260226,20261862,잘 익은 육덕진 여자,2026-02-26,1.2,0.0,83,6000,6000,1,1
20260311,20242837,왕과 사는 남자,2026-02-04,15.8,58.9,1085642,1589208240,116154011270,171419,12055368
20260311,20256283,호퍼스,2026-03-04,6.0,10.5,194260,114041000,3458878790,11605,348376
20260311,20232662,삼악도,2026-03-11,12.0,5.0,92953,94075600,99780600,11184,11999
20260311,20254501,F1 더 무비,2025-06-25,6.0,5.8,106466,84644760,55026339130,6406,5221391
20260311,20241266,휴민트,2026-02-11,5.9,3.8,70574,38687540,19656179140,4150,1947339
20260311,20060033,오만과 편견,2006-03-24,7.6,2.0,37816,29092900,5560337100,2865,887914
20260311,20261181,너자 2,2026-02-25,16.4,0.5,9337,8308100,492847500,1533,59179
20260311,20250365,햄넷,2026-02-25,10.2,0.5,9755,9440700,465753830,999,48584
20260311,20261694,투어스 브이알 콘서트 : 러쉬로드,2026-03-04,77.1,0.1,1216,29984000,276199500,937,8747
20260311,20247457,신의악단,2025-12-31,5.7,0.8,15555,7751800,13573205750,879,1424436
20260310,20242837,왕과 사는 남자,2026-02-04,16.9,59.3,1051661,1649354860,114564803030,177177,11883949
20260310,20256283,호퍼스,2026-03-04,4.5,12.9,228974,102448680,3344837790,10263,336771
20260310,20241266,휴민트,2026-02-11,4.8,6.2,110597,54518800,19617491600,5358,1943189
20260310,20258444,브라이드!,2026-03-04,3.1,3.3,58983,16205710,228596990,1844,22455
20260310,20247457,신의악단,2025-12-31,7.8,1.2,21386,14637600,13565453950,1676,1423557
20260310,20250365,햄넷,2026-02-25,6.4,1.3,23204,14127800,456313130,1493,47585
20260310,20250875,우리는 매일매일,2026-03-04,7.9,0.7,12984,8629100,99736950,1030,11794
20260310,20261694,투어스 브이알 콘서트 : 러쉬로드,2026-03-04,80.6,0.1,1216,31360000,246215500,980,7810
20260310,20257744,28년 후: 뼈의 사원,2026-02-27,4.5,0.9,16442,7743500,410616770,734,38376
20260310,20261782,프로젝트 헤일메리,2026-03-18,100.0,0.0,624,10608000,10608000,624,624
20260309,20242837,왕과 사는 남자,2026-02-04,19.5,60.0,1041325,1903659490,112915448170,203138,11706772
20260309,20256283,호퍼스,2026-03-04,4.8,13.6,236228,114331050,3242389110,11332,326508
20260309,20241266,휴민트,2026-02-11,5.1,6.4,110671,57277220,19562972800,5633,1937831
20260309,20250365,햄넷,2026-02-25,7.0,1.2,20675,14201300,442185330,1450,46092
20260309,20258444,브라이드!,2026-03-04,2.5,3.0,52239,12243470,212391280,1286,20611
20260309,20247457,신의악단,2025-12-31,6.1,1.2,20453,11442470,13550816350,1245,1421881
20260309,20261694,투어스 브이알 콘서트 : 러쉬로드,2026-03-04,95.8,0.1,1216,37280000,214855500,1165,6830
20260309,20257744,28년 후: 뼈의 사원,2026-02-27,4.8,0.9,15509,7907800,402873270,739,37642
20260309,20250875,우리는 매일매일,2026-03-04,4.1,0.8,14071,5040400,91107850,570,10764
20260309,20261526,아이엠스타!X프리파라 더 무비 -만남의 기적!-,2026-02-04,3.3,0.5,7944,2644700,834898800,259,79952
20260308,20242837,왕과 사는 남자,2026-02-04,54.2,60.3,1290659,6865592080,111011788680,699459,11503634
20260308,20256283,호퍼스,2026-03-04,28.4,17.4,372987,1028662540,3128058060,105977,315176
20260308,20241266,휴민트,2026-02-11,14.9,4.9,103989,163953580,19505695580,15497,1932198
20260308,20247457,신의악단,2025-12-31,29.9,0.9,19147,49917500,13539373880,5719,1420636
20260308,20261181,너자 2,2026-02-25,30.6,0.6,12530,26086900,479012800,3831,57108
20260308,20250365,햄넷,2026-02-25,16.4,0.8,17263,29108570,427984030,2823,44642
20260308,20258444,브라이드!,2026-03-04,4.0,2.6,55013,24900000,200147810,2225,19325
20260308,20257744,28년 후: 뼈의 사원,2026-02-27,8.9,0.8,17160,17033740,394965470,1521,36903
20260308,20258709,좀비 랜드 사가: 유메긴가 파라다이스,2026-03-04,12.3,0.5,10873,17749570,57361900,1333,4727
20260308,20250875,우리는 매일매일,2026-03-04,8.6,0.7,14711,11139100,86067450,1260,10194
20260307,20242837,왕과 사는 남자,2026-02-04,56.2,60.2,1342837,7435162890,104146196600,754518,10804175
20260307,20256283,호퍼스,2026-03-04,27.9,17.2,383960,1042505710,2099395520,107039,209199
20260307,20241266,휴민트,2026-02-11,16.6,5.0,111154,195125670,19341742000,18428,1916701
20260307,20247457,신의악단,2025-12-31,23.0,0.9,19772,40983050,13489456380,4538,1414917
20260307,20250365,햄넷,2026-02-25,17.6,0.8,17474,31239980,398875460,3076,41819
20260307,20258444,브라이드!,2026-03-04,4.9,2.8,61571,35145800,175247810,3040,17100
20260307,20252373,넘버원,2026-02-11,33.2,0.4,8852,36624100,2670358320,2940,278409
20260307,20261181,너자 2,2026-02-25,23.2,0.6,12501,20267600,452925900,2894,53277
20260307,20257744,28년 후: 뼈의 사원,2026-02-27,11.5,0.8,17821,23246710,377931730,2044,35382
20260307,20261526,아이엠스타!X프리파라 더 무비 -만남의 기적!-,2026-02-04,20.6,0.4,9294,20629000,823549300,1915,78852
20260306,20242837,왕과 사는 남자,2026-02-04,24.5,55.6,1108073,2659703920,96711033710,271738,10049657
20260306,20256283,호퍼스,2026-03-04,7.1,14.7,293069,217646930,1056889810,20799,102160
20260306,20241266,휴민트,2026-02-11,7.7,6.5,129349,102432050,19146616330,9905,1898273
20260306,20258444,브라이드!,2026-03-04,3.7,4.0,79531,30563140,140102010,2957,14060
20260306,20250875,우리는 매일매일,2026-03-04,13.9,0.9,18296,20928400,62959150,2546,7563
20260306,20250365,햄넷,2026-02-25,10.6,1.1,21964,23364600,367635480,2337,38743
20260306,20261181,너자 2,2026-02-25,12.4,0.8,14989,11332700,432658300,1861,50383
20260306,20247457,신의악단,2025-12-31,7.6,1.1,21842,16229340,13448473330,1658,1410379
20260306,20257744,28년 후: 뼈의 사원,2026-02-27,6.7,1.0,20821,15442900,354685020,1394,33338
20260306,20261694,투어스 브이알 콘서트 : 러쉬로드,2026-03-04,96.8,0.1,1216,37455500,100551500,1177,3258
20260305,20242837,왕과 사는 남자,2026-02-04,18.8,52.7,959268,1676046780,94051329790,180529,9777919
20260305,20256283,호퍼스,2026-03-04,4.5,14.6,264892,116444100,839242880,11795,81361
20260305,20241266,휴민트,2026-02-11,6.0,6.6,119120,69377800,19044184280,7105,1888368
20260305,20258444,브라이드!,2026-03-04,4.1,4.5,82131,32473430,109538870,3357,11103
20260305,20261181,너자 2,2026-02-25,14.9,0.9,16024,13534300,421325600,2388,48522
20260305,20247457,신의악단,2025-12-31,8.5,1.2,22806,16543000,13432243990,1938,1408721
20260305,20250875,우리는 매일매일,2026-03-04,11.4,0.9,16596,15499450,42030750,1887,5017
20260305,20250365,햄넷,2026-02-25,7.8,1.2,22612,16510400,344270880,1758,36406
20260305,20257744,28년 후: 뼈의 사원,2026-02-27,4.6,1.6,29093,13845300,339242120,1334,31944
20260305,20261694,투어스 브이알 콘서트 : 러쉬로드,2026-03-04,96.7,0.1,1216,37632000,63096000,1176,2081
20260311,20261526,아이엠스타!X프리파라 더 무비 -만남의 기적!-,2026-02-04,9.3,0.5,8995,8350800,845196300,835,80981
20260311,20261782,프로젝트 헤일메리,2026-03-18,100.0,0.0,624,10608000,21216000,624,1248
20260311,20258709,좀비 랜드 사가: 유메긴가 파라다이스,2026-03-04,6.2,0.4,8209,4741700,65851300,509,5620
20260311,20257744,28년 후: 뼈의 사원,2026-02-27,7.0,0.2,4576,3032000,413648770,319,38695
20260311,20258444,브라이드!,2026-03-04,1.6,1.0,18537,3085800,231682790,293,22748
20260311,20080146,허밍,2008-03-13,65.1,0.0,433,2108000,644460000,282,104578
20260311,20254602,씨너스: 죄인들,2025-05-28,32.1,0.0,399,1286100,1108233140,128,95346
20260311,20261927,스페셜즈,2026-03-13,100.0,0.0,126,1134000,1134000,126,126
20260311,20249255,만약에 우리,2025-12-31,9.5,0.1,1228,1110900,25496984220,116,2601520
20260311,20250586,주희에게,2026-04-15,70.2,0.0,114,720000,5931000,80,659
20260311,20250875,우리는 매일매일,2026-03-04,2.7,0.2,2754,670400,100407350,74,11868
20260311,20261208,귀신 부르는 앱: 영,2026-02-18,2.3,0.2,3039,742000,959028500,69,95317
20260311,20256397,원 배틀 애프터 어나더,2025-10-01,5.2,0.0,832,378500,5787315320,43,543362
20260311,20252373,넘버원,2026-02-11,3.1,0.1,1287,340000,2677484120,40,279157
20260311,20256757,극장판 체인소 맨: 레제편,2025-09-24,3.6,0.0,933,388780,36286662720,34,3451341
20260311,20261736,루팡 3세 더 무비: 불사신의 혈족,2026-02-27,1.7,0.1,2036,309000,12043800,34,1175
20260311,20250181,영화 러브 라이브! 니지가사키 학원 스쿨 아이돌 동호회 완결편 제2장,2026-02-18,2.1,0.1,1350,241600,90568410,28,8679
20260311,19940315,펄프 픽션,1994-09-10,80.8,0.0,26,210000,111168900,21,11184
20260311,20261323,아기 티라노 디보: 초식이지만 괜찮아!,2026-02-25,1.8,0.1,1142,152500,88670400,21,11773
20260311,20257823,폭풍의 언덕,2026-02-11,5.7,0.0,279,152000,610801470,16,61341
20260311,20258285,프랑켄슈타인,2025-10-22,14.9,0.0,94,147000,258898290,14,26313
20260311,20161872,너의 이름은.,2017-01-04,10.6,0.0,113,118500,32692490297,12,3979475
20260311,20256396,아바타: 불과 재,2025-12-17,62.5,0.0,16,123500,78910664460,10,6744464
20260311,20258484,"미스터김, 영화관에 가다",2026-02-19,0.6,0.0,938,47000,6255908,6,764
20260311,2026A122,1967 그리즐리 어택,2026-02-26,6.0,0.0,84,30000,1748000,5,241
20260311,20247690,시스터,2026-01-28,1.4,0.0,370,29000,586022080,5,70289
20260311,20250112,극장판 총집편 걸즈 밴드 크라이 청춘광주곡,2026-01-28,1.4,0.0,284,36500,205964400,4,20673
20260311,20261439,"2024.12.03 그날 조작된 내란, 감춰진 진실",2026-02-04,0.9,0.0,458,32500,2106543820,4,214296
20260311,20256320,부고니아,2025-11-05,1.9,0.0,212,20000,742723800,4,74059
20260311,20250523,결혼해줄래?,2026-03-04,5.1,0.0,39,13000,813000,2,128
20260311,20262109,같이 젖는 모녀,2026-03-11,0.7,0.0,146,6000,6000,1,1
20260311,20245664,남장미인에게 헌팅당해 쥐어짜진 여장 남자,2026-03-11,1.3,0.0,77,6000,6000,1,1
20260311,20245656,낯선 남자의 욕망의 도구로 전락한 유부녀,2026-03-11,1.3,0.0,77,6000,6000,1,1
20260311,20247329,동정 시동생의 물건에 반해버린 형수,2026-03-11,3.2,0.0,31,6000,6000,1,1
20260311,20245658,동창회에서 재회한 전 남친에게 빼앗긴 아내,2026-03-11,3.2,0.0,31,6000,6000,1,1
20260311,20261613,라면 먹고 갈래? 커플섹스,2026-03-11,0.7,0.0,146,6000,6000,1,1
20260311,20261009,매력적인 가정부,2026-03-11,0.7,0.0,146,6000,6000,1,1
20260311,20262344,미녀 새엄마를 맛 보는 아들 무삭제판,2026-03-11,1.2,0.0,83,6000,6000,1,1
20260311,20245655,변태 스토커의 표적이 된 초임 여교사,2026-03-11,1.3,0.0,77,6000,6000,1,1
20260311,20262362,복수의 씨:씨 받는 사모님,2026-03-11,1.2,0.0,83,6000,6000,1,1
20260311,20245657,안쪽 깊은 곳까지 직접 풀어주는 마사지사,2026-03-11,3.2,0.0,31,6000,6000,1,1
20260311,20262346,엉덩이 큰 여대생 절륜 박음질,2026-03-11,1.2,0.0,83,6000,6000,1,1
20260311,20245665,예비 신랑 전 남친과 밤새 즐기는 유부녀,2026-03-11,3.2,0.0,31,6000,6000,1,1
20260311,20262345,젖은 사모님 돌려버린 정원사들,2026-03-11,1.2,0.0,83,6000,6000,1,1
20260311,20245666,출장업소에서 만난 내 최애의 아이,2026-03-11,3.2,0.0,31,6000,6000,1,1
20260311,20245654,쾌락 조교로 성감 개조된 도도한 여교수,2026-03-11,1.3,0.0,77,6000,6000,1,1
20260311,20245663,풍만한 육체로 동정남을 유혹하는 관능적인 누나,2026-03-11,1.3,0.0,77,6000,6000,1,1
20260311,20040704,하나와 앨리스,2004-11-17,0.0,0.0,77,0,614331440,0,95796
20260310,20261181,너자 2,2026-02-25,3.8,0.5,8696,3384700,484539400,330,57646
20260310,20261621,엔하이픈 [워크 더 라인 썸머 에디션] 인 시네마,2026-02-27,5.4,0.3,4580,6150000,273416000,246,10948
20260310,20261208,귀신 부르는 앱: 영,2026-02-18,3.7,0.3,6029,2505000,958286500,223,95248
20260310,20261526,아이엠스타!X프리파라 더 무비 -만남의 기적!-,2026-02-04,2.6,0.4,7416,1946700,836845500,194,80146
20260310,20258709,좀비 랜드 사가: 유메긴가 파라다이스,2026-03-04,2.3,0.4,7407,1648300,61109600,173,5111
20260310,20252373,넘버원,2026-02-11,2.9,0.3,4961,1286700,2677144120,142,279117
20260310,20241575,메소드연기,2026-03-18,100.0,0.0,142,1278000,3693000,142,363
20260310,20254602,씨너스: 죄인들,2025-05-28,9.9,0.1,1197,1321100,1106947040,118,95218
20260310,20256397,원 배틀 애프터 어나더,2025-10-01,5.2,0.1,1963,1074600,5786936820,102,543319
20260310,20233259,정보원,2025-12-03,52.6,0.0,152,560000,1540491100,80,168603
20260310,20252432,주토피아 2,2025-11-26,13.8,0.0,572,762200,82877132700,79,8611035
20260310,20249255,만약에 우리,2025-12-31,7.5,0.0,904,703600,25495873320,68,2601404
20260310,19628024,소돔과 고모라,1974-04-25,15.8,0.0,398,131000,11602500,63,5829
20260310,20256396,아바타: 불과 재,2025-12-17,12.3,0.0,365,431500,78910540960,45,6744454
20260310,20261323,아기 티라노 디보: 초식이지만 괜찮아!,2026-02-25,3.6,0.1,1082,259000,88517900,39,11752
20260310,20261736,루팡 3세 더 무비: 불사신의 혈족,2026-02-27,1.4,0.1,2401,328500,11734800,33,1141
20260310,20258285,프랑켄슈타인,2025-10-22,8.7,0.0,356,343000,258751290,31,26299
20260310,20161872,너의 이름은.,2017-01-04,9.1,0.0,340,337500,32692371797,31,3979463
20260310,20257823,폭풍의 언덕,2026-02-11,20.1,0.0,154,311000,610649470,31,61325
20260310,20250181,영화 러브 라이브! 니지가사키 학원 스쿨 아이돌 동호회 완결편 제2장,2026-02-18,2.4,0.1,1303,307000,90326810,31,8651
20260310,20256757,극장판 체인소 맨: 레제편,2025-09-24,4.7,0.0,657,300100,36286273940,31,3451307
20260310,20256320,부고니아,2025-11-05,3.6,0.0,587,205500,742703800,21,74055
20260310,20261439,"2024.12.03 그날 조작된 내란, 감춰진 진실",2026-02-04,3.3,0.0,585,142000,2106511320,19,214292
20260310,20190280,날씨의 아이,2019-10-30,6.4,0.0,283,194500,7707583152,18,895310
20260310,20250523,결혼해줄래?,2026-03-04,30.8,0.0,39,84000,800000,12,126
20260310,20256684,웨폰,2025-10-15,5.2,0.0,212,72000,824844070,11,82407
20260310,20258484,"미스터김, 영화관에 가다",2026-02-19,2.1,0.0,483,63000,6208908,10,758
20260310,20250112,극장판 총집편 걸즈 밴드 크라이 청춘광주곡,2026-01-28,3.2,0.0,185,67500,205927900,6,20669
20260310,20261150,점보,2026-02-18,1.1,0.0,465,42000,462684540,5,52523
20260310,2026A122,1967 그리즐리 어택,2026-02-26,7.4,0.0,68,30000,1718000,5,236
20260310,20247690,시스터,2026-01-28,1.1,0.0,370,22000,585993080,4,70284
20260310,20250839,영원,2026-02-04,3.4,0.0,88,33500,162441400,3,17486
20260310,20250299,고고다이노 극장판: 곤충세계 대모험,2026-01-14,3.8,0.0,80,25000,375635800,3,42003
20260310,20250840,바다 탐험대 옥토넛 어보브 앤 비욘드 : 육지생물 구조작전,2026-02-12,1.5,0.0,135,18000,319090600,2,33141
20260310,20250604,극장판 엉덩이 탐정: 스타 앤드 문,2026-02-07,1.6,0.0,127,10000,462073300,2,57502
20260310,20247571,맛깔나게 가버린 새엄마 유우짱,2026-03-10,2.2,0.0,91,2000,2000,2,2
20260310,20247483,새로운 자극을 받아준 새엄마,2026-03-10,2.2,0.0,91,2000,2000,2,2
20260310,20247570,집으로 온 여상사와 딸의 남친,2026-03-10,2.2,0.0,91,2000,2000,2,2
20260310,20209343,한산: 용의 출현,2022-07-27,1.1,0.0,92,10000,73717165977,1,7267052
20260310,20113535,부러진 화살,2012-01-18,1.7,0.0,59,7000,25938360113,1,3460356
20260310,20249077,알바 동료인 유부녀를 벗겨보았더니 하얀속살,2026-03-10,0.5,0.0,194,1000,1000,1,1
20260310,20249022,형대신 임신시켜달라는 형수 미쿠짱,2026-03-10,0.5,0.0,194,1000,1000,1,1
20260309,20258709,좀비 랜드 사가: 유메긴가 파라다이스,2026-03-04,2.2,0.6,9813,2099400,59461300,211,4938
20260309,20261208,귀신 부르는 앱: 영,2026-02-18,3.9,0.3,5325,2244600,955781500,208,95025
20260309,20261181,너자 2,2026-02-25,2.3,0.5,9059,2141900,481154700,208,57316
20260309,20232662,삼악도,2026-03-11,100.0,0.0,200,1400000,5705000,200,815
20260309,20250878,노 머시: 90분,2026-02-04,100.0,0.0,156,1404000,968751830,156,100939
20260309,20254602,씨너스: 죄인들,2025-05-28,11.0,0.1,1117,1211300,1105625940,123,95100
20260309,20261621,엔하이픈 [워크 더 라인 썸머 에디션] 인 시네마,2026-02-27,3.4,0.2,3521,2950000,267266000,118,10702
20260309,20252373,넘버원,2026-02-11,2.9,0.2,3573,925100,2675857420,102,278975
20260309,20249255,만약에 우리,2025-12-31,9.5,0.1,971,882200,25495169720,92,2601336
20260309,20257823,폭풍의 언덕,2026-02-11,22.9,0.0,376,656500,610338470,86,61294
20260309,20256397,원 배틀 애프터 어나더,2025-10-01,7.6,0.1,1121,843000,5785862220,85,543217
20260309,20161872,너의 이름은.,2017-01-04,12.1,0.0,340,425500,32692034297,41,3979432
20260309,20256757,극장판 체인소 맨: 레제편,2025-09-24,6.4,0.0,583,389560,36285973840,37,3451276
20260309,20261736,루팡 3세 더 무비: 불사신의 혈족,2026-02-27,2.0,0.1,1849,328800,11406300,37,1108
20260309,20250181,영화 러브 라이브! 니지가사키 학원 스쿨 아이돌 동호회 완결편 제2장,2026-02-18,2.6,0.1,1413,358500,90019810,36,8620
20260309,20261439,"2024.12.03 그날 조작된 내란, 감춰진 진실",2026-02-04,7.1,0.0,392,262500,2106369320,28,214273
20260309,20256320,부고니아,2025-11-05,6.0,0.0,436,305000,742498300,26,74034
20260309,20258285,프랑켄슈타인,2025-10-22,17.6,0.0,142,280900,258408290,25,26268
20260309,20252432,주토피아 2,2025-11-26,2.9,0.0,864,268500,82876370500,25,8610956
20260309,20261323,아기 티라노 디보: 초식이지만 괜찮아!,2026-02-25,3.4,0.0,739,162000,88258900,25,11713
20260309,19940315,펄프 픽션,1994-09-10,92.3,0.0,26,240000,110958900,24,11163
20260309,20256396,아바타: 불과 재,2025-12-17,6.3,0.0,365,245200,78910109460,23,6744409
20260309,20190280,날씨의 아이,2019-10-30,7.8,0.0,283,232000,7707388652,22,895292
20260309,20250840,바다 탐험대 옥토넛 어보브 앤 비욘드 : 육지생물 구조작전,2026-02-12,10.0,0.0,120,60000,319072600,12,33139
20260309,20261150,점보,2026-02-18,15.7,0.0,70,85000,462642540,11,52518
20260309,20258484,"미스터김, 영화관에 가다",2026-02-19,3.9,0.0,208,54000,6145908,8,748
20260309,2026A122,1967 그리즐리 어택,2026-02-26,10.2,0.0,49,30000,1688000,5,231
20260309,20250112,극장판 총집편 걸즈 밴드 크라이 청춘광주곡,2026-01-28,2.2,0.0,185,41000,205860400,4,20663
20260309,20247690,시스터,2026-01-28,1.1,0.0,370,22000,585971080,4,70280
20260309,20203702,노량: 죽음의 바다,2023-12-20,2.2,0.0,92,17000,45011153375,2,4573785
20260309,20250839,영원,2026-02-04,0.7,0.0,296,13800,162407900,2,17483
20260309,20247290,아들친구의 요구와 며느리의 속옷,2026-03-09,2.2,0.0,91,2000,2000,2,2
20260309,20247291,육체관계의 여상사와 아들친구,2026-03-09,2.2,0.0,91,2000,2000,2,2
20260309,20247321,치한전철 풍속점의 그녀,2026-03-09,1.0,0.0,194,2000,2000,2,2
20260309,20260982,금지된 불장난 : 아들 친구에게 무너진 육체,2026-03-09,0.7,0.0,146,6000,6000,1,1
20260309,20256144,남편 대신 벌려준 시아버지,2026-03-09,0.7,0.0,146,6000,6000,1,1
20260309,20260983,유혹에 젖은 벗겨진 여상사,2026-03-09,0.7,0.0,146,6000,6000,1,1
20260309,20255828,"처음 뚫린, 두번째 구멍",2026-03-09,0.7,0.0,146,6000,6000,1,1
20260309,20247569,아내친구의 몸냄새가 좋아서,2026-03-09,0.5,0.0,194,1000,1000,1,1
20260309,20247320,여상사와 새엄마의 정조대를 풀어버리고,2026-03-09,1.1,0.0,91,1000,1000,1,1
20260309,20060387,미녀는 괴로워,2006-12-14,0.0,0.0,212,0,36258492900,0,6074814
20260309,20060244,우리들의 행복한 시간,2006-09-14,0.0,0.0,212,0,14939018000,0,2472174
20260308,20261694,투어스 브이알 콘서트 : 러쉬로드,2026-03-04,99.3,0.1,1216,38624000,177575500,1207,5665
20260308,20261323,아기 티라노 디보: 초식이지만 괜찮아!,2026-02-25,7.6,0.6,13235,6878100,88096900,1005,11688
20260308,20261208,귀신 부르는 앱: 영,2026-02-18,12.9,0.3,7301,10698900,953536900,943,94817
20260308,20261526,아이엠스타!X프리파라 더 무비 -만남의 기적!-,2026-02-04,10.8,0.4,7809,8704800,832254100,841,79693
20260308,20261621,엔하이픈 [워크 더 라인 썸머 에디션] 인 시네마,2026-02-27,12.4,0.2,4999,15550000,264316000,622,10584
20260308,20252373,넘버원,2026-02-11,10.8,0.2,4302,4574000,2674932320,464,278873
20260308,20250181,영화 러브 라이브! 니지가사키 학원 스쿨 아이돌 동호회 완결편 제2장,2026-02-18,9.7,0.1,2631,2519950,89661310,254,8584
20260308,20254602,씨너스: 죄인들,2025-05-28,27.8,0.0,663,2219300,1104414640,184,94977
20260308,20252432,주토피아 2,2025-11-26,8.7,0.1,2087,1892800,82876102000,182,8610931
20260308,20249255,만약에 우리,2025-12-31,12.9,0.0,922,1243100,25494287520,119,2601244
20260308,20256757,극장판 체인소 맨: 레제편,2025-09-24,10.5,0.0,1041,1342900,36285584280,109,3451239
20260308,20258285,프랑켄슈타인,2025-10-22,13.4,0.0,733,1097200,258127390,98,26243
20260308,20256396,아바타: 불과 재,2025-12-17,15.4,0.0,624,943300,78909864260,96,6744386
20260308,20250840,바다 탐험대 옥토넛 어보브 앤 비욘드 : 육지생물 구조작전,2026-02-12,5.0,0.1,1733,786700,319012600,87,33127
20260308,20257823,폭풍의 언덕,2026-02-11,35.4,0.0,215,710000,609681970,76,61208
20260308,20256397,원 배틀 애프터 어나더,2025-10-01,11.4,0.0,634,798400,5785019220,72,543132
20260308,20261439,"2024.12.03 그날 조작된 내란, 감춰진 진실",2026-02-04,10.9,0.0,660,643370,2106106820,72,214245
20260308,20261736,루팡 3세 더 무비: 불사신의 혈족,2026-02-27,2.5,0.1,2685,641000,11077500,68,1071
20260308,20190280,날씨의 아이,2019-10-30,26.1,0.0,226,691500,7707156652,59,895270
20260308,20161872,너의 이름은.,2017-01-04,14.7,0.0,340,568500,32691608797,50,3979391
20260308,20250839,영원,2026-02-04,32.0,0.0,147,466000,162394100,47,17481
20260308,20108120,로빈슨가의 모험,1972-07-21,5.4,0.0,759,126000,4190000,41,2053
20260308,20261150,점보,2026-02-18,6.3,0.0,618,321000,462557540,39,52507
20260308,20250604,극장판 엉덩이 탐정: 스타 앤드 문,2026-02-07,7.3,0.0,492,317500,462063300,36,57500
20260308,20261871,허리 업 투모로우,2026-03-05,34.7,0.0,98,204000,1272000,34,203
20260308,20261185,아웃 오브 네스트,2026-02-13,35.5,0.0,93,231000,89557550,33,10659
20260308,19940315,펄프 픽션,1994-09-10,100.0,0.0,26,286000,110718900,26,11139
20260308,20259641,송 썽 블루,2026-01-14,4.8,0.0,413,139000,113490500,20,14763
20260308,20258484,"미스터김, 영화관에 가다",2026-02-19,5.4,0.0,316,164000,6091908,17,740
20260308,20250299,고고다이노 극장판: 곤충세계 대모험,2026-01-14,8.7,0.0,150,104000,375610800,13,42000
20260308,20250112,극장판 총집편 걸즈 밴드 크라이 청춘광주곡,2026-01-28,6.0,0.0,185,131500,205819400,11,20659
20260308,20246777,더 폴: 디렉터스 컷,2024-12-25,31.3,0.0,32,100000,1966287100,10,190221
20260308,20250482,"신비아파트 10주년 극장판: 한 번 더, 소환",2026-01-14,4.7,0.0,172,77600,3057301800,8,340469
20260308,2026A122,1967 그리즐리 어택,2026-02-26,5.4,0.0,93,30000,1658000,5,226
20260308,20030046,살인의 추억,2003-04-25,15.4,0.0,26,41000,96324097,4,14849
20260308,20247690,시스터,2026-01-28,1.1,0.0,370,22000,585949080,4,70276
20260308,20259383,극장판 짱구는 못말려: 초화려! 작열하는 떡잎마을 댄서즈,2025-12-24,2.5,0.0,119,30000,4642672160,3,488704
20260308,20070458,냉정과 열정사이,2003-10-10,3.9,0.0,52,22000,457405600,2,56936
20260308,20250523,결혼해줄래?,2026-03-04,5.1,0.0,39,14000,716000,2,114
20260307,20258709,좀비 랜드 사가: 유메긴가 파라다이스,2026-03-04,15.5,0.5,11671,23989340,39612330,1812,3394
20260307,20250875,우리는 매일매일,2026-03-04,9.5,0.6,14466,11969200,74928350,1371,8934
20260307,20261694,투어스 브이알 콘서트 : 러쉬로드,2026-03-04,98.7,0.0,1216,38400000,138951500,1200,4458
20260307,20261323,아기 티라노 디보: 초식이지만 괜찮아!,2026-02-25,8.5,0.6,12810,7160900,81218800,1094,10683
20260307,20261208,귀신 부르는 앱: 영,2026-02-18,12.8,0.3,6252,8937700,942838000,798,93874
20260307,20261439,"2024.12.03 그날 조작된 내란, 감춰진 진실",2026-02-04,49.2,0.1,1374,8872070,2105463450,676,214173
20260307,20261621,엔하이픈 [워크 더 라인 썸머 에디션] 인 시네마,2026-02-27,13.8,0.2,4867,16775000,248766000,671,9962
20260307,20250181,영화 러브 라이브! 니지가사키 학원 스쿨 아이돌 동호회 완결편 제2장,2026-02-18,19.3,0.1,3041,6302520,87141360,586,8330
20260307,20249255,만약에 우리,2025-12-31,16.6,0.1,1347,2239040,25493044420,223,2601125
20260307,20256397,원 배틀 애프터 어나더,2025-10-01,19.1,0.0,1101,2127800,5784220820,210,543060
20260307,20254602,씨너스: 죄인들,2025-05-28,19.3,0.0,991,2126600,1102195340,191,94793
20260307,20257823,폭풍의 언덕,2026-02-11,33.6,0.0,330,816500,608971970,111,61132
20260307,20108120,로빈슨가의 모험,1972-07-21,12.0,0.0,759,278000,4064000,91,2012
20260307,20252432,주토피아 2,2025-11-26,8.2,0.0,1092,911000,82874209200,89,8610749
20260307,20256757,극장판 체인소 맨: 레제편,2025-09-24,10.0,0.0,844,1065840,36284241380,84,3451130
20260307,20250840,바다 탐험대 옥토넛 어보브 앤 비욘드 : 육지생물 구조작전,2026-02-12,4.6,0.1,1680,669200,318225900,77,33040
20260307,20261150,점보,2026-02-18,9.1,0.0,727,651000,462236540,66,52468
20260307,20161872,너의 이름은.,2017-01-04,27.4,0.0,226,659870,32691040297,62,3979341
20260307,20256396,아바타: 불과 재,2025-12-17,11.1,0.0,542,605600,78908920960,60,6744290
20260307,20261736,루팡 3세 더 무비: 불사신의 혈족,2026-02-27,2.7,0.1,2187,621100,10436500,59,1003
20260307,20258285,프랑켄슈타인,2025-10-22,13.5,0.0,431,643800,257030190,58,26145
20260307,20250604,극장판 엉덩이 탐정: 스타 앤드 문,2026-02-07,8.5,0.0,508,398600,461745800,43,57464
20260307,20190280,날씨의 아이,2019-10-30,37.2,0.0,113,523100,7706465152,42,895211
20260307,20261185,아웃 오브 네스트,2026-02-13,27.5,0.0,109,240000,89326550,30,10626
20260307,20250299,고고다이노 극장판: 곤충세계 대모험,2026-01-14,14.0,0.0,150,165000,375506800,21,41987
20260307,20256320,부고니아,2025-11-05,6.1,0.0,212,94000,742193300,13,74008
20260307,20258484,"미스터김, 영화관에 가다",2026-02-19,1.2,0.0,1028,99000,5927908,12,723
20260307,20247690,시스터,2026-01-28,2.2,0.0,370,57000,585927080,8,70272
20260307,20250523,결혼해줄래?,2026-03-04,20.5,0.0,39,51000,702000,8,112
20260307,20250839,영원,2026-02-04,6.8,0.0,88,58500,161928100,6,17434
20260307,2026A122,1967 그리즐리 어택,2026-02-26,6.0,0.0,83,30000,1628000,5,221
20260307,20250112,극장판 총집편 걸즈 밴드 크라이 청춘광주곡,2026-01-28,5.6,0.0,72,34500,205687900,4,20648
20260307,20259383,극장판 짱구는 못말려: 초화려! 작열하는 떡잎마을 댄서즈,2025-12-24,2.5,0.0,119,29500,4642642160,3,488701
20260307,20250482,"신비아파트 10주년 극장판: 한 번 더, 소환",2026-01-14,1.2,0.0,172,16000,3057224200,2,340461
20260307,20250789,유부녀 : 비에 젖어 비치는 그녀의 속살,2026-03-07,0.7,0.0,146,6000,6000,1,1
20260306,20261526,아이엠스타!X프리파라 더 무비 -만남의 기적!-,2026-02-04,5.6,0.5,9636,5894000,802920300,536,76937
20260306,20261439,"2024.12.03 그날 조작된 내란, 감춰진 진실",2026-02-04,39.7,0.1,1157,5043000,2096591380,459,213497
20260306,20261208,귀신 부르는 앱: 영,2026-02-18,4.8,0.5,9129,4862600,933900300,440,93076
20260306,20258709,좀비 랜드 사가: 유메긴가 파라다이스,2026-03-04,3.1,0.6,11563,3684820,15622990,355,1582
20260306,20254602,씨너스: 죄인들,2025-05-28,9.9,0.1,2802,2796500,1100068740,276,94602
20260306,20261621,엔하이픈 [워크 더 라인 썸머 에디션] 인 시네마,2026-02-27,5.4,0.2,4634,6225000,231991000,249,9291
20260306,20252373,넘버원,2026-02-11,4.9,0.2,4825,2477100,2633734220,237,275469
20260306,20261323,아기 티라노 디보: 초식이지만 괜찮아!,2026-02-25,4.0,0.3,5762,1282000,74057900,233,9589
20260306,20249255,만약에 우리,2025-12-31,11.4,0.0,1040,1187870,25490805380,119,2600902
20260306,20258285,프랑켄슈타인,2025-10-22,15.7,0.0,661,1100500,256386390,104,26087
20260306,20256757,극장판 체인소 맨: 레제편,2025-09-24,5.7,0.1,1395,1005060,36283175540,80,3451046
20260306,20252432,주토피아 2,2025-11-26,11.2,0.0,600,710400,82873298200,67,8610660
20260306,20257823,폭풍의 언덕,2026-02-11,17.1,0.0,393,487000,608155470,67,61021
20260306,20250181,영화 러브 라이브! 니지가사키 학원 스쿨 아이돌 동호회 완결편 제2장,2026-02-18,2.8,0.1,1758,501700,80838840,50,7744
20260306,20256397,원 배틀 애프터 어나더,2025-10-01,5.0,0.0,926,498600,5782093020,46,542850
20260306,20261736,루팡 3세 더 무비: 불사신의 혈족,2026-02-27,1.5,0.1,2683,442600,9815400,39,944
20260306,20250523,결혼해줄래?,2026-03-04,97.4,0.0,39,228000,651000,38,104
20260306,20161872,너의 이름은.,2017-01-04,9.1,0.0,340,374000,32690380427,31,3979279
20260306,20256396,아바타: 불과 재,2025-12-17,7.1,0.0,365,275500,78908315360,26,6744230
20260306,20190280,날씨의 아이,2019-10-30,14.7,0.0,170,286500,7705942052,25,895169
20260306,20259641,송 썽 블루,2026-01-14,3.7,0.0,485,122000,113351500,18,14743
20260306,20256684,웨폰,2025-10-15,7.6,0.0,212,97000,824772070,16,82396
20260306,20030046,살인의 추억,2003-04-25,42.3,0.0,26,117000,96283097,11,14845
20260306,20258484,"미스터김, 영화관에 가다",2026-02-19,2.8,0.0,355,69000,5828908,10,711
20260306,20250840,바다 탐험대 옥토넛 어보브 앤 비욘드 : 육지생물 구조작전,2026-02-12,1.8,0.0,500,93000,317556700,9,32963
20260306,20250112,극장판 총집편 걸즈 밴드 크라이 청춘광주곡,2026-01-28,3.0,0.0,200,55000,205653400,6,20644
20260306,20250299,고고다이노 극장판: 곤충세계 대모험,2026-01-14,7.5,0.0,80,48000,375341800,6,41966
20260306,20250604,극장판 엉덩이 탐정: 스타 앤드 문,2026-02-07,2.0,0.0,257,33000,461347200,5,57421
20260306,2026A122,1967 그리즐리 어택,2026-02-26,13.5,0.0,37,30000,1598000,5,216
20260306,20261626,디데이 24시간,2026-02-26,5.1,0.0,99,30000,717000,5,88
20260306,20259383,극장판 짱구는 못말려: 초화려! 작열하는 떡잎마을 댄서즈,2025-12-24,3.1,0.0,131,60000,4642612660,4,488698
20260306,20261150,점보,2026-02-18,1.8,0.0,218,42000,461585540,4,52402
20260306,20113535,부러진 화살,2012-01-18,4.4,0.0,92,36000,25938353113,4,3460355
20260306,20247690,시스터,2026-01-28,1.0,0.0,385,22000,585870080,4,70264
20260306,20258808,뽀로로 극장판 스위트캐슬 대모험,2025-12-11,2.1,0.0,96,27000,2303655710,2,265767
20260306,20261575,남편보다 굵고 길고 훌륭해,2026-03-06,3.2,0.0,31,6000,6000,1,1
20260306,20250814,들어오자마자 너무 좋아하는 성욕 귀신,2026-03-06,1.3,0.0,77,6000,6000,1,1
20260306,20261576,듬뿍 싸지른 하얀 물로 마사지,2026-03-06,3.2,0.0,31,6000,6000,1,1
20260306,20261578,여친 언니 엉덩이에 싸버린 쾌락,2026-03-06,3.2,0.0,31,6000,6000,1,1
20260306,20250812,여친 언니의 빨간 색기에 빠진 남자,2026-03-06,1.3,0.0,77,6000,6000,1,1
20260306,20250823,욕정 씻어내는 목욕 섹스,2026-03-06,1.3,0.0,77,6000,6000,1,1
20260306,20261633,음탕한 목소리 원격 섹스,2026-03-06,3.2,0.0,31,6000,6000,1,1
20260306,20261577,찢어질 정도로 넣는 불륜녀,2026-03-06,3.2,0.0,31,6000,6000,1,1
20260306,20261574,창문 넘어온 사타구니 향기,2026-03-06,1.3,0.0,77,6000,6000,1,1
20260306,20250813,추억 묻은 긴 막대기 핥는 여자,2026-03-06,1.3,0.0,77,6000,6000,1,1
20260305,20261526,아이엠스타!X프리파라 더 무비 -만남의 기적!-,2026-02-04,7.3,0.5,8580,6099500,797026300,624,76401
20260305,20232662,삼악도,2026-03-11,100.0,0.0,543,3801000,4305000,543,615
20260305,20261150,점보,2026-02-18,44.9,0.1,1098,3013000,461543540,493,52398
20260305,20250181,영화 러브 라이브! 니지가사키 학원 스쿨 아이돌 동호회 완결편 제2장,2026-02-18,13.3,0.2,3527,4503580,80337140,469,7694
20260305,20258709,좀비 랜드 사가: 유메긴가 파라다이스,2026-03-04,3.2,0.7,13417,3981170,11938170,423,1227
20260305,20261621,엔하이픈 [워크 더 라인 썸머 에디션] 인 시네마,2026-02-27,8.1,0.3,4933,9641000,225766000,397,9042
20260305,20261208,귀신 부르는 앱: 영,2026-02-18,4.4,0.4,7878,3724500,929037700,345,92636
20260305,20252373,넘버원,2026-02-11,3.8,0.3,6102,2203400,2631257120,229,275232
20260305,20261871,허리 업 투모로우,2026-03-05,13.7,0.1,1238,1068000,1068000,169,169
20260305,20258285,프랑켄슈타인,2025-10-22,18.7,0.0,865,1596400,255285890,162,25983
20260305,20254602,씨너스: 죄인들,2025-05-28,6.0,0.1,2336,1438800,1097272240,141,94326
20260305,20184105,말모이,2019-01-09,64.4,0.0,194,1104000,24004375520,125,2868379
20260305,20249255,만약에 우리,2025-12-31,7.3,0.1,1320,921900,25489617510,96,2600783
20260305,20250586,주희에게,2026-04-15,67.2,0.0,119,720000,5211000,80,579
20260305,20261736,루팡 3세 더 무비: 불사신의 혈족,2026-02-27,2.7,0.1,2562,650600,9372800,69,905
20260305,20161872,너의 이름은.,2017-01-04,8.5,0.0,741,681740,32690006427,63,3979248
20260305,20256757,극장판 체인소 맨: 레제편,2025-09-24,4.3,0.1,1298,664580,36282170480,56,3450966
20260305,20252432,주토피아 2,2025-11-26,7.2,0.0,750,538700,82872587800,54,8610593
20260305,20256397,원 배틀 애프터 어나더,2025-10-01,4.6,0.1,1095,518700,5781594420,50,542804
20260305,20250523,결혼해줄래?,2026-03-04,97.4,0.0,39,228000,423000,38,66
20260305,20257823,폭풍의 언덕,2026-02-11,8.5,0.0,435,261500,607668470,37,60954
20260305,20261439,"2024.12.03 그날 조작된 내란, 감춰진 진실",2026-02-04,4.7,0.0,699,290300,2091548380,33,213038
20260305,20261323,아기 티라노 디보: 초식이지만 괜찮아!,2026-02-25,2.5,0.1,1330,196000,72775900,33,9356
20260305,20190280,날씨의 아이,2019-10-30,6.2,0.0,514,353600,7705655552,32,895144
20260305,20249624,프로젝트 Y,2026-01-21,100.0,0.0,18,180000,1374381060,18,140808
20260305,19940315,펄프 픽션,1994-09-10,61.5,0.0,26,160000,110432900,16,11113
20260305,20256396,아바타: 불과 재,2025-12-17,6.4,0.0,236,159000,78908039860,15,6744204
20260305,20250112,극장판 총집편 걸즈 밴드 크라이 청춘광주곡,2026-01-28,5.0,0.0,200,85000,205598400,10,20638
20260305,20256320,부고니아,2025-11-05,2.8,0.0,284,74000,742099300,8,73995
20260305,20250839,영원,2026-02-04,3.6,0.0,193,61600,161869600,7,17428
20260305,20250840,바다 탐험대 옥토넛 어보브 앤 비욘드 : 육지생물 구조작전,2026-02-12,1.0,0.0,614,58000,317463700,6,32954
20260305,20050097,올리브나무사이로,1997-08-23,11.5,0.0,52,42000,8561000,6,1053
20260305,2026A122,1967 그리즐리 어택,2026-02-26,5.1,0.0,99,30000,1568000,5,211
20260305,20250299,고고다이노 극장판: 곤충세계 대모험,2026-01-14,2.6,0.0,157,36000,375293800,4,41960
20260305,20258484,"미스터김, 영화관에 가다",2026-02-19,1.6,0.0,245,31000,5759908,4,701
20260305,20247690,시스터,2026-01-28,1.1,0.0,381,22000,585848080,4,70260
20260305,20262111,돌기 솟은 여친 꼭지 공략,2026-03-05,1.2,0.0,83,6000,6000,1,1
20260305,20262127,부장님이 빨아버린 가랑이 무삭제판,2026-03-05,0.7,0.0,146,6000,6000,1,1
20260305,20262112,욕정 미친 글램녀와 노천섹스,2026-03-05,1.2,0.0,83,6000,6000,1,1
20260305,20262128,잘 대주는 일본 여사친,2026-03-05,1.2,0.0,83,6000,6000,1,1
20260318,20242837,왕과 사는 남자,2026-02-04,15.4,44.8,805373,1153768800,133559006980,124102,13846169
20260318,20261782,프로젝트 헤일메리,2026-03-18,13.1,32.4,582320,849106500,881072030,76003,78054
20260318,20241575,메소드연기,2026-03-18,10.5,4.4,79150,70933270,108735840,8268,11856
20260318,20256283,호퍼스,2026-03-04,7.5,3.8,69199,49898700,5485688350,5207,553027
20260318,20232662,삼악도,2026-03-11,8.6,1.6,29045,22311700,629964100,2485,68168
20260318,20138661,케이온,2013-06-13,24.3,0.4,6556,17596100,294168031,1595,31597
20260318,20261437,녹나무의 파수꾼,2026-03-18,3.0,2.9,52344,14408160,14408160,1548,1548
20260318,20261694,투어스 브이알 콘서트 : 러쉬로드,2026-03-04,74.1,0.1,1216,28832000,504071500,901,15868
20260318,20060033,오만과 편견,2006-03-24,5.7,0.8,13967,8270200,5702834700,801,901593
20260318,20241266,휴민트,2026-02-11,5.3,0.8,14763,7234100,19935082970,775,1975032
20260317,20242837,왕과 사는 남자,2026-02-04,10.7,64.5,1129527,1132734240,132405238180,120443,13722067
20260317,20256283,호퍼스,2026-03-04,4.8,10.0,175589,83727090,5435789650,8474,547820
20260317,20232662,삼악도,2026-03-11,6.3,4.1,72171,39911800,607652400,4555,65683
20260317,20241266,휴민트,2026-02-11,3.9,5.0,87292,35252100,19927848870,3371,1974257
20260317,20060033,오만과 편견,2006-03-24,3.4,2.2,37741,12809000,5694564500,1270,900792
20260317,20247457,신의악단,2025-12-31,7.1,0.9,16330,10250600,13660587560,1159,1434183
20260317,20250365,햄넷,2026-02-25,10.0,0.7,11480,11109600,541165000,1150,56231
20260317,20261208,귀신 부르는 앱: 영,2026-02-18,18.6,0.3,4813,5059000,971573600,896,97053
20260317,20261694,투어스 브이알 콘서트 : 러쉬로드,2026-03-04,61.0,0.1,1216,23744000,475239500,742,14967
20260317,20253101,극장판 진격의 거인 완결편 더 라스트 어택,2025-03-13,3.8,0.9,15821,7394800,9936372660,594,962265
20260316,20242837,왕과 사는 남자,2026-02-04,11.9,64.8,1127912,1264396430,131272503940,133935,13601624
20260316,20256283,호퍼스,2026-03-04,4.7,10.0,174550,82666840,5352062560,8186,539346
20260316,20232662,삼악도,2026-03-11,5.2,4.2,72658,37192600,567740600,3743,61128
20260316,20241266,휴민트,2026-02-11,3.7,5.1,89203,33889800,19892596770,3285,1970886
20260316,20060033,오만과 편견,2006-03-24,3.6,2.3,39607,14318700,5681755500,1410,899522
20260316,20250365,햄넷,2026-02-25,9.2,0.6,11049,9790870,530055400,1015,55081
20260316,20261694,투어스 브이알 콘서트 : 러쉬로드,2026-03-04,78.8,0.1,1216,30656000,451495500,958,14225
20260316,20247457,신의악단,2025-12-31,5.7,0.9,14996,7677400,13650336960,851,1433024
20260316,20253101,극장판 진격의 거인 완결편 더 라스트 어택,2025-03-13,4.4,1.0,16706,8992400,9928977860,726,961671
20260316,20254602,씨너스: 죄인들,2025-05-28,30.6,0.1,1564,4887800,1120496740,478,96575
20260315,20242837,왕과 사는 남자,2026-02-04,35.0,64.3,1364794,4706514140,130008107510,478133,13467689
20260315,20256283,호퍼스,2026-03-04,24.6,14.6,309058,744129560,5269395720,75888,531160
20260315,20232662,삼악도,2026-03-11,19.5,3.2,68369,129347900,530548000,13360,57385
20260315,20254501,F1 더 무비,2025-06-25,17.3,3.6,76428,183256340,55580538830,13235,5261209
20260315,20241266,휴민트,2026-02-11,10.6,2.4,50671,53996480,19858706970,5359,1967601
20260315,20247457,신의악단,2025-12-31,28.8,0.6,12501,31584200,13642659560,3596,1432173
20260315,20253101,극장판 진격의 거인 완결편 더 라스트 어택,2025-03-13,27.7,0.5,10161,35692840,9919985460,2819,960945
20260315,20060033,오만과 편견,2006-03-24,8.9,1.4,29841,27953100,5667436800,2649,898112
20260315,20261927,스페셜즈,2026-03-13,28.3,0.3,7193,26463300,47870800,2032,3673
20260315,20138661,케이온,2013-06-13,94.2,0.1,2041,28845000,276571931,1923,30002
20260314,20242837,왕과 사는 남자,2026-02-04,38.5,64.5,1439480,5491509500,125301593370,554177,12989556
20260314,20256283,호퍼스,2026-03-04,25.0,14.3,319820,793085070,4525266160,79884,455272
20260314,20232662,삼악도,2026-03-11,22.5,3.2,70751,156099300,401200100,15934,44025
20260314,20254501,F1 더 무비,2025-06-25,18.0,3.6,79435,199755150,55397282490,14269,5247974
20260314,20241266,휴민트,2026-02-11,12.4,2.4,53624,66986620,19804710490,6640,1962242
20260314,20253101,극장판 진격의 거인 완결편 더 라스트 어택,2025-03-13,33.5,0.5,10864,47157200,9884292620,3637,958126
20260314,20060033,오만과 편견,2006-03-24,9.4,1.4,32293,31779600,5639483700,3026,895463
20260314,20247457,신의악단,2025-12-31,15.2,0.5,11678,16826110,13611075360,1775,1428577
20260314,20250365,햄넷,2026-02-25,20.6,0.4,8075,17007900,503368830,1663,52372
20260314,20261927,스페셜즈,2026-03-13,22.5,0.3,6064,18803400,21407500,1362,1641
20260313,20242837,왕과 사는 남자,2026-02-04,18.2,61.8,1214516,2180344160,119810083870,221367,12435379
20260313,20256283,호퍼스,2026-03-04,8.3,10.7,209436,178612510,3732181090,17445,375388
20260313,20232662,삼악도,2026-03-11,10.6,4.3,84012,83118200,245100800,8864,28091
20260313,20254501,F1 더 무비,2025-06-25,8.3,4.3,84499,99100390,55197527340,6977,5233705
20260313,20241266,휴민트,2026-02-11,6.2,3.6,69935,43145400,19737723870,4308,1955602
20260313,20253101,극장판 진격의 거인 완결편 더 라스트 어택,2025-03-13,30.3,0.7,13941,55774550,9837135420,4225,954489
20260313,20060033,오만과 편견,2006-03-24,6.7,1.9,36652,26971100,5607704100,2466,892437
20260313,20241575,메소드연기,2026-03-18,100.0,0.1,1866,16794000,20487000,1866,2229
20260313,20247457,신의악단,2025-12-31,9.2,0.7,14576,12047300,13594249250,1337,1426802
20260313,20250365,햄넷,2026-02-25,11.2,0.6,11364,12499900,486360930,1274,50709
20260312,20242837,왕과 사는 남자,2026-02-04,14.9,59.6,1064898,1475728440,117629739710,158644,12214012
20260312,20256283,호퍼스,2026-03-04,5.3,10.1,180228,94689790,3553568580,9567,357943
20260312,20232662,삼악도,2026-03-11,8.5,4.8,85520,62202000,161982600,7228,19227
20260312,20254501,F1 더 무비,2025-06-25,5.1,5.8,104640,72087820,55098426950,5337,5226728
20260312,20241266,휴민트,2026-02-11,5.7,3.9,69289,38399330,19694578470,3955,1951294
20260312,20060033,오만과 편견,2006-03-24,5.3,2.2,38567,20395900,5580733000,2057,889971
20260312,20247457,신의악단,2025-12-31,6.7,0.9,15399,8996200,13582201950,1029,1425465
20260312,20261181,너자 2,2026-02-25,13.8,0.4,7182,6214600,499062100,990,60169
20260312,20261694,투어스 브이알 콘서트 : 러쉬로드,2026-03-04,79.4,0.1,1216,30880000,307079500,965,9712
20260312,20250365,햄넷,2026-02-25,8.3,0.6,10217,8107200,473861030,851,49435
20260318,20261208,귀신 부르는 앱: 영,2026-02-18,18.7,0.2,3735,3964000,975537600,699,97752
20260318,20261526,아이엠스타!X프리파라 더 무비 -만남의 기적!-,2026-02-04,13.5,0.3,4599,5771000,876725800,619,84126
20260318,20250365,햄넷,2026-02-25,10.4,0.3,5733,5388500,546553500,598,56829
20260318,20247457,신의악단,2025-12-31,11.4,0.3,4677,4271100,13664858660,531,1434714
20260318,20256397,원 배틀 애프터 어나더,2025-10-01,21.7,0.1,1165,2396200,5800733520,253,544730
20260318,20253101,극장판 진격의 거인 완결편 더 라스트 어택,2025-03-13,4.9,0.3,5130,3084100,9939456760,249,962514
20260318,20258709,좀비 랜드 사가: 유메긴가 파라다이스,2026-03-04,5.7,0.2,3460,1853600,92877100,196,7847
20260318,20254602,씨너스: 죄인들,2025-05-28,23.1,0.0,523,961400,1125937940,121,97105
20260318,20262137,하이재킹: 메이데이,2026-03-18,7.1,0.1,1428,1248000,1248000,101,101
20260318,20250586,주희에게,2026-04-15,61.5,0.0,130,720000,7371000,80,819
20260318,20252373,넘버원,2026-02-11,95.2,0.0,62,354000,2682306520,59,279706
20260318,20261181,너자 2,2026-02-25,3.0,0.1,1077,322000,530840200,32,64682
20260318,20249255,만약에 우리,2025-12-31,8.4,0.0,370,268600,25506203020,31,2602399
20260318,20256757,극장판 체인소 맨: 레제편,2025-09-24,5.7,0.0,496,287600,36290859700,28,3451700
20260318,20241343,우마무스메 프리티 더비 새로운 시대의 문,2024-07-11,4.3,0.0,583,246600,705430492,25,66731
20260318,20257744,28년 후: 뼈의 사원,2026-02-27,2.2,0.0,810,166300,433078740,18,40602
20260318,20261927,스페셜즈,2026-03-13,1.2,0.1,1526,159000,49229900,18,3828
20260318,20261905,우주 수호대: 하하하 행성의 대모험,2026-03-13,1.5,0.1,1024,97500,12199800,15,1655
20260318,20261626,디데이 24시간,2026-02-26,7.3,0.0,137,60000,807000,10,103
20260318,20258484,"미스터김, 영화관에 가다",2026-02-19,11.4,0.0,70,42000,7761908,8,970
20260318,20256396,아바타: 불과 재,2025-12-17,75.0,0.0,8,61000,78911738760,6,6744546
20260318,20258444,브라이드!,2026-03-04,8.3,0.0,48,28000,251022590,4,24396
20260318,20250181,영화 러브 라이브! 니지가사키 학원 스쿨 아이돌 동호회 완결편 제2장,2026-02-18,4.4,0.0,92,24000,97848310,4,9366
20260318,20250840,바다 탐험대 옥토넛 어보브 앤 비욘드 : 육지생물 구조작전,2026-02-12,7.5,0.0,40,25000,320241200,3,33264
20260318,20257823,폭풍의 언덕,2026-02-11,3.4,0.0,88,25000,613275210,3,61660
20260318,20250875,우리는 매일매일,2026-03-04,2.1,0.0,97,18000,104592850,2,12281
20260318,20261627,"맛있는 불륜 : 사위와 장모, 며느리와 시아버지",2026-03-18,0.7,0.0,146,6000,6000,1,1
20260318,20261207,유부녀들 : 남편 몰래 바람피다,2026-03-18,0.7,0.0,146,6000,6000,1,1
20260318,20259142,정사 : 잠든 남편 옆에서 무삭제,2026-03-18,0.7,0.0,146,6000,6000,1,1
20260317,20254602,씨너스: 죄인들,2025-05-28,37.6,0.1,1089,4479800,1124976540,409,96984
20260317,20258444,브라이드!,2026-03-04,1.2,1.2,21607,3188500,250994590,267,24392
20260317,20257744,28년 후: 뼈의 사원,2026-02-27,5.7,0.2,4192,2429800,432912440,239,40584
20260317,20256397,원 배틀 애프터 어나더,2025-10-01,13.5,0.1,1680,2082300,5798337320,227,544477
20260317,20261526,아이엠스타!X프리파라 더 무비 -만남의 기적!-,2026-02-04,3.2,0.4,6946,2231000,870954800,221,83507
20260317,19608108,4인의 무뢰한,1971-05-28,17.2,0.1,1144,394000,4730000,197,2350
20260317,20258709,좀비 랜드 사가: 유메긴가 파라다이스,2026-03-04,2.8,0.4,6214,1627000,91023500,174,7651
20260317,20261181,너자 2,2026-02-25,3.2,0.3,4485,1569100,530518200,145,64650
20260317,20252373,넘버원,2026-02-11,11.8,0.1,1162,965500,2681952520,137,279647
20260317,20261782,프로젝트 헤일메리,2026-03-18,100.0,0.0,126,1134000,31965530,126,2051
20260317,20206946,시민덕희,2024-01-24,100.0,0.0,123,1230000,16192126097,123,1717546
20260317,20249255,만약에 우리,2025-12-31,9.9,0.1,1165,1238300,25505934420,115,2602368
20260317,20250875,우리는 매일매일,2026-03-04,2.9,0.1,1981,554800,104574850,58,12279
20260317,20261927,스페셜즈,2026-03-13,1.5,0.2,3839,512600,49070900,57,3810
20260317,20256757,극장판 체인소 맨: 레제편,2025-09-24,8.8,0.0,559,489700,36290572100,49,3451672
20260317,20258285,프랑켄슈타인,2025-10-22,14.1,0.0,290,410500,260809790,41,26491
20260317,20241343,우마무스메 프리티 더비 새로운 시대의 문,2024-07-11,4.6,0.0,884,388700,705183892,41,66706
20260317,20261905,우주 수호대: 하하하 행성의 대모험,2026-03-13,0.9,0.2,3190,179000,12102300,30,1640
20260317,20250181,영화 러브 라이브! 니지가사키 학원 스쿨 아이돌 동호회 완결편 제2장,2026-02-18,1.6,0.1,1468,219000,97824310,24,9362
20260317,20257823,폭풍의 언덕,2026-02-11,16.1,0.0,118,161000,613250210,19,61657
20260317,20258484,"미스터김, 영화관에 가다",2026-02-19,3.0,0.0,536,114000,7719908,16,962
20260317,20256396,아바타: 불과 재,2025-12-17,100.0,0.0,8,102000,78911677760,8,6744540
20260317,20030046,살인의 추억,2003-04-25,20.0,0.0,40,74000,96464097,8,14864
20260317,20261439,"2024.12.03 그날 조작된 내란, 감춰진 진실",2026-02-04,2.3,0.0,348,61000,2108328620,8,214463
20260317,20261323,아기 티라노 디보: 초식이지만 괜찮아!,2026-02-25,1.7,0.0,345,72000,90459500,6,11971
20260317,20234675,파묘,2024-02-22,5.2,0.0,116,64500,115158173914,6,11914875
20260317,20250112,극장판 총집편 걸즈 밴드 크라이 청춘광주곡,2026-01-28,1.1,0.0,284,30000,206157900,3,20693
20260317,20250604,극장판 엉덩이 탐정: 스타 앤드 문,2026-02-07,1.9,0.0,104,22000,462157300,2,57511
20260317,20262503,굶주린 생과부-질펀한 마사지 무삭제판,2026-03-17,1.2,0.0,83,6000,6000,1,1
20260317,20262492,배란기에 찾아온 유부녀-임신도 쌉가능,2026-03-17,1.2,0.0,83,6000,6000,1,1
20260317,20262502,시아버지와 며느리의 발정기,2026-03-17,1.2,0.0,83,6000,6000,1,1
20260317,20211644,거친플레이의 새엄마 유미짱,2026-03-17,0.5,0.0,194,1000,1000,1,1
20260317,20211803,남편이 절대모를 집안불륜,2026-03-17,0.5,0.0,194,1000,1000,1,1
20260317,20261999,뒤바뀐 연인 본능대로 꽂아버린 네 남녀,2026-03-17,1.1,0.0,91,1000,1000,1,1
20260317,20262062,레이와 유부녀의 첫 정사,2026-03-17,1.1,0.0,91,1000,1000,1,1
20260317,20262081,숨겨둔 재능에 각성한 유부녀,2026-03-17,1.1,0.0,91,1000,1000,1,1
20260317,20211924,친구엄마 리노의 개미허리,2026-03-17,0.5,0.0,194,1000,1000,1,1
20260317,20100188,하녀,2010-05-13,0.0,0.0,77,0,17038860500,0,2267581
20260316,20256397,원 배틀 애프터 어나더,2025-10-01,16.7,0.2,2571,4717400,5796255020,428,544250
20260316,20261208,귀신 부르는 앱: 영,2026-02-18,8.5,0.3,4815,2702500,966514600,411,96157
20260316,20257521,프로텍터,2026-03-25,100.0,0.0,214,1926000,1926000,214,214
20260316,20258444,브라이드!,2026-03-04,1.1,1.0,17802,2364700,247806090,202,24125
20260316,20261526,아이엠스타!X프리파라 더 무비 -만남의 기적!-,2026-02-04,3.2,0.3,6006,2027800,868723800,194,83286
20260316,20261782,프로젝트 헤일메리,2026-03-18,78.3,0.0,240,2068000,30831530,188,1925
20260316,20257744,28년 후: 뼈의 사원,2026-02-27,5.0,0.2,3658,1756100,430482640,183,40345
20260316,20258709,좀비 랜드 사가: 유메긴가 파라다이스,2026-03-04,2.4,0.4,7124,1602660,89396500,170,7477
20260316,20258484,"미스터김, 영화관에 가다",2026-02-19,63.5,0.0,244,1091000,7605908,155,946
20260316,20249255,만약에 우리,2025-12-31,7.6,0.1,1494,1162400,25504696120,114,2602253
20260316,20261181,너자 2,2026-02-25,2.3,0.3,4494,1058300,528949100,103,64505
20260316,20250586,주희에게,2026-04-15,48.2,0.0,166,720000,6651000,80,739
20260316,20261927,스페셜즈,2026-03-13,1.7,0.3,4844,687500,48558300,80,3753
20260316,20252373,넘버원,2026-02-11,4.1,0.1,1104,466800,2680987020,45,279510
20260316,20233261,청설,2024-11-06,45.9,0.0,85,195000,7491348310,39,802850
20260316,20241343,우마무스메 프리티 더비 새로운 시대의 문,2024-07-11,3.3,0.1,1098,360600,704795192,36,66665
20260316,20256757,극장판 체인소 맨: 레제편,2025-09-24,4.7,0.0,659,308600,36290082400,31,3451623
20260316,19940315,펄프 픽션,1994-09-10,67.5,0.0,40,270000,111716900,27,11237
20260316,20250875,우리는 매일매일,2026-03-04,1.6,0.1,1349,227000,104020050,22,12221
20260316,20261905,우주 수호대: 하하하 행성의 대모험,2026-03-13,1.1,0.1,1856,123000,11923300,20,1610
20260316,20250181,영화 러브 라이브! 니지가사키 학원 스쿨 아이돌 동호회 완결편 제2장,2026-02-18,1.3,0.1,1244,141500,97605310,16,9338
20260316,20261323,아기 티라노 디보: 초식이지만 괜찮아!,2026-02-25,2.4,0.0,548,133000,90387500,13,11965
20260316,20250840,바다 탐험대 옥토넛 어보브 앤 비욘드 : 육지생물 구조작전,2026-02-12,1.6,0.0,799,104500,320216200,13,33261
20260316,20258285,프랑켄슈타인,2025-10-22,10.3,0.0,116,132300,260399290,12,26450
20260316,20257823,폭풍의 언덕,2026-02-11,9.4,0.0,128,107500,613089210,12,61638
20260316,20256396,아바타: 불과 재,2025-12-17,62.5,0.0,16,140000,78911575760,10,6744532
20260316,20250299,고고다이노 극장판: 곤충세계 대모험,2026-01-14,10.0,0.0,40,32000,375796800,4,42024
20260316,20261439,"2024.12.03 그날 조작된 내란, 감춰진 진실",2026-02-04,0.8,0.0,246,14500,2108267620,2,214455
20260316,20261150,점보,2026-02-18,3.5,0.0,57,12000,462822540,2,52542
20260316,20250112,극장판 총집편 걸즈 밴드 크라이 청춘광주곡,2026-01-28,0.4,0.0,284,10000,206127900,1,20690
20260316,20249427,대낮의 거실과 욕실에서 새엄마를 탐하다,2026-03-16,0.5,0.0,194,1000,1000,1,1
20260316,20249428,새엄마와 친구엄마 더블섹스,2026-03-16,0.5,0.0,194,1000,1000,1,1
20260316,20249032,장모님께 고백한 사랑의 보답섹스,2026-03-16,1.1,0.0,91,1000,1000,1,1
20260316,20249030,장모님이 속옷을 내리자 폭주한 사위,2026-03-16,1.1,0.0,91,1000,1000,1,1
20260316,20249031,치한전철과 비키니 새엄마,2026-03-16,1.1,0.0,91,1000,1000,1,1
20260315,20261181,너자 2,2026-02-25,27.8,0.3,6515,11992700,527890800,1810,64402
20260315,20250365,햄넷,2026-02-25,17.7,0.4,9578,16895700,520264530,1694,54066
20260315,20261694,투어스 브이알 콘서트 : 러쉬로드,2026-03-04,99.1,0.1,1216,38560000,420839500,1205,13267
20260315,20261621,엔하이픈 [워크 더 라인 썸머 에디션] 인 시네마,2026-02-27,80.0,0.0,1030,20600000,311191000,824,12459
20260315,20261905,우주 수호대: 하하하 행성의 대모험,2026-03-13,4.8,0.6,13260,4565200,11800300,631,1590
20260315,20261526,아이엠스타!X프리파라 더 무비 -만남의 기적!-,2026-02-04,7.8,0.3,7312,5721400,866696000,569,83092
20260315,20258709,좀비 랜드 사가: 유메긴가 파라다이스,2026-03-04,10.0,0.3,5637,8066200,87793840,565,7307
20260315,20257744,28년 후: 뼈의 사원,2026-02-27,11.1,0.2,3220,3747700,428726540,356,40162
20260315,20258444,브라이드!,2026-03-04,2.0,0.6,12890,3188600,245441390,259,23923
20260315,20256397,원 배틀 애프터 어나더,2025-10-01,32.6,0.0,610,1583600,5791537620,199,543822
20260315,20254602,씨너스: 죄인들,2025-05-28,48.7,0.0,396,2079000,1115608940,193,96097
20260315,20241343,우마무스메 프리티 더비 새로운 시대의 문,2024-07-11,15.3,0.0,973,1536800,704434592,149,66629
20260315,20261208,귀신 부르는 앱: 영,2026-02-18,5.1,0.1,2237,1319700,963812100,114,95746
20260315,20249255,만약에 우리,2025-12-31,13.5,0.0,726,981100,25503533720,98,2602139
20260315,20257823,폭풍의 언덕,2026-02-11,22.3,0.0,439,770000,612981710,98,61626
20260315,20252373,넘버원,2026-02-11,9.6,0.0,1014,1056600,2680520220,97,279465
20260315,20256757,극장판 체인소 맨: 레제편,2025-09-24,11.2,0.0,798,1066860,36289773800,89,3451592
20260315,20261323,아기 티라노 디보: 초식이지만 괜찮아!,2026-02-25,2.9,0.1,2714,739700,90254500,79,11952
20260315,20250181,영화 러브 라이브! 니지가사키 학원 스쿨 아이돌 동호회 완결편 제2장,2026-02-18,3.7,0.1,2034,743500,97463810,76,9322
20260315,20250875,우리는 매일매일,2026-03-04,3.2,0.1,2019,569400,103793050,65,12199
20260315,20250840,바다 탐험대 옥토넛 어보브 앤 비욘드 : 육지생물 구조작전,2026-02-12,6.9,0.0,903,633000,320111700,62,33248
20260315,20259641,송 썽 블루,2026-01-14,10.1,0.0,485,311000,113952500,49,14837
20260315,20258285,프랑켄슈타인,2025-10-22,14.3,0.0,217,301500,260266990,31,26438
20260315,20261439,"2024.12.03 그날 조작된 내란, 감춰진 진실",2026-02-04,28.4,0.0,67,176000,2108253120,19,214453
20260315,20250839,영원,2026-02-04,25.4,0.0,59,210000,162861400,15,17516
20260315,20258484,"미스터김, 영화관에 가다",2026-02-19,22.0,0.0,59,140000,6514908,13,791
20260315,20261185,아웃 오브 네스트,2026-02-13,14.0,0.0,93,91000,89809550,13,10695
20260315,20256396,아바타: 불과 재,2025-12-17,62.5,0.0,16,126000,78911435760,10,6744522
20260315,20250299,고고다이노 극장판: 곤충세계 대모험,2026-01-14,25.0,0.0,40,74000,375764800,10,42020
20260315,20252432,주토피아 2,2025-11-26,12.5,0.0,64,87500,82878845200,8,8611192
20260315,20250112,극장판 총집편 걸즈 밴드 크라이 청춘광주곡,2026-01-28,2.8,0.0,284,78000,206117900,8,20689
20260315,20250523,결혼해줄래?,2026-03-04,15.4,0.0,39,36000,905000,6,142
20260315,20250604,극장판 엉덩이 탐정: 스타 앤드 문,2026-02-07,2.8,0.0,144,32000,462135300,4,57509
20260315,20261150,점보,2026-02-18,7.0,0.0,57,32000,462810540,4,52540
20260315,20250482,"신비아파트 10주년 극장판: 한 번 더, 소환",2026-01-14,2.9,0.0,105,20400,3057392100,3,340481
20260314,20241575,메소드연기,2026-03-18,64.0,0.1,2124,17315570,37802570,1359,3588
20260314,20261181,너자 2,2026-02-25,20.5,0.3,6237,9164700,515898100,1278,62592
20260314,20261694,투어스 브이알 콘서트 : 러쉬로드,2026-03-04,99.2,0.0,1216,38592000,382279500,1206,12062
20260314,20258709,좀비 랜드 사가: 유메긴가 파라다이스,2026-03-04,11.1,0.3,6483,9950840,79727640,717,6742
20260314,20261621,엔하이픈 [워크 더 라인 썸머 에디션] 인 시네마,2026-02-27,66.7,0.0,1030,17175000,290591000,687,11635
20260314,20261526,아이엠스타!X프리파라 더 무비 -만남의 기적!-,2026-02-04,8.1,0.4,8189,6637300,860974600,660,82523
20260314,20261905,우주 수호대: 하하하 행성의 대모험,2026-03-13,4.2,0.7,15608,4667100,7235100,653,959
20260314,20257744,28년 후: 뼈의 사원,2026-02-27,13.3,0.2,3886,5306400,424978840,516,39806
20260314,20261782,프로젝트 헤일메리,2026-03-18,95.8,0.0,378,6277530,28763530,362,1737
20260314,20258444,브라이드!,2026-03-04,2.2,0.7,15467,4271100,242252790,338,23664
20260314,20241343,우마무스메 프리티 더비 새로운 시대의 문,2024-07-11,20.6,0.1,1332,2642800,702897792,274,66480
20260314,20249255,만약에 우리,2025-12-31,28.6,0.0,891,2840000,25502552620,255,2602041
20260314,20254602,씨너스: 죄인들,2025-05-28,47.1,0.0,527,2113500,1113529940,248,95904
20260314,20250181,영화 러브 라이브! 니지가사키 학원 스쿨 아이돌 동호회 완결편 제2장,2026-02-18,12.2,0.1,1593,2382500,96720310,195,9246
20260314,20261208,귀신 부르는 앱: 영,2026-02-18,5.7,0.1,2898,1755600,962492400,165,95632
20260314,20252432,주토피아 2,2025-11-26,76.0,0.0,196,1625000,82878757700,149,8611184
20260314,20250875,우리는 매일매일,2026-03-04,6.6,0.1,2223,1693400,103223650,146,12134
20260314,20256397,원 배틀 애프터 어나더,2025-10-01,25.9,0.0,521,1426500,5789954020,135,543623
20260314,20261439,"2024.12.03 그날 조작된 내란, 감춰진 진실",2026-02-04,70.8,0.0,171,1409000,2108077120,121,214434
20260314,20252373,넘버원,2026-02-11,8.5,0.0,1096,931000,2679463620,93,279368
20260314,20257823,폭풍의 언덕,2026-02-11,17.8,0.0,495,642740,612211710,88,61528
20260314,20261323,아기 티라노 디보: 초식이지만 괜찮아!,2026-02-25,2.3,0.2,3540,715400,89514800,82,11873
20260314,20256757,극장판 체인소 맨: 레제편,2025-09-24,8.7,0.0,773,843420,36288706940,67,3451503
20260314,20258285,프랑켄슈타인,2025-10-22,9.7,0.0,444,503800,259965490,43,26407
20260314,20250840,바다 탐험대 옥토넛 어보브 앤 비욘드 : 육지생물 구조작전,2026-02-12,5.2,0.0,694,297100,319478700,36,33186
20260314,20261185,아웃 오브 네스트,2026-02-13,24.7,0.0,93,161000,89718550,23,10682
20260314,20250839,영원,2026-02-04,25.4,0.0,59,210000,162651400,15,17501
20260314,20261150,점보,2026-02-18,4.3,0.0,305,94000,462778540,13,52536
20260314,20256396,아바타: 불과 재,2025-12-17,50.0,0.0,16,119100,78911309760,8,6744512
20260314,20250482,"신비아파트 10주년 극장판: 한 번 더, 소환",2026-01-14,7.6,0.0,105,61100,3057371700,8,340478
20260314,20250299,고고다이노 극장판: 곤충세계 대모험,2026-01-14,8.8,0.0,80,55000,375690800,7,42010
20260314,20258484,"미스터김, 영화관에 가다",2026-02-19,0.8,0.0,856,52000,6374908,7,778
20260314,20250112,극장판 총집편 걸즈 밴드 크라이 청춘광주곡,2026-01-28,1.1,0.0,284,30500,206039900,3,20681
20260314,20250604,극장판 엉덩이 탐정: 스타 앤드 문,2026-02-07,1.9,0.0,104,18000,462103300,2,57505
20260314,20250523,결혼해줄래?,2026-03-04,2.6,0.0,39,7000,869000,1,136
20260314,20262347,I컵 거유여대생 쫄깃한 떡감,2026-03-14,1.2,0.0,83,6000,6000,1,1
20260314,20262361,에로한 새엄마 내 것에 젖다,2026-03-14,1.2,0.0,83,6000,6000,1,1
20260313,20261181,너자 2,2026-02-25,14.5,0.4,7917,7671300,506733400,1145,61314
20260313,20261694,투어스 브이알 콘서트 : 러쉬로드,2026-03-04,94.1,0.1,1216,36608000,343687500,1144,10856
20260313,20261526,아이엠스타!X프리파라 더 무비 -만남의 기적!-,2026-02-04,5.7,0.4,8091,4964700,854337300,460,81863
20260313,20258444,브라이드!,2026-03-04,2.0,0.8,16775,3781200,237981690,335,23326
20260313,20257744,28년 후: 뼈의 사원,2026-02-27,7.3,0.2,4542,3492470,419672440,331,39290
20260313,20241343,우마무스메 프리티 더비 새로운 시대의 문,2024-07-11,14.5,0.1,1509,2086400,700254992,219,66206
20260313,20258709,좀비 랜드 사가: 유메긴가 파라다이스,2026-03-04,3.2,0.3,6514,2096000,69776800,207,6025
20260313,20254602,씨너스: 죄인들,2025-05-28,31.2,0.0,549,1938900,1111416440,171,95656
20260313,20249255,만약에 우리,2025-12-31,12.4,0.1,1312,1702100,25499712620,163,2601786
20260313,20261927,스페셜즈,2026-03-13,2.3,0.3,6502,1464100,2604100,152,279
20260313,20261782,프로젝트 헤일메리,2026-03-18,100.0,0.0,127,1270000,22486000,127,1375
20260313,20252373,넘버원,2026-02-11,7.4,0.1,1118,709500,2678532620,83,279275
20260313,20080146,허밍,2008-03-13,80.4,0.0,102,776000,645236000,82,104660
20260313,20261905,우주 수호대: 하하하 행성의 대모험,2026-03-13,1.5,0.3,5188,489000,2568000,75,306
20260313,20261208,귀신 부르는 앱: 영,2026-02-18,2.6,0.1,2761,842300,960736800,71,95467
20260313,20250181,영화 러브 라이브! 니지가사키 학원 스쿨 아이돌 동호회 완결편 제2장,2026-02-18,3.8,0.1,1666,633700,94337810,63,9051
20260313,20256757,극장판 체인소 맨: 레제편,2025-09-24,6.5,0.0,860,746040,36287863520,56,3451436
20260313,20256397,원 배틀 애프터 어나더,2025-10-01,13.1,0.0,367,377500,5788527520,48,543488
20260313,20250875,우리는 매일매일,2026-03-04,2.0,0.1,2250,438400,101530250,45,11988
20260313,20257823,폭풍의 언덕,2026-02-11,13.3,0.0,324,380500,611568970,43,61440
20260313,20258285,프랑켄슈타인,2025-10-22,7.3,0.0,477,403400,259461690,35,26364
20260313,20256396,아바타: 불과 재,2025-12-17,29.6,0.0,98,372200,78911190660,29,6744504
20260313,19940315,펄프 픽션,1994-09-10,100.0,0.0,26,278000,111446900,26,11210
20260313,20256684,웨폰,2025-10-15,10.4,0.0,212,145000,824989070,22,82429
20260313,20256320,부고니아,2025-11-05,7.1,0.0,212,92000,742815800,15,74074
20260313,20261323,아기 티라노 디보: 초식이지만 괜찮아!,2026-02-25,3.6,0.0,386,96000,88799400,14,11791
20260313,20250840,바다 탐험대 옥토넛 어보브 앤 비욘드 : 육지생물 구조작전,2026-02-12,3.7,0.0,164,65000,319181600,6,33150
20260313,20261439,"2024.12.03 그날 조작된 내란, 감춰진 진실",2026-02-04,1.4,0.0,348,34000,2106668120,5,214313
20260313,20250112,극장판 총집편 걸즈 밴드 크라이 청춘광주곡,2026-01-28,0.7,0.0,284,18500,206009400,2,20678
20260313,20259662,러브 인 베트남,2026-01-21,3.3,0.0,30,10000,3741500,1,397
20260313,20258484,"미스터김, 영화관에 가다",2026-02-19,2.0,0.0,51,9000,6322908,1,771
20260313,20250482,"신비아파트 10주년 극장판: 한 번 더, 소환",2026-01-14,1.0,0.0,105,8800,3057310600,1,340470
20260313,20261677,착한형수 무삭제판,2026-03-13,1.2,0.0,83,6000,6000,1,1
20260313,20249028,남편은 사랑하지만 몸은 젊은 새아들을 원해,2026-03-13,0.5,0.0,194,1000,1000,1,1
20260313,20249079,새엄마의 입술을 빼앗고 몸을 훔쳤다,2026-03-13,1.1,0.0,91,1000,1000,1,1
20260313,20249029,아내가 임신중이라 처형이 위로해준 휴일,2026-03-13,0.5,0.0,194,1000,1000,1,1
20260313,20249023,아스카 새엄마의 오일 소프마사지,2026-03-13,1.1,0.0,91,1000,1000,1,1
20260313,20249078,자고 있는 장모님 유나의 엉덩이를 아내와 착각하다,2026-03-13,1.1,0.0,91,1000,1000,1,1
20260312,20261526,아이엠스타!X프리파라 더 무비 -만남의 기적!-,2026-02-04,5.3,0.4,8009,4176300,849372600,422,81403
20260312,20250181,영화 러브 라이브! 니지가사키 학원 스쿨 아이돌 동호회 완결편 제2장,2026-02-18,10.4,0.2,2964,3135700,93704110,309,8988
20260312,20257744,28년 후: 뼈의 사원,2026-02-27,5.1,0.3,5155,2531200,416179970,264,38959
20260312,20258444,브라이드!,2026-03-04,1.5,0.9,16640,2517700,234200490,243,22991
20260312,20258709,좀비 랜드 사가: 유메긴가 파라다이스,2026-03-04,3.0,0.4,6687,1829500,67680800,198,5818
20260312,20254602,씨너스: 죄인들,2025-05-28,20.7,0.0,672,1244400,1109477540,139,95485
20260312,20249255,만약에 우리,2025-12-31,6.3,0.1,1633,1026300,25498010520,103,2601623
20260312,20261208,귀신 부르는 앱: 영,2026-02-18,2.0,0.2,3902,866000,959894500,79,95396
20260312,20256397,원 배틀 애프터 어나더,2025-10-01,10.9,0.0,717,834700,5788150020,78,543440
20260312,20250875,우리는 매일매일,2026-03-04,2.8,0.2,2688,684500,101091850,75,11943
20260312,20257823,폭풍의 언덕,2026-02-11,11.3,0.0,495,387000,611188470,56,61397
20260312,20256757,극장판 체인소 맨: 레제편,2025-09-24,4.7,0.0,822,454760,36287117480,39,3451380
20260312,20252373,넘버원,2026-02-11,2.5,0.1,1394,339000,2677823120,35,279192
20260312,20194376,탑건: 매버릭,2022-06-22,71.4,0.0,49,210000,88537436194,35,8249445
20260312,20261736,루팡 3세 더 무비: 불사신의 혈족,2026-02-27,1.4,0.1,2353,307800,12351600,32,1207
20260312,20259641,송 썽 블루,2026-01-14,6.1,0.0,413,151000,113641500,25,14788
20260312,20161872,너의 이름은.,2017-01-04,16.8,0.0,113,210000,32692700297,19,3979494
20260312,20258285,프랑켄슈타인,2025-10-22,17.2,0.0,93,160000,259058290,16,26329
20260312,20261439,"2024.12.03 그날 조작된 내란, 감춰진 진실",2026-02-04,1.7,0.0,725,90300,2106634120,12,214308
20260312,20256396,아바타: 불과 재,2025-12-17,68.8,0.0,16,154000,78910818460,11,6744475
20260312,20190280,날씨의 아이,2019-10-30,9.7,0.0,113,111600,7707694752,11,895321
20260312,20030046,살인의 추억,2003-04-25,26.9,0.0,26,66000,96390097,7,14856
20260312,20250523,결혼해줄래?,2026-03-04,18.0,0.0,39,49000,862000,7,135
20260312,20258484,"미스터김, 영화관에 가다",2026-02-19,10.3,0.0,58,58000,6313908,6,770
20260312,20261626,디데이 24시간,2026-02-26,5.4,0.0,93,30000,747000,5,93
20260312,20261323,아기 티라노 디보: 초식이지만 괜찮아!,2026-02-25,1.0,0.0,401,33000,88703400,4,11777
20260312,20247690,시스터,2026-01-28,1.1,0.0,370,22000,586044080,4,70293
20260312,20250112,극장판 총집편 걸즈 밴드 크라이 청춘광주곡,2026-01-28,1.1,0.0,284,26500,205990900,3,20676
20260312,20250840,바다 탐험대 옥토넛 어보브 앤 비욘드 : 육지생물 구조작전,2026-02-12,1.8,0.0,168,26000,319116600,3,33144
20260312,20250604,극장판 엉덩이 탐정: 스타 앤드 문,2026-02-07,2.9,0.0,34,12000,462085300,1,57503
20260312,20250488,남편 몰래 이웃과 아랫도리 공유,2026-03-12,0.7,0.0,146,6000,6000,1,1
20260312,20261927,스페셜즈,2026-03-13,4.2,0.0,24,6000,1140000,1,127
20260312,20250768,외간 남자 품에 안겨 느끼는 유부녀,2026-03-12,0.7,0.0,146,6000,6000,1,1
20260312,20250761,이상성욕 내 아내를 가져 주세요,2026-03-12,0.7,0.0,146,6000,6000,1,1
20260312,20250521,잠든 남편 옆 부하 직원과 불륜 쾌락,2026-03-12,0.7,0.0,146,6000,6000,1,1
20260325,20242837,왕과 사는 남자,2026-02-04,13.0,47.7,847326,869025260,144940350930,110068,15031554
20260325,20261782,프로젝트 헤일메리,2026-03-18,15.0,27.6,490817,673641840,8092302160,73500,717579
20260325,20253289,극장판 귀멸의 칼날: 무한성편,2025-08-22,69.4,0.6,10531,70140000,61480313650,7303,5708262
20260325,20253101,극장판 진격의 거인 완결편 더 라스트 어택,2025-03-13,13.4,2.5,44419,54170200,10388459960,5956,999947
20260325,20256283,호퍼스,2026-03-04,10.1,3.2,57192,44892200,6509896420,5780,660345
20260325,20257521,프로텍터,2026-03-25,8.3,3.7,65298,41669960,43595960,5409,5623
20260325,19970100,첨밀밀,1997-03-01,9.6,2.4,41851,32079800,60575800,4006,6992
20260325,20241575,메소드연기,2026-03-18,7.4,1.6,27643,14572300,480168360,2057,51944
20260325,20232662,삼악도,2026-03-11,5.3,1.0,16859,6838100,791541800,886,85527
20260325,20138661,케이온,2013-06-13,15.9,0.3,5284,8477200,352588131,838,36949
20260324,20242837,왕과 사는 남자,2026-02-04,9.8,47.6,800701,733675220,144071325670,78589,14921486
20260324,20261782,프로젝트 헤일메리,2026-03-18,7.7,30.8,518439,466788900,7418660320,40107,644079
20260324,20256283,호퍼스,2026-03-04,5.9,4.3,72112,39292200,6465004220,4279,654565
20260324,20241575,메소드연기,2026-03-18,5.5,3.7,62180,28070570,465596060,3392,49887
20260324,20254121,살목지,2026-04-08,101.8,0.2,2734,26792000,26792000,2784,2784
20260324,20253101,극장판 진격의 거인 완결편 더 라스트 어택,2025-03-13,11.3,1.1,19127,26269500,10334289760,2166,993991
20260324,20232662,삼악도,2026-03-11,4.2,1.4,23986,10580800,784703700,1008,84641
20260324,20241266,휴민트,2026-02-11,5.9,0.8,12608,7063800,19979047710,748,1979498
20260324,20060033,오만과 편견,2006-03-24,4.4,0.8,13970,6415600,5764352900,618,907384
20260324,20261437,녹나무의 파수꾼,2026-03-18,2.1,1.8,29601,5699100,83051040,614,8747
20260323,20242837,왕과 사는 남자,2026-02-04,10.6,48.1,807875,815636140,143337650450,85889,14842897
20260323,20261782,프로젝트 헤일메리,2026-03-18,8.2,30.8,518234,501860020,6951871420,42609,603972
20260323,20256283,호퍼스,2026-03-04,5.4,4.3,71665,37730550,6425712020,3858,650286
20260323,20241575,메소드연기,2026-03-18,4.4,3.7,62479,24631200,437525490,2773,46495
20260323,20253101,극장판 진격의 거인 완결편 더 라스트 어택,2025-03-13,12.7,1.1,18965,29564900,10308020260,2411,991825
20260323,20232662,삼악도,2026-03-11,4.6,1.4,23521,11675300,774122900,1076,83633
20260323,20261694,투어스 브이알 콘서트 : 러쉬로드,2026-03-04,50.2,0.1,1216,19520000,662311500,610,20813
20260323,20060033,오만과 편견,2006-03-24,3.5,0.9,15350,5369100,5757937300,535,906766
20260323,20261437,녹나무의 파수꾼,2026-03-18,1.9,1.6,27681,4948160,77351940,534,8133
20260323,20250365,햄넷,2026-02-25,10.1,0.3,4923,4854870,582608970,495,60502
20260322,20242837,왕과 사는 남자,2026-02-04,32.2,47.7,961434,3056861030,142522014310,309383,14757008
20260322,20261782,프로젝트 헤일메리,2026-03-18,27.9,28.6,576230,1823666390,6450011400,160739,561363
20260322,20256283,호퍼스,2026-03-04,24.1,8.2,165329,382901380,6387981470,39852,646428
20260322,20253101,극장판 진격의 거인 완결편 더 라스트 어택,2025-03-13,47.8,1.0,20470,120377700,10278455360,9782,989414
20260322,20241575,메소드연기,2026-03-18,12.8,3.3,66975,86146000,412894290,8592,43722
20260322,20232662,삼악도,2026-03-11,16.1,1.4,27579,39460900,762447600,4432,82557
20260322,20247457,신의악단,2025-12-31,37.1,0.3,5697,18071170,13700927930,2112,1438794
20260322,20261437,녹나무의 파수꾼,2026-03-18,6.1,1.6,31404,18392200,72403780,1908,7599
20260322,20261208,귀신 부르는 앱: 영,2026-02-18,33.5,0.2,3885,7382000,996470300,1301,101370
20260322,20261906,명탐정 코난: 세기말의 마술사,2026-03-27,86.7,0.1,1476,16423400,45479000,1279,3465
20260321,20242837,왕과 사는 남자,2026-02-04,34.2,48.0,1012734,3442266110,139465153280,346538,14447625
20260321,20261782,프로젝트 헤일메리,2026-03-18,31.3,28.8,607583,2180500350,4626345010,190040,400624
20260321,20256283,호퍼스,2026-03-04,24.1,8.0,168853,391199800,6005080090,40650,606576
20260321,20253101,극장판 진격의 거인 완결편 더 라스트 어택,2025-03-13,50.1,1.0,20257,127986000,10158077660,10157,979632
20260321,20241575,메소드연기,2026-03-18,14.4,3.2,68012,98243430,326748290,9772,35130
20260321,20232662,삼악도,2026-03-11,15.5,1.3,28368,43231500,722986700,4403,78125
20260321,20261906,명탐정 코난: 세기말의 마술사,2026-03-27,89.1,0.1,2454,29055600,29055600,2186,2186
20260321,20261437,녹나무의 파수꾼,2026-03-18,5.8,1.6,33921,19450600,54011580,1979,5691
20260321,20261694,투어스 브이알 콘서트 : 러쉬로드,2026-03-04,96.4,0.1,1368,42176000,603175500,1318,18965
20260321,20060033,오만과 편견,2006-03-24,8.4,0.7,14182,12936200,5743105400,1197,905365
20260320,20242837,왕과 사는 남자,2026-02-04,16.7,46.1,884446,1461726280,136022887170,147734,14101087
20260320,20261782,프로젝트 헤일메리,2026-03-18,13.2,31.4,601351,951209620,2445844660,79303,210584
20260320,20256283,호퍼스,2026-03-04,10.0,4.3,82804,83407400,5613880290,8278,565926
20260320,20253101,극장판 진격의 거인 완결편 더 라스트 어택,2025-03-13,34.0,1.0,19766,87469500,10030091660,6712,969475
20260320,20241575,메소드연기,2026-03-18,8.4,4.0,77128,59225120,228504860,6511,25358
20260320,20232662,삼악도,2026-03-11,9.0,1.7,33321,28542000,679755200,3011,73722
20260320,20060033,오만과 편견,2006-03-24,8.3,0.8,15624,14219900,5730169200,1290,904168
20260320,20261437,녹나무의 파수꾼,2026-03-18,2.5,2.2,42415,9758420,34560980,1044,3712
20260320,20138661,케이온,2013-06-13,12.8,0.4,7436,11246600,313386031,953,33267
20260320,20261694,투어스 브이알 콘서트 : 러쉬로드,2026-03-04,76.3,0.1,1216,29696000,560999500,928,17647
20260319,20242837,왕과 사는 남자,2026-02-04,13.2,45.4,810683,1002153910,134561160890,107184,13953353
20260319,20261782,프로젝트 헤일메리,2026-03-18,9.3,32.0,571585,613563010,1494635040,53227,131281
20260319,20241575,메소드연기,2026-03-18,8.8,4.4,79491,60543900,169279740,6991,18847
20260319,20256283,호퍼스,2026-03-04,6.6,3.9,69693,44784540,5530472890,4621,557648
20260319,20232662,삼악도,2026-03-11,8.8,1.6,28962,21249100,651213200,2543,70711
20260319,20060033,오만과 편견,2006-03-24,8.9,0.8,14477,13114600,5715949300,1285,902878
20260319,20261437,녹나무의 파수꾼,2026-03-18,2.6,2.5,43879,10394400,24802560,1120,2668
20260319,20261694,투어스 브이알 콘서트 : 러쉬로드,2026-03-04,70.0,0.1,1216,27232000,531303500,851,16719
20260319,20241266,휴민트,2026-02-11,5.2,0.8,15037,7508120,19942591090,788,1975820
20260319,20138661,케이온,2013-06-13,11.9,0.3,6020,7971400,302139431,717,32314
20260325,20261694,투어스 브이알 콘서트 : 러쉬로드,2026-03-04,59.5,0.1,1216,23168000,703175500,724,22090
20260325,20192680,끝장수사,2026-04-02,107.0,0.0,603,5805000,5805000,645,645
20260325,20250365,햄넷,2026-02-25,19.3,0.2,3120,4444600,591504170,603,61572
20260325,20060033,오만과 편견,2006-03-24,5.1,0.6,10781,4383700,5768736600,546,907930
20260325,20241266,휴민트,2026-02-11,9.0,0.3,4887,3558100,19982605810,441,1979939
20260325,20262430,왜(歪): 더 카르텔,2026-03-25,5.0,0.5,8548,3886000,7351000,424,739
20260325,20247457,신의악단,2025-12-31,14.1,0.1,2081,2252000,13709533500,293,1439781
20260325,20261526,아이엠스타!X프리파라 더 무비 -만남의 기적!-,2026-02-04,6.3,0.2,4166,2248600,903440000,264,86804
20260325,20254602,씨너스: 죄인들,2025-05-28,40.8,0.0,446,1253500,1144445440,182,98908
20260325,20254121,살목지,2026-04-08,100.0,0.0,150,1500000,28292000,150,2934
20260325,20256397,원 배틀 애프터 어나더,2025-10-01,17.0,0.0,866,1025900,5815828520,147,546230
20260325,20261437,녹나무의 파수꾼,2026-03-18,3.0,0.2,3735,992500,84043540,110,8857
20260325,20250586,주희에게,2026-04-15,52.0,0.0,154,720000,8091000,80,899
20260325,20261181,너자 2,2026-02-25,23.0,0.0,344,878000,535212300,79,65095
20260325,20252373,넘버원,2026-02-11,42.4,0.0,165,423500,2683401020,70,279885
20260325,20258285,프랑켄슈타인,2025-10-22,16.8,0.0,363,459500,262965990,61,26701
20260325,20212866,서울의 봄,2023-11-22,100.0,0.0,40,480000,127931462212,40,13128587
20260325,20258709,좀비 랜드 사가: 유메긴가 파라다이스,2026-03-04,4.1,0.0,653,202500,104545670,27,8943
20260325,20060284,라디오 스타,2006-09-28,26.6,0.0,94,169000,9861395500,25,1590758
20260325,20262137,하이재킹: 메이데이,2026-03-18,1.4,0.1,996,161100,7474900,14,601
20260325,20257823,폭풍의 언덕,2026-02-11,14.8,0.0,88,91000,613750210,13,61717
20260325,20256034,킹 오브 프리즘 -유어 엔드리스 콜- 모두 빛나라! 프리즘 투어즈,2025-07-18,2.4,0.0,495,114000,407084010,12,43424
20260325,20261208,귀신 부르는 앱: 영,2026-02-18,2.1,0.0,571,84000,997714700,12,101489
20260325,20247383,청춘 돼지는 책가방 소녀의 꿈을 꾸지 않는다,2024-02-01,1.9,0.0,533,81000,181320331,10,19267
20260325,20256757,극장판 체인소 맨: 레제편,2025-09-24,2.4,0.0,409,80800,36293401600,10,3451941
20260325,20257744,28년 후: 뼈의 사원,2026-02-27,2.1,0.0,429,71000,435432440,9,40846
20260325,20250604,극장판 엉덩이 탐정: 스타 앤드 문,2026-02-07,22.5,0.0,40,63000,462366300,9,57540
20260325,20249255,만약에 우리,2025-12-31,12.1,0.0,66,73500,25508108020,8,2602596
20260325,20250181,영화 러브 라이브! 니지가사키 학원 스쿨 아이돌 동호회 완결편 제2장,2026-02-18,2.9,0.0,170,48000,98468810,5,9428
20260325,20113535,부러진 화살,2012-01-18,1.1,0.0,94,10000,25938370113,1,3460357
20260325,20261905,우주 수호대: 하하하 행성의 대모험,2026-03-13,0.8,0.0,132,10000,18485900,1,2650
20260325,20262450,글래머라 더 맛있는 여직원,2026-03-25,1.2,0.0,83,6000,6000,1,1
20260325,20261614,맛 : 자꾸 생각나는 그놈,2026-03-25,0.7,0.0,146,6000,6000,1,1
20260325,20262451,아빠 나이 아저씨에 빠진 어린 도우미,2026-03-25,1.2,0.0,83,6000,6000,1,1
20260325,20250793,여자동창 : 우리 남편 출장가서 집에 없어,2026-03-25,0.7,0.0,146,6000,6000,1,1
20260325,20259123,유부녀 : 남편보다 맛있는 남자들 무삭제,2026-03-25,0.7,0.0,146,6000,6000,1,1
20260325,20168184,지상에서 영원으로,2016-09-29,0.0,0.0,413,0,7253500,0,757
20260324,20261694,투어스 브이알 콘서트 : 러쉬로드,2026-03-04,45.5,0.1,1216,17696000,680007500,553,21366
20260324,20250365,햄넷,2026-02-25,11.1,0.2,4205,4450600,587059570,467,60969
20260324,20247457,신의악단,2025-12-31,8.6,0.3,4845,3664500,13707281500,415,1439488
20260324,20138661,케이온,2013-06-13,4.7,0.3,5555,2712200,344110931,262,36111
20260324,20256397,원 배틀 애프터 어나더,2025-10-01,27.1,0.0,573,1699400,5814802620,155,546083
20260324,20261526,아이엠스타!X프리파라 더 무비 -만남의 기적!-,2026-02-04,4.0,0.2,3716,1464100,901191400,147,86540
20260324,20254602,씨너스: 죄인들,2025-05-28,18.2,0.0,659,1077000,1143191940,120,98726
20260324,20250188,하트맨,2026-01-14,52.6,0.0,152,560000,2305462270,80,247854
20260324,20258709,좀비 랜드 사가: 유메긴가 파라다이스,2026-03-04,3.0,0.2,2521,746800,104343170,75,8916
20260324,20261208,귀신 부르는 앱: 영,2026-02-18,2.6,0.1,2010,559400,997630700,52,101477
20260324,20249255,만약에 우리,2025-12-31,5.9,0.0,681,387000,25508034520,40,2602588
20260324,20250875,우리는 매일매일,2026-03-04,13.9,0.0,280,463000,107188850,39,12506
20260324,20256757,극장판 체인소 맨: 레제편,2025-09-24,7.0,0.0,540,396600,36293320800,38,3451931
20260324,20262137,하이재킹: 메이데이,2026-03-18,3.0,0.1,1133,395000,7313800,34,587
20260324,20257744,28년 후: 뼈의 사원,2026-02-27,3.9,0.0,826,291600,435361440,32,40837
20260324,20261181,너자 2,2026-02-25,2.9,0.1,1046,294500,534334300,30,65016
20260324,20261905,우주 수호대: 하하하 행성의 대모험,2026-03-13,2.1,0.1,1164,124000,18475900,24,2649
20260324,20256034,킹 오브 프리즘 -유어 엔드리스 콜- 모두 빛나라! 프리즘 투어즈,2025-07-18,4.3,0.0,487,178000,406970010,21,43412
20260324,20126091,관상,2013-09-11,23.7,0.0,76,173000,66007848000,18,9135519
20260324,20258285,프랑켄슈타인,2025-10-22,12.8,0.0,94,126000,262506490,12,26640
20260324,20227374,바빌론,2023-02-01,28.6,0.0,42,120000,2187919905,12,216987
20260324,20258484,"미스터김, 영화관에 가다",2026-02-19,1.7,0.0,535,58000,8998908,9,1109
20260324,20247383,청춘 돼지는 책가방 소녀의 꿈을 꾸지 않는다,2024-02-01,1.0,0.0,720,63000,181239331,7,19257
20260324,20250181,영화 러브 라이브! 니지가사키 학원 스쿨 아이돌 동호회 완결편 제2장,2026-02-18,1.2,0.0,262,18500,98420810,3,9423
20260324,20257823,폭풍의 언덕,2026-02-11,2.3,0.0,88,20000,613659210,2,61704
20260324,20261323,아기 티라노 디보: 초식이지만 괜찮아!,2026-02-25,1.0,0.0,100,10000,91638500,1,12084
20260324,20261927,스페셜즈,2026-03-13,0.5,0.0,195,8000,49595400,1,3868
20260324,20250523,결혼해줄래?,2026-03-04,1.7,0.0,59,7000,966000,1,152
20260324,20258444,브라이드!,2026-03-04,2.1,0.0,48,7000,251221590,1,24425
20260324,20262148,빠바바밤 청초유부녀,2026-03-24,1.1,0.0,91,1000,1000,1,1
20260324,20262210,셀럽 그녀들의 현실 반응,2026-03-24,0.7,0.0,140,1000,1000,1,1
20260324,20262174,안경 벗은 그녀에게 돌격,2026-03-24,0.7,0.0,140,1000,1000,1,1
20260324,20262147,의외로 경험 적은 순수 미숙녀,2026-03-24,1.1,0.0,91,1000,1000,1,1
20260324,20262175,최면술사의 선뇌 섹스,2026-03-24,0.5,0.0,194,1000,1000,1,1
20260324,20262162,평생 참았다는 청순 유부녀,2026-03-24,1.1,0.0,91,1000,1000,1,1
20260324,20262211,피 끓는 청춘의 색녀,2026-03-24,0.5,0.0,194,1000,1000,1,1
20260323,20241266,휴민트,2026-02-11,3.7,0.7,11379,3987800,19971983910,421,1978750
20260323,20247457,신의악단,2025-12-31,6.1,0.3,4608,2689070,13703617000,279,1439073
20260323,20138661,케이온,2013-06-13,3.8,0.4,6639,2849900,341398731,252,35849
20260323,20256397,원 배틀 애프터 어나더,2025-10-01,24.8,0.0,713,1429300,5813103220,177,545928
20260323,20261526,아이엠스타!X프리파라 더 무비 -만남의 기적!-,2026-02-04,5.7,0.2,2682,1461400,899727300,154,86393
20260323,20250875,우리는 매일매일,2026-03-04,51.3,0.0,298,1756000,106725850,153,12467
20260323,20254602,씨너스: 죄인들,2025-05-28,34.0,0.0,376,1417300,1142114940,128,98606
20260323,20258709,좀비 랜드 사가: 유메긴가 파라다이스,2026-03-04,2.3,0.2,2545,575700,103596370,58,8841
20260323,20261208,귀신 부르는 앱: 영,2026-02-18,2.6,0.1,2139,601000,997071300,55,101425
20260323,20258285,프랑켄슈타인,2025-10-22,13.9,0.0,368,568700,262380490,51,26628
20260323,20262137,하이재킹: 메이데이,2026-03-18,2.4,0.1,1842,516400,6918800,45,553
20260323,20252373,넘버원,2026-02-11,18.7,0.0,214,248000,2682977520,40,279815
20260323,20256757,극장판 체인소 맨: 레제편,2025-09-24,3.9,0.0,715,269600,36292924200,28,3451893
20260323,20249255,만약에 우리,2025-12-31,4.0,0.0,622,247900,25507647520,25,2602548
20260323,20261181,너자 2,2026-02-25,1.3,0.1,1365,189000,534039800,17,64986
20260323,20257744,28년 후: 뼈의 사원,2026-02-27,2.5,0.0,693,171800,435069840,17,40805
20260323,20261905,우주 수호대: 하하하 행성의 대모험,2026-03-13,1.6,0.1,1048,133000,18351900,17,2625
20260323,20258444,브라이드!,2026-03-04,2.0,0.0,494,71000,251214590,10,24424
20260323,20256034,킹 오브 프리즘 -유어 엔드리스 콜- 모두 빛나라! 프리즘 투어즈,2025-07-18,2.8,0.0,286,77000,406792010,8,43391
20260323,20256684,웨폰,2025-10-15,8.8,0.0,91,71000,825209070,8,82450
20260323,20247383,청춘 돼지는 책가방 소녀의 꿈을 꾸지 않는다,2024-02-01,1.1,0.0,553,56500,181176331,6,19250
20260323,20257823,폭풍의 언덕,2026-02-11,2.9,0.0,206,53000,613639210,6,61702
20260323,20258484,"미스터김, 영화관에 가다",2026-02-19,4.3,0.0,94,29000,8940908,4,1100
20260323,20256128,길들여진 신입 여사원,2026-03-23,0.7,0.0,146,6000,6000,1,1
20260323,20262544,맛 보고픈 의붓아들 클라쓰,2026-03-23,1.2,0.0,83,6000,6000,1,1
20260323,20262543,모델이 된 이모의 야한 도발,2026-03-23,1.2,0.0,83,6000,6000,1,1
20260323,20260984,선생님의 뜨거운 집착에 젖은 제자,2026-03-23,0.7,0.0,146,6000,6000,1,1
20260323,20250181,영화 러브 라이브! 니지가사키 학원 스쿨 아이돌 동호회 완결편 제2장,2026-02-18,1.1,0.0,92,6000,98402310,1,9420
20260323,20260985,욕정의 G컵 유부녀 가정교사,2026-03-23,0.7,0.0,146,6000,6000,1,1
20260323,20262563,유부녀 발정나게 만든 마사지,2026-03-23,1.2,0.0,83,6000,6000,1,1
20260323,20247450,검은 수녀들,2025-01-24,1.2,0.0,85,5000,16134354980,1,1670560
20260323,20233261,청설,2024-11-06,1.2,0.0,85,5000,7491353310,1,802851
20260323,20262140,마스크를 벗자 더 이쁜 유부녀,2026-03-23,0.5,0.0,194,1000,1000,1,1
20260323,20262082,사례금으로 어디까지 가능한가,2026-03-23,1.1,0.0,91,1000,1000,1,1
20260323,20262139,선뇌 상간 유부녀의 새우 꺾기,2026-03-23,1.1,0.0,91,1000,1000,1,1
20260323,20262067,셀럽 유부녀의 진한 키스,2026-03-23,1.1,0.0,91,1000,1000,1,1
20260323,20262161,천연미 넘치는 거유 미숙녀,2026-03-23,0.7,0.0,140,1000,1000,1,1
20260323,20262146,테스트 가능한 전동 마사지,2026-03-23,0.7,0.0,140,1000,1000,1,1
20260323,20262145,현역 직장 유부녀의 키스,2026-03-23,0.5,0.0,194,1000,1000,1,1
20260323,20000024,플란다스의 개,2000-02-19,0.0,0.0,77,0,4668200,0,638
20260322,20261694,투어스 브이알 콘서트 : 러쉬로드,2026-03-04,90.5,0.1,1368,39616000,642791500,1238,20203
20260322,20138661,케이온,2013-06-13,19.9,0.3,5967,12839500,338548831,1188,35597
20260322,20250365,햄넷,2026-02-25,18.4,0.3,5368,9905200,577754100,985,60007
20260322,20241266,휴민트,2026-02-11,7.5,0.6,11647,8752100,19967996110,868,1978329
20260322,20060033,오만과 편견,2006-03-24,8.2,0.5,10516,9462800,5752568200,866,906231
20260322,20261526,아이엠스타!X프리파라 더 무비 -만남의 기적!-,2026-02-04,15.9,0.2,4129,6578300,898265900,656,86239
20260322,20254602,씨너스: 죄인들,2025-05-28,43.5,0.1,1475,6885300,1140697640,642,98478
20260322,20261905,우주 수호대: 하하하 행성의 대모험,2026-03-13,7.1,0.4,7210,3149600,18218900,509,2608
20260322,20256397,원 배틀 애프터 어나더,2025-10-01,38.2,0.0,996,4333700,5811673920,380,545751
20260322,20258709,좀비 랜드 사가: 유메긴가 파라다이스,2026-03-04,11.3,0.1,2549,3077770,103020670,288,8783
20260322,20261666,네가 마지막으로 남긴 노래,2026-04-01,19.5,0.1,1471,3376000,12225300,287,1053
20260322,20262137,하이재킹: 메이데이,2026-03-18,4.6,0.1,2639,1473800,6402400,120,508
20260322,20261181,너자 2,2026-02-25,7.9,0.1,1412,1114000,533850800,112,64969
20260322,20256034,킹 오브 프리즘 -유어 엔드리스 콜- 모두 빛나라! 프리즘 투어즈,2025-07-18,9.7,0.0,812,780300,406715010,79,43383
20260322,20256757,극장판 체인소 맨: 레제편,2025-09-24,8.5,0.0,504,465800,36292654600,43,3451865
20260322,20250840,바다 탐험대 옥토넛 어보브 앤 비욘드 : 육지생물 구조작전,2026-02-12,25.6,0.0,160,329000,320720200,41,33324
20260322,20257744,28년 후: 뼈의 사원,2026-02-27,4.8,0.0,648,334500,434898040,31,40788
20260322,20250181,영화 러브 라이브! 니지가사키 학원 스쿨 아이돌 동호회 완결편 제2장,2026-02-18,14.3,0.0,175,250000,98396310,25,9419
20260322,20261323,아기 티라노 디보: 초식이지만 괜찮아!,2026-02-25,4.6,0.0,439,169000,91628500,20,12083
20260322,20241343,우마무스메 프리티 더비 새로운 시대의 문,2024-07-11,15.0,0.0,113,171500,706382092,17,66825
20260322,20249255,만약에 우리,2025-12-31,7.5,0.0,214,164100,25507399620,16,2602523
20260322,20247383,청춘 돼지는 책가방 소녀의 꿈을 꾸지 않는다,2024-02-01,5.6,0.0,288,148000,181119831,16,19244
20260322,20257823,폭풍의 언덕,2026-02-11,18.2,0.0,88,144000,613586210,16,61696
20260322,20258285,프랑켄슈타인,2025-10-22,29.2,0.0,48,182000,261811790,14,26577
20260322,20227374,바빌론,2023-02-01,26.2,0.0,42,116000,2187799905,11,216975
20260322,20252373,넘버원,2026-02-11,7.0,0.0,157,71000,2682729520,11,279775
20260322,20250604,극장판 엉덩이 탐정: 스타 앤드 문,2026-02-07,20.0,0.0,40,60000,462303300,8,57531
20260322,20258444,브라이드!,2026-03-04,6.3,0.0,96,45000,251143590,6,24414
20260322,20258484,"미스터김, 영화관에 가다",2026-02-19,16.7,0.0,36,44000,8911908,6,1096
20260322,20126091,관상,2013-09-11,6.6,0.0,76,52000,66007675000,5,9135501
20260322,20250839,영원,2026-02-04,6.8,0.0,59,32000,162893400,4,17520
20260322,20252432,주토피아 2,2025-11-26,4.4,0.0,68,30000,82879067200,3,8611211
20260322,20250482,"신비아파트 10주년 극장판: 한 번 더, 소환",2026-01-14,1.9,0.0,105,15600,3057438900,2,340487
20260322,20250299,고고다이노 극장판: 곤충세계 대모험,2026-01-14,5.0,0.0,40,15000,375916800,2,42039
20260322,20261185,아웃 오브 네스트,2026-02-13,5.9,0.0,34,14000,89935550,2,10713
20260322,20261927,스페셜즈,2026-03-13,1.1,0.0,91,10000,49587400,1,3867
20260322,20250875,우리는 매일매일,2026-03-04,0.5,0.0,195,6000,104969850,1,12314
20260321,20138661,케이온,2013-06-13,17.4,0.3,6575,12323300,325709331,1142,34409
20260321,20261526,아이엠스타!X프리파라 더 무비 -만남의 기적!-,2026-02-04,23.6,0.2,4206,10189700,891687600,994,85583
20260321,20250365,햄넷,2026-02-25,17.1,0.3,5502,9116300,567848900,938,59022
20260321,20241266,휴민트,2026-02-11,7.6,0.6,11939,9349920,19959244010,910,1977461
20260321,20262291,뮤지컬 장수탕 선녀님,2026-03-26,64.7,0.1,1347,8575780,8575780,872,872
20260321,20247457,신의악단,2025-12-31,21.7,0.2,3999,7979200,13682856760,867,1436682
20260321,20261208,귀신 부르는 앱: 영,2026-02-18,22.4,0.2,3853,5446700,989088300,864,100069
20260321,20258709,좀비 랜드 사가: 유메긴가 파라다이스,2026-03-04,21.1,0.1,2214,5301400,99942900,466,8495
20260321,20261666,네가 마지막으로 남긴 노래,2026-04-01,27.2,0.1,1544,4876400,8849300,420,766
20260321,20256397,원 배틀 애프터 어나더,2025-10-01,31.9,0.1,1232,4307300,5807340220,393,545371
20260321,20261905,우주 수호대: 하하하 행성의 대모험,2026-03-13,6.0,0.3,5802,2287000,15069300,346,2099
20260321,20262430,왜(歪): 더 카르텔,2026-03-25,85.1,0.0,370,3465000,3465000,315,315
20260321,20254602,씨너스: 죄인들,2025-05-28,45.7,0.0,685,3414900,1133812340,313,97836
20260321,20256034,킹 오브 프리즘 -유어 엔드리스 콜- 모두 빛나라! 프리즘 투어즈,2025-07-18,24.6,0.0,756,1784000,405934710,186,43304
20260321,20262101,킬 빌: 더 홀 블러디 어페어,2026-04-01,100.0,0.0,150,2700000,2700000,150,150
20260321,20262137,하이재킹: 메이데이,2026-03-18,5.2,0.1,2406,1652300,4928600,126,388
20260321,20261181,너자 2,2026-02-25,7.8,0.1,1452,1221500,532736800,113,64857
20260321,20257744,28년 후: 뼈의 사원,2026-02-27,6.9,0.0,1103,729500,434563540,76,40757
20260321,20256757,극장판 체인소 맨: 레제편,2025-09-24,10.5,0.0,660,777900,36292188800,69,3451822
20260321,20241343,우마무스메 프리티 더비 새로운 시대의 문,2024-07-11,31.2,0.0,170,560500,706210592,53,66808
20260321,20249255,만약에 우리,2025-12-31,14.7,0.0,265,371500,25507235520,39,2602507
20260321,20126091,관상,2013-09-11,43.4,0.0,76,352000,66007623000,33,9135496
20260321,20247383,청춘 돼지는 책가방 소녀의 꿈을 꾸지 않는다,2024-02-01,5.0,0.0,502,240000,180971831,25,19228
20260321,20250840,바다 탐험대 옥토넛 어보브 앤 비욘드 : 육지생물 구조작전,2026-02-12,21.3,0.0,80,134000,320391200,17,33283
20260321,20252432,주토피아 2,2025-11-26,23.5,0.0,68,192000,82879037200,16,8611208
20260321,20261185,아웃 오브 네스트,2026-02-13,47.1,0.0,34,112000,89921550,16,10711
20260321,20256684,웨폰,2025-10-15,14.3,0.0,91,149000,825138070,13,82442
20260321,20250299,고고다이노 극장판: 곤충세계 대모험,2026-01-14,9.3,0.0,140,105000,375901800,13,42037
20260321,20250604,극장판 엉덩이 탐정: 스타 앤드 문,2026-02-07,30.0,0.0,40,86000,462243300,12,57523
20260321,20257823,폭풍의 언덕,2026-02-11,7.9,0.0,139,94000,613442210,11,61680
20260321,20246777,더 폴: 디렉터스 컷,2024-12-25,10.9,0.0,64,70000,1966357100,7,190228
20260321,20258285,프랑켄슈타인,2025-10-22,5.5,0.0,110,70000,261629790,6,26563
20260321,20250181,영화 러브 라이브! 니지가사키 학원 스쿨 아이돌 동호회 완결편 제2장,2026-02-18,9.7,0.0,62,59500,98146310,6,9394
20260321,20261323,아기 티라노 디보: 초식이지만 괜찮아!,2026-02-25,2.3,0.0,258,54000,91459500,6,12063
20260321,20250482,"신비아파트 10주년 극장판: 한 번 더, 소환",2026-01-14,5.4,0.0,74,31200,3057423300,4,340485
20260321,20252373,넘버원,2026-02-11,3.6,0.0,55,16000,2682658520,2,279764
20260321,20261927,스페셜즈,2026-03-13,0.5,0.0,195,8000,49577400,1,3866
20260321,20258444,브라이드!,2026-03-04,2.1,0.0,47,7000,251098590,1,24408
20260321,20250875,우리는 매일매일,2026-03-04,0.5,0.0,195,6000,104963850,1,12313
20260320,20261208,귀신 부르는 앱: 영,2026-02-18,23.0,0.2,3274,4287500,983641600,753,99205
20260320,20241266,휴민트,2026-02-11,4.9,0.8,14957,7303000,19949894090,731,1976551
20260320,20247457,신의악단,2025-12-31,12.3,0.3,5174,6049900,13674877560,637,1435815
20260320,20250365,햄넷,2026-02-25,11.3,0.3,5305,5640600,558732600,598,58084
20260320,20261666,네가 마지막으로 남긴 노래,2026-04-01,39.2,0.0,882,3972900,3972900,346,346
20260320,20254602,씨너스: 죄인들,2025-05-28,31.8,0.0,875,2892300,1130397440,278,97523
20260320,20261526,아이엠스타!X프리파라 더 무비 -만남의 기적!-,2026-02-04,5.2,0.2,4294,2433000,881497900,221,84589
20260320,20256397,원 배틀 애프터 어나더,2025-10-01,20.7,0.0,801,1479900,5803032920,166,544978
20260320,20256034,킹 오브 프리즘 -유어 엔드리스 콜- 모두 빛나라! 프리즘 투어즈,2025-07-18,14.5,0.0,892,1307600,404150710,129,43118
20260320,20258709,좀비 랜드 사가: 유메긴가 파라다이스,2026-03-04,3.4,0.1,2563,887800,94641500,86,8029
20260320,20262137,하이재킹: 메이데이,2026-03-18,3.7,0.1,2059,1003300,3276300,77,262
20260320,20261905,우주 수호대: 하하하 행성의 대모험,2026-03-13,1.7,0.2,4209,382500,12782300,72,1753
20260320,20247383,청춘 돼지는 책가방 소녀의 꿈을 꾸지 않는다,2024-02-01,5.0,0.0,936,419500,180731831,47,19203
20260320,20257744,28년 후: 뼈의 사원,2026-02-27,6.0,0.0,699,428300,433834040,42,40681
20260320,20249255,만약에 우리,2025-12-31,4.0,0.0,940,385200,25506864020,38,2602468
20260320,20261181,너자 2,2026-02-25,2.1,0.1,1477,355100,531515300,31,64744
20260320,20256757,극장판 체인소 맨: 레제편,2025-09-24,7.1,0.0,395,297600,36291410900,28,3451753
20260320,19940315,펄프 픽션,1994-09-10,62.5,0.0,40,275000,112288900,25,11289
20260320,20250523,결혼해줄래?,2026-03-04,15.3,0.0,59,54000,959000,9,151
20260320,20256396,아바타: 불과 재,2025-12-17,100.0,0.0,8,120000,78911918760,8,6744559
20260320,20261927,스페셜즈,2026-03-13,2.1,0.0,286,57000,49569400,6,3865
20260320,20257823,폭풍의 언덕,2026-02-11,6.8,0.0,88,50000,613348210,6,61669
20260320,20234675,파묘,2024-02-22,2.9,0.0,175,57000,115158254914,5,11914882
20260320,20261150,점보,2026-02-18,1.9,0.0,209,30000,462852540,4,52546
20260320,20258285,프랑켄슈타인,2025-10-22,2.0,0.0,151,34000,261559790,3,26557
20260320,20250181,영화 러브 라이브! 니지가사키 학원 스쿨 아이돌 동호회 완결편 제2장,2026-02-18,2.2,0.0,92,14000,98086810,2,9388
20260320,20258444,브라이드!,2026-03-04,2.0,0.0,49,8000,251091590,1,24407
20260320,20262207,데이트 앱으로 꼬신 그녀,2026-03-20,0.7,0.0,140,1000,1000,1,1
20260320,20262030,보인다 보여 노브라의 새엄마,2026-03-20,1.1,0.0,91,1000,1000,1,1
20260320,20262065,성감대로 가버린 그녀,2026-03-20,0.5,0.0,194,1000,1000,1,1
20260320,20262063,압도해 준 육체의 소악마,2026-03-20,1.1,0.0,91,1000,1000,1,1
20260320,20262056,유부녀의 쾌락지배,2026-03-20,1.1,0.0,91,1000,1000,1,1
20260320,20262064,젊은 중년의 압도적 기술,2026-03-20,0.5,0.0,194,1000,1000,1,1
20260320,20262066,하반신으로 사과하는 유부녀,2026-03-20,0.7,0.0,140,1000,1000,1,1
20260319,20261208,귀신 부르는 앱: 영,2026-02-18,17.9,0.2,3912,3816500,979354100,700,98452
20260319,20250365,햄넷,2026-02-25,12.5,0.3,5266,6538500,553092000,657,57486
20260319,20247457,신의악단,2025-12-31,11.2,0.2,4146,3969000,13668827660,464,1435178
20260319,20253101,극장판 진격의 거인 완결편 더 라스트 어택,2025-03-13,5.0,0.3,4967,3165400,9942622160,249,962763
20260319,20261526,아이엠스타!X프리파라 더 무비 -만남의 기적!-,2026-02-04,6.4,0.2,3800,2339100,879064900,242,84368
20260319,19608108,4인의 무뢰한,1971-05-28,17.4,0.1,1144,403000,5133000,199,2549
20260319,20254602,씨너스: 죄인들,2025-05-28,53.0,0.0,264,1567200,1127505140,140,97245
20260319,20258484,"미스터김, 영화관에 가다",2026-02-19,62.2,0.0,193,1106000,8867908,120,1090
20260319,20188462,감쪽같은 그녀,2019-12-04,60.6,0.0,165,600000,3602715790,100,470709
20260319,20258709,좀비 랜드 사가: 유메긴가 파라다이스,2026-03-04,3.2,0.2,3001,876600,93753700,96,7943
20260319,20261323,아기 티라노 디보: 초식이지만 괜찮아!,2026-02-25,80.4,0.0,107,946000,91405500,86,12057
20260319,20262137,하이재킹: 메이데이,2026-03-18,4.5,0.1,1889,1025000,2273000,84,185
20260319,20256397,원 배틀 애프터 어나더,2025-10-01,26.0,0.0,316,819500,5801553020,82,544812
20260319,20258285,프랑켄슈타인,2025-10-22,13.6,0.0,462,716000,261525790,63,26554
20260319,20252373,넘버원,2026-02-11,60.2,0.0,93,336000,2682642520,56,279762
20260319,20257744,28년 후: 뼈의 사원,2026-02-27,4.5,0.0,816,327000,433405740,37,40639
20260319,20250875,우리는 매일매일,2026-03-04,15.4,0.0,201,365000,104957850,31,12312
20260319,20261181,너자 2,2026-02-25,2.9,0.1,1060,320000,531160200,31,64713
20260319,20261927,스페셜즈,2026-03-13,1.3,0.1,2334,282500,49512400,31,3859
20260319,20249255,만약에 우리,2025-12-31,7.1,0.0,439,275800,25506478820,31,2602430
20260319,19940315,펄프 픽션,1994-09-10,67.5,0.0,40,297000,112013900,27,11264
20260319,20261905,우주 수호대: 하하하 행성의 대모험,2026-03-13,1.5,0.1,1792,200000,12399800,26,1681
20260319,20256757,극장판 체인소 맨: 레제편,2025-09-24,6.3,0.0,400,253600,36291113300,25,3451725
20260319,20241343,우마무스메 프리티 더비 새로운 시대의 문,2024-07-11,3.2,0.0,752,219600,705650092,24,66755
20260319,20250181,영화 러브 라이브! 니지가사키 학원 스쿨 아이돌 동호회 완결편 제2장,2026-02-18,9.8,0.0,205,224500,98072810,20,9386
20260319,20258444,브라이드!,2026-03-04,2.4,0.0,413,61000,251083590,10,24406
20260319,20256396,아바타: 불과 재,2025-12-17,15.6,0.0,32,60000,78911798760,5,6744551
20260319,20257823,폭풍의 언덕,2026-02-11,2.2,0.0,139,23000,613298210,3,61663
20260319,20234675,파묘,2024-02-22,1.4,0.0,147,24000,115158197914,2,11914877
20260319,20250840,바다 탐험대 옥토넛 어보브 앤 비욘드 : 육지생물 구조작전,2026-02-12,2.9,0.0,70,16000,320257200,2,33266
20260401,20242837,왕과 사는 남자,2026-02-04,7.3,41.2,688108,470692610,152260546070,50276,15782087
20260401,20261782,프로젝트 헤일메리,2026-03-18,8.6,27.8,463757,437951590,14524283560,39862,1274583
20260401,20261666,네가 마지막으로 남긴 노래,2026-04-01,7.0,9.8,163144,104864050,121589350,11414,12967
20260401,20253289,극장판 귀멸의 칼날: 무한성편,2025-08-22,13.0,3.1,51362,88475500,61959045350,6650,5746258
20260401,20261906,명탐정 코난: 세기말의 마술사,2026-03-27,6.5,2.7,45384,29376550,647100450,2959,61889
20260401,20262101,킬 빌: 더 홀 블러디 어페어,2026-04-01,18.6,0.9,15711,57152400,71886700,2923,3733
20260401,20256283,호퍼스,2026-03-04,5.1,2.2,36645,18696770,7046368710,1862,714672
20260401,20256757,극장판 체인소 맨: 레제편,2025-09-24,14.3,0.6,9582,15854800,36310765300,1366,3453440
20260401,20253101,극장판 진격의 거인 완결편 더 라스트 어택,2025-03-13,7.3,0.8,12610,10956850,10662644570,914,1023271
20260401,20262661,스크림 7,2026-04-01,4.1,1.2,19428,8781900,8781900,794,794
20260331,20242837,왕과 사는 남자,2026-02-04,7.4,45.2,753413,513638460,151789853460,55373,15731811
20260331,20261782,프로젝트 헤일메리,2026-03-18,8.4,29.4,491414,476000190,14086331970,41494,1234721
20260331,20261906,명탐정 코난: 세기말의 마술사,2026-03-27,6.1,3.2,53591,32991300,617723900,3283,58930
20260331,20256283,호퍼스,2026-03-04,5.4,2.8,47583,24377300,7027671940,2566,712810
20260331,20257521,프로텍터,2026-03-25,5.4,2.5,42266,18265800,190207960,2268,22785
20260331,20253289,극장판 귀멸의 칼날: 무한성편,2025-08-22,13.4,0.8,13580,22594600,61870569850,1819,5739608
20260331,20253101,극장판 진격의 거인 완결편 더 라스트 어택,2025-03-13,4.7,1.9,31146,16468200,10651687720,1460,1022357
20260331,19970100,첨밀밀,1997-03-01,3.4,2.2,36025,11684200,177666000,1212,17951
20260331,20232662,삼악도,2026-03-11,7.6,0.9,14385,8007800,851323000,1093,92271
20260331,20241575,메소드연기,2026-03-18,4.8,1.2,19794,8890200,552806880,944,59984
20260330,20242837,왕과 사는 남자,2026-02-04,8.1,45.4,751937,568106470,151276215000,60583,15676438
20260330,20261782,프로젝트 헤일메리,2026-03-18,8.7,29.6,490158,492054630,13610331780,42581,1193227
20260330,20261906,명탐정 코난: 세기말의 마술사,2026-03-27,6.6,3.4,56738,37842700,584732600,3715,55647
20260330,20254121,살목지,2026-04-08,100.0,0.2,2515,18862500,106270700,2515,10418
20260330,20253289,극장판 귀멸의 칼날: 무한성편,2025-08-22,16.9,0.8,13060,27618000,61847975250,2209,5737789
20260330,20256283,호퍼스,2026-03-04,4.6,2.8,47239,21756800,7003294640,2159,710244
20260330,20257521,프로텍터,2026-03-25,3.8,2.6,42254,13830400,171942160,1609,20517
20260330,20253101,극장판 진격의 거인 완결편 더 라스트 어택,2025-03-13,4.9,1.9,31719,17500140,10635219520,1543,1020897
20260330,20261694,투어스 브이알 콘서트 : 러쉬로드,2026-03-04,99.9,0.1,1216,38880000,895367500,1215,28096
20260330,19970100,첨밀밀,1997-03-01,3.0,2.0,33943,9813600,165981800,1010,16739
20260329,20242837,왕과 사는 남자,2026-02-04,21.1,45.1,895102,1869643080,150708108530,188432,15615855
20260329,20261782,프로젝트 헤일메리,2026-03-18,27.1,27.3,542122,1670520370,13118277150,146841,1150646
20260329,20256283,호퍼스,2026-03-04,17.9,5.4,107450,191130740,6981537840,19231,708085
20260329,20261906,명탐정 코난: 세기말의 마술사,2026-03-27,20.7,3.4,66988,141317400,546889900,13861,51932
20260329,20253289,극장판 귀멸의 칼날: 무한성편,2025-08-22,75.8,0.6,11801,109390800,61820357250,8945,5735580
20260329,20253101,극장판 진격의 거인 완결편 더 라스트 어택,2025-03-13,17.6,1.7,34445,70733400,10617719380,6052,1019354
20260329,20262291,뮤지컬 장수탕 선녀님,2026-03-26,12.6,1.2,24079,29326000,77546080,3027,7932
20260329,20257521,프로텍터,2026-03-25,6.6,2.2,44546,26001000,158111760,2929,18908
20260329,20254121,살목지,2026-04-08,19.8,0.6,12332,28838300,87408200,2445,7903
20260329,19970100,첨밀밀,1997-03-01,7.5,1.5,30240,26736900,156168200,2265,15729
20260328,20242837,왕과 사는 남자,2026-02-04,23.9,45.5,944113,2250771510,148838465450,225287,15427423
20260328,20261782,프로젝트 헤일메리,2026-03-18,30.5,27.5,569696,1999768080,11447756780,173558,1003805
20260328,20256283,호퍼스,2026-03-04,18.1,5.3,110034,196527000,6790407100,19928,688854
20260328,20261906,명탐정 코난: 세기말의 마술사,2026-03-27,24.0,3.5,71836,178099600,405572500,17249,38071
20260328,20253289,극장판 귀멸의 칼날: 무한성편,2025-08-22,83.8,0.4,9023,90784300,61710966450,7564,5726635
20260328,20253101,극장판 진격의 거인 완결편 더 라스트 어택,2025-03-13,20.5,1.7,35152,85136720,10546985980,7200,1013302
20260328,20257521,프로텍터,2026-03-25,7.5,2.2,45880,30367200,132110760,3419,15979
20260328,20262291,뮤지컬 장수탕 선녀님,2026-03-26,12.6,1.0,20750,25885500,48220080,2622,4905
20260328,20254121,살목지,2026-04-08,20.5,0.6,12332,30277900,58569900,2524,5458
20260328,19970100,첨밀밀,1997-03-01,7.5,1.5,31641,26050600,129431300,2370,13464
20260327,20242837,왕과 사는 남자,2026-02-04,11.4,45.7,860934,969179640,146587693940,98161,15202136
20260327,20261782,프로젝트 헤일메리,2026-03-18,13.7,27.7,521350,866191330,9447988700,71435,830247
20260327,20261906,명탐정 코난: 세기말의 마술사,2026-03-27,20.6,4.5,84137,181993900,227472900,17357,20822
20260327,20253289,극장판 귀멸의 칼날: 무한성편,2025-08-22,47.7,0.7,13328,84037100,61620182150,6359,5719071
20260327,20256283,호퍼스,2026-03-04,9.3,3.0,56811,51695940,6593880100,5265,668926
20260327,20253101,극장판 진격의 거인 완결편 더 라스트 어택,2025-03-13,8.7,2.2,41363,44053000,10461849260,3594,1006102
20260327,20257521,프로텍터,2026-03-25,5.8,2.8,52369,25782900,101743560,3012,12560
20260327,19970100,첨밀밀,1997-03-01,5.4,2.2,42244,24526000,103380700,2283,11094
20260327,20241575,메소드연기,2026-03-18,7.9,1.3,23854,18334900,508834160,1893,55176
20260327,20261694,투어스 브이알 콘서트 : 러쉬로드,2026-03-04,99.4,0.1,1216,38688000,769767500,1209,24171
20260326,20242837,왕과 사는 남자,2026-02-04,8.9,47.2,816396,678163370,145618514300,72421,15103975
20260326,20261782,프로젝트 헤일메리,2026-03-18,8.4,28.2,488393,489495210,8581797370,41233,758812
20260326,20253289,극장판 귀멸의 칼날: 무한성편,2025-08-22,43.0,0.6,10340,55831400,61536145050,4450,5712712
20260326,20257521,프로텍터,2026-03-25,6.8,3.3,57678,32364700,75960660,3925,9548
20260326,20256283,호퍼스,2026-03-04,6.1,3.2,54560,32287740,6542184160,3316,663661
20260326,20253101,극장판 진격의 거인 완결편 더 라스트 어택,2025-03-13,6.3,2.4,40674,29336300,10417796260,2561,1002508
20260326,19970100,첨밀밀,1997-03-01,4.6,2.3,39968,18278900,78854700,1819,8811
20260326,20241575,메소드연기,2026-03-18,5.4,1.4,24672,10330900,490499260,1339,53283
20260326,20232662,삼악도,2026-03-11,5.7,1.1,18960,8920000,800461800,1073,86600
20260326,20261694,투어스 브이알 콘서트 : 러쉬로드,2026-03-04,71.7,0.1,1216,27904000,731079500,872,22962
20260401,19970100,첨밀밀,1997-03-01,3.8,1.1,18068,7271000,184937000,680,18631
20260401,20261694,투어스 브이알 콘서트 : 러쉬로드,2026-03-04,50.6,0.1,1216,19680000,931719500,615,29232
20260401,20257521,프로텍터,2026-03-25,6.5,0.4,7392,4258600,194466560,479,23264
20260401,20138661,케이온,2013-06-13,14.2,0.2,3367,5375300,381883831,478,39576
20260401,20262291,뮤지컬 장수탕 선녀님,2026-03-26,4.7,0.4,7552,3314500,86601580,354,8875
20260401,20241575,메소드연기,2026-03-18,5.9,0.3,4988,3189150,555996030,296,60280
20260401,20254121,살목지,2026-04-08,100.0,0.0,218,1962000,110344700,218,10828
20260401,20261526,아이엠스타!X프리파라 더 무비 -만남의 기적!-,2026-02-04,10.1,0.1,1993,2130700,913246900,201,87794
20260401,20250365,햄넷,2026-02-25,9.6,0.1,1816,1550100,614737470,175,64029
20260401,20226489,리바운드,2023-04-05,88.4,0.0,190,641800,6711562748,168,700207
20260401,20232662,삼악도,2026-03-11,3.4,0.3,4736,1651250,852974250,159,92430
20260401,20262343,크라임 101,2026-04-08,100.0,0.0,134,1206000,1206000,134,134
20260401,20246777,더 폴: 디렉터스 컷,2024-12-25,90.5,0.0,126,439300,1966846400,114,190347
20260401,20250586,주희에게,2026-04-15,74.1,0.0,108,720000,9493000,80,1041
20260401,20262430,왜(歪): 더 카르텔,2026-03-25,3.4,0.1,2354,671700,28847300,79,3067
20260401,20262653,마법 숲 동물 친구들 대모험,2026-04-01,1.3,0.3,5664,598500,2677500,73,304
20260401,20247457,신의악단,2025-12-31,4.5,0.1,1589,647500,13742055200,71,1443371
20260401,20060033,오만과 편견,2006-03-24,3.0,0.1,2205,708800,5796774000,67,910573
20260401,20254602,씨너스: 죄인들,2025-05-28,10.5,0.0,629,623500,1156057040,66,100003
20260401,20241266,휴민트,2026-02-11,2.0,0.1,1378,254500,19995754810,28,1981402
20260401,20261437,녹나무의 파수꾼,2026-03-18,3.6,0.0,701,230100,90808340,25,9633
20260401,20261181,너자 2,2026-02-25,1.5,0.1,1418,184350,540766150,21,65657
20260401,20258709,좀비 랜드 사가: 유메긴가 파라다이스,2026-03-04,26.4,0.0,72,191500,110320230,19,9417
20260401,20192680,끝장수사,2026-04-02,4.6,0.0,325,126000,5931000,15,660
20260401,20257744,28년 후: 뼈의 사원,2026-02-27,4.4,0.0,204,91200,436715140,9,40982
20260401,19990070,인정사정 볼 것 없다,1999-07-31,8.5,0.0,94,90000,5214200,8,592
20260401,19980157,위대한 유산,1998-06-13,6.0,0.0,116,70000,70000,7,7
20260401,20257823,폭풍의 언덕,2026-02-11,23.3,0.0,30,54000,613836210,7,61728
20260401,20249255,만약에 우리,2025-12-31,6.5,0.0,62,37800,25508695320,4,2602671
20260401,20113535,부러진 화살,2012-01-18,3.2,0.0,94,33000,25938495113,3,3460371
20260401,20250181,영화 러브 라이브! 니지가사키 학원 스쿨 아이돌 동호회 완결편 제2장,2026-02-18,1.8,0.0,170,31000,99036310,3,9476
20260401,20258444,브라이드!,2026-03-04,3.7,0.0,82,28000,251313590,3,24438
20260401,19980001,미술관 옆 동물원,1998-12-19,5.8,0.0,52,27000,1420000,3,159
20260401,20231895,너는 내 아들,2023-06-28,3.1,0.0,96,17000,196565208,3,22429
20260401,20256397,원 배틀 애프터 어나더,2025-10-01,1.1,0.0,88,9000,5822679720,1,546915
20260401,20262411,나쁜남자 : 여자들이 빠지는 이유,2026-04-01,0.7,0.0,146,6000,6000,1,1
20260401,20262805,내 아내의 엄마 3,2026-04-01,0.7,0.0,146,6000,6000,1,1
20260401,20259143,상사의 아내 : 들이대는 남편 부하 직원들 무삭제,2026-04-01,0.7,0.0,146,6000,6000,1,1
20260401,20259635,아이스맨,2026-04-01,0.7,0.0,146,6000,6000,1,1
20260401,20261083,여자 마사지 : 한여자 세남자,2026-04-01,0.7,0.0,146,6000,6000,1,1
20260401,20256145,질펀한 마사지 : 첫 경험,2026-04-01,0.7,0.0,146,6000,6000,1,1
20260401,20259478,스와핑 - 초대남,2026-04-01,1.1,0.0,91,1000,1000,1,1
20260331,20261694,투어스 브이알 콘서트 : 러쉬로드,2026-03-04,42.9,0.1,1216,16672000,912039500,521,28617
20260331,20060033,오만과 편견,2006-03-24,3.5,0.7,11861,4327700,5796065200,416,910506
20260331,20247457,신의악단,2025-12-31,14.5,0.2,2677,3215900,13741407700,389,1443300
20260331,20262291,뮤지컬 장수탕 선녀님,2026-03-26,3.0,0.6,9920,2907000,83287080,300,8521
20260331,20262430,왜(歪): 더 카르텔,2026-03-25,3.6,0.4,7565,2433000,28175600,275,2988
20260331,20250365,햄넷,2026-02-25,11.7,0.1,2254,2568100,613187370,263,63854
20260331,20241266,휴민트,2026-02-11,8.4,0.2,3109,1963500,19995500310,262,1981374
20260331,20254121,살목지,2026-04-08,96.0,0.0,200,2112000,108382700,192,10610
20260331,20138661,케이온,2013-06-13,3.6,0.2,4227,1607800,376508531,153,39098
20260331,20261526,아이엠스타!X프리파라 더 무비 -만남의 기적!-,2026-02-04,3.1,0.2,3498,1073700,911116200,107,87593
20260331,20256397,원 배틀 애프터 어나더,2025-10-01,12.5,0.0,858,993100,5822670720,107,546914
20260331,20261181,너자 2,2026-02-25,53.8,0.0,186,1200000,540581800,100,65636
20260331,20254602,씨너스: 죄인들,2025-05-28,30.3,0.0,330,1182600,1155433540,100,99937
20260331,20261437,녹나무의 파수꾼,2026-03-18,2.8,0.2,3418,855800,90578240,97,9608
20260331,20258484,"미스터김, 영화관에 가다",2026-02-19,5.3,0.1,1219,370000,9423908,65,1181
20260331,20258709,좀비 랜드 사가: 유메긴가 파라다이스,2026-03-04,4.3,0.0,766,344200,110128730,33,9398
20260331,20258285,프랑켄슈타인,2025-10-22,13.3,0.0,218,323000,263540990,29,26755
20260331,20256757,극장판 체인소 맨: 레제편,2025-09-24,5.7,0.0,334,237400,36294910500,19,3452074
20260331,19980001,미술관 옆 동물원,1998-12-19,38.0,0.0,50,190000,1393000,19,156
20260331,20262137,하이재킹: 메이데이,2026-03-18,1.4,0.1,1283,177000,9391500,18,768
20260331,20261208,귀신 부르는 앱: 영,2026-02-18,4.4,0.0,230,124000,998226700,10,101537
20260331,20126091,관상,2013-09-11,6.6,0.0,152,94000,66008117000,10,9135548
20260331,20060284,라디오 스타,2006-09-28,8.5,0.0,94,79800,9861832300,8,1590798
20260331,20261905,우주 수호대: 하하하 행성의 대모험,2026-03-13,0.9,0.1,919,77000,19654500,8,2773
20260331,20257744,28년 후: 뼈의 사원,2026-02-27,2.6,0.0,274,61800,436623940,7,40973
20260331,20250181,영화 러브 라이브! 니지가사키 학원 스쿨 아이돌 동호회 완결편 제2장,2026-02-18,4.4,0.0,113,54500,99005310,5,9473
20260331,20249255,만약에 우리,2025-12-31,3.6,0.0,139,40600,25508657520,5,2602667
20260331,20113535,부러진 화살,2012-01-18,3.2,0.0,94,30500,25938462113,3,3460368
20260331,20231895,너는 내 아들,2023-06-28,2.1,0.0,96,8000,196548208,2,22426
20260330,20241575,메소드연기,2026-03-18,4.8,1.1,18704,7344900,543916680,894,59040
20260330,20232662,삼악도,2026-03-11,4.2,0.8,13455,5452100,843315200,570,91178
20260330,20241266,휴민트,2026-02-11,13.9,0.2,3155,3914900,19993536810,439,1981112
20260330,20250365,햄넷,2026-02-25,10.6,0.2,3433,3333200,610619270,363,63591
20260330,20060033,오만과 편견,2006-03-24,2.9,0.6,10542,2997100,5791737500,302,910090
20260330,20262291,뮤지컬 장수탕 선녀님,2026-03-26,3.0,0.6,9711,2834000,80380080,289,8221
20260330,20262430,왜(歪): 더 카르텔,2026-03-25,3.3,0.4,7391,2088100,25742600,242,2713
20260330,20138661,케이온,2013-06-13,3.3,0.4,5762,2007400,374900731,191,38945
20260330,20247457,신의악단,2025-12-31,5.0,0.1,2280,1048200,13738191800,115,1442911
20260330,20261437,녹나무의 파수꾼,2026-03-18,2.5,0.2,3918,853300,89722440,96,9511
20260330,20254602,씨너스: 죄인들,2025-05-28,10.2,0.0,804,755500,1154250940,82,99837
20260330,20261526,아이엠스타!X프리파라 더 무비 -만남의 기적!-,2026-02-04,2.9,0.2,2533,717300,910042500,73,87486
20260330,20250586,주희에게,2026-04-15,41.6,0.0,149,682000,8773000,62,961
20260330,20250188,하트맨,2026-01-14,89.2,0.0,37,198000,2305660270,33,247887
20260330,20256397,원 배틀 애프터 어나더,2025-10-01,9.0,0.0,354,300800,5821677620,32,546807
20260330,19980001,미술관 옆 동물원,1998-12-19,55.8,0.0,52,290000,1203000,29,137
20260330,20258709,좀비 랜드 사가: 유메긴가 파라다이스,2026-03-04,3.5,0.0,659,236000,109784530,23,9365
20260330,20227374,바빌론,2023-02-01,50.0,0.0,42,202000,2188330905,21,217027
20260330,20262137,하이재킹: 메이데이,2026-03-18,1.2,0.1,1398,169600,9214500,17,750
20260330,20256757,극장판 체인소 맨: 레제편,2025-09-24,3.6,0.0,391,161800,36294673100,14,3452055
20260330,19990070,인정사정 볼 것 없다,1999-07-31,14.9,0.0,94,149000,5124200,14,584
20260330,20258285,프랑켄슈타인,2025-10-22,11.8,0.0,110,114000,263217990,13,26726
20260330,20060284,라디오 스타,2006-09-28,9.6,0.0,94,98000,9861752500,9,1590790
20260330,20249255,만약에 우리,2025-12-31,6.5,0.0,139,84000,25508616920,9,2602662
20260330,20257744,28년 후: 뼈의 사원,2026-02-27,2.1,0.0,430,63000,436562140,9,40966
20260330,20258444,브라이드!,2026-03-04,1.7,0.0,413,37000,251285590,7,24435
20260330,20261208,귀신 부르는 앱: 영,2026-02-18,3.2,0.0,158,63000,998102700,5,101527
20260330,20256396,아바타: 불과 재,2025-12-17,62.5,0.0,8,56000,78912179360,5,6744578
20260330,20261905,우주 수호대: 하하하 행성의 대모험,2026-03-13,1.3,0.0,309,46000,19577500,4,2765
20260330,20250181,영화 러브 라이브! 니지가사키 학원 스쿨 아이돌 동호회 완결편 제2장,2026-02-18,1.2,0.0,170,25000,98950810,2,9468
20260330,20258484,"미스터김, 영화관에 가다",2026-02-19,3.5,0.0,58,14000,9053908,2,1116
20260330,20262545,거대한 흑인 남편에 굴복하는 아내,2026-03-30,1.2,0.0,83,6000,6000,1,1
20260330,20262564,내 친구랑도 잘하는 섹파,2026-03-30,1.2,0.0,83,6000,6000,1,1
20260330,20262546,마사지로 강제 발정난 유부녀,2026-03-30,1.2,0.0,83,6000,6000,1,1
20260330,20262715,발기부전 남편 대신 시아버지,2026-03-30,0.7,0.0,146,6000,6000,1,1
20260329,20247457,신의악단,2025-12-31,48.3,0.2,3913,17297500,13737143600,1890,1442796
20260329,20261694,투어스 브이알 콘서트 : 러쉬로드,2026-03-04,99.3,0.1,1368,43456000,856487500,1358,26881
20260329,20241575,메소드연기,2026-03-18,6.4,1.1,20936,12461700,536571780,1342,58146
20260329,20232662,삼악도,2026-03-11,9.7,0.7,13494,11790000,837863100,1311,90608
20260329,20138661,케이온,2013-06-13,12.3,0.2,4284,5780700,372893331,527,38754
20260329,20250365,햄넷,2026-02-25,14.7,0.2,3220,4622800,607286070,474,63228
20260329,20060033,오만과 편견,2006-03-24,5.4,0.4,8068,4644700,5788740400,436,909788
20260329,20262430,왜(歪): 더 카르텔,2026-03-25,5.1,0.4,7763,3703000,23654500,397,2471
20260329,20262101,킬 빌: 더 홀 블러디 어페어,2026-04-01,73.0,0.0,445,5908800,14734300,325,810
20260329,20254602,씨너스: 죄인들,2025-05-28,27.6,0.0,865,2708200,1153495440,239,99755
20260329,20261526,아이엠스타!X프리파라 더 무비 -만남의 기적!-,2026-02-04,5.4,0.2,3939,1957300,909325200,213,87413
20260329,20256397,원 배틀 애프터 어나더,2025-10-01,16.1,0.1,1100,1735400,5821376820,177,546775
20260329,20241266,휴민트,2026-02-11,5.0,0.2,3007,1523400,19989621910,150,1980673
20260329,20261437,녹나무의 파수꾼,2026-03-18,4.0,0.2,3463,1226300,88869140,140,9415
20260329,20258709,좀비 랜드 사가: 유메긴가 파라다이스,2026-03-04,18.3,0.0,718,1986300,109548530,131,9342
20260329,20261181,너자 2,2026-02-25,43.6,0.0,289,1635000,539381800,126,65536
20260329,20261905,우주 수호대: 하하하 행성의 대모험,2026-03-13,2.9,0.1,1734,486600,19531500,50,2761
20260329,20262137,하이재킹: 메이데이,2026-03-18,3.1,0.1,1096,395500,9044900,34,733
20260329,20256034,킹 오브 프리즘 -유어 엔드리스 콜- 모두 빛나라! 프리즘 투어즈,2025-07-18,18.2,0.0,170,276600,407917910,31,43517
20260329,20256757,극장판 체인소 맨: 레제편,2025-09-24,7.8,0.0,361,306500,36294511300,28,3452041
20260329,20257744,28년 후: 뼈의 사원,2026-02-27,4.1,0.0,616,232000,436499140,25,40957
20260329,19990070,인정사정 볼 것 없다,1999-07-31,16.0,0.0,94,155600,4975200,15,570
20260329,19880070,칠수와 만수,1988-11-26,16.0,0.0,94,152800,1063800,15,354
20260329,20250181,영화 러브 라이브! 니지가사키 학원 스쿨 아이돌 동호회 완결편 제2장,2026-02-18,7.7,0.0,170,163500,98925810,13,9466
20260329,20249255,만약에 우리,2025-12-31,16.7,0.0,66,113000,25508532920,11,2602653
20260329,20126091,관상,2013-09-11,11.8,0.0,76,84000,66008023000,9,9135538
20260329,20261208,귀신 부르는 앱: 영,2026-02-18,8.4,0.0,95,68000,998039700,8,101522
20260329,20256396,아바타: 불과 재,2025-12-17,75.0,0.0,8,90000,78912123360,6,6744573
20260329,20252432,주토피아 2,2025-11-26,3.6,0.0,141,61000,82879156200,5,8611218
20260329,20250840,바다 탐험대 옥토넛 어보브 앤 비욘드 : 육지생물 구조작전,2026-02-12,12.5,0.0,40,39000,320890200,5,33345
20260329,20257823,폭풍의 언덕,2026-02-11,13.3,0.0,30,32000,613782210,4,61721
20260329,20250299,고고다이노 극장판: 곤충세계 대모험,2026-01-14,7.5,0.0,40,21000,376003800,3,42050
20260329,20252373,넘버원,2026-02-11,3.6,0.0,55,26000,2683553020,2,279908
20260329,20231895,너는 내 아들,2023-06-28,1.0,0.0,96,6000,196540208,1,22424
20260328,20232662,삼악도,2026-03-11,12.0,0.7,14826,16879100,826073100,1773,89297
20260328,20241575,메소드연기,2026-03-18,7.3,1.1,22372,15275920,524110080,1628,56804
20260328,20261694,투어스 브이알 콘서트 : 러쉬로드,2026-03-04,98.8,0.1,1368,43264000,813031500,1352,25523
20260328,20250365,햄넷,2026-02-25,14.2,0.2,3626,4873500,602663270,516,62754
20260328,20138661,케이온,2013-06-13,10.6,0.2,4856,5793000,367112631,515,38227
20260328,20262430,왜(歪): 더 카르텔,2026-03-25,7.2,0.3,7150,4932800,19951500,514,2074
20260328,20060033,오만과 편견,2006-03-24,5.4,0.4,8255,4685200,5784095700,445,909352
20260328,20247457,신의악단,2025-12-31,13.9,0.1,2442,3301000,13719846100,340,1440906
20260328,20262101,킬 빌: 더 홀 블러디 어페어,2026-04-01,75.3,0.0,445,6125500,8825500,335,485
20260328,20254602,씨너스: 죄인들,2025-05-28,28.8,0.0,949,2765300,1150787240,273,99516
20260328,20262653,마법 숲 동물 친구들 대모험,2026-04-01,100.0,0.0,231,2079000,2079000,231,231
20260328,20261526,아이엠스타!X프리파라 더 무비 -만남의 기적!-,2026-02-04,5.3,0.2,4152,2022300,907367900,218,87200
20260328,20261437,녹나무의 파수꾼,2026-03-18,6.5,0.2,3308,1807600,87642840,215,9275
20260328,20258709,좀비 랜드 사가: 유메긴가 파라다이스,2026-03-04,25.1,0.0,840,2453900,107562230,211,9211
20260328,20256397,원 배틀 애프터 어나더,2025-10-01,20.5,0.0,825,1923800,5819641420,169,546598
20260328,20241266,휴민트,2026-02-11,4.6,0.2,3497,1646000,19988098510,159,1980523
20260328,20261666,네가 마지막으로 남긴 노래,2026-04-01,100.0,0.0,136,1224000,16725300,136,1553
20260328,20261905,우주 수호대: 하하하 행성의 대모험,2026-03-13,1.8,0.1,2515,430500,19044900,45,2711
20260328,20257744,28년 후: 뼈의 사원,2026-02-27,7.0,0.0,573,399700,436267140,40,40932
20260328,20256034,킹 오브 프리즘 -유어 엔드리스 콜- 모두 빛나라! 프리즘 투어즈,2025-07-18,21.2,0.0,170,313500,407641310,36,43486
20260328,20256757,극장판 체인소 맨: 레제편,2025-09-24,8.9,0.0,393,387700,36294204800,35,3452013
20260328,19980001,미술관 옆 동물원,1998-12-19,58.0,0.0,50,290000,913000,29,108
20260328,20262137,하이재킹: 메이데이,2026-03-18,1.7,0.1,1594,312500,8649400,27,699
20260328,19990070,인정사정 볼 것 없다,1999-07-31,37.3,0.0,59,242000,4819600,22,555
20260328,20227374,바빌론,2023-02-01,45.2,0.0,42,209000,2188128905,19,217006
20260328,19800068,바람불어 좋은 날,1980-11-27,14.9,0.0,94,186000,2954000,14,1053
20260328,20060284,라디오 스타,2006-09-28,14.9,0.0,94,148000,9861654500,14,1590781
20260328,20250840,바다 탐험대 옥토넛 어보브 앤 비욘드 : 육지생물 구조작전,2026-02-12,8.1,0.0,173,115000,320851200,14,33340
20260328,20080691,고래사냥,1984-03-31,12.8,0.0,94,159600,4445600,12,489
20260328,20249255,만약에 우리,2025-12-31,18.2,0.0,66,120100,25508419920,12,2602642
20260328,20250181,영화 러브 라이브! 니지가사키 학원 스쿨 아이돌 동호회 완결편 제2장,2026-02-18,6.5,0.0,170,140000,98762310,11,9453
20260328,20261181,너자 2,2026-02-25,1.3,0.0,864,104500,537746800,11,65410
20260328,20261208,귀신 부르는 앱: 영,2026-02-18,10.5,0.0,95,98000,997971700,10,101514
20260328,20256396,아바타: 불과 재,2025-12-17,100.0,0.0,8,114600,78912033360,8,6744567
20260328,20250299,고고다이노 극장판: 곤충세계 대모험,2026-01-14,20.0,0.0,40,66000,375982800,8,42047
20260328,20246777,더 폴: 디렉터스 컷,2024-12-25,15.6,0.0,32,50000,1966407100,5,190233
20260328,20231895,너는 내 아들,2023-06-28,2.6,0.0,192,37000,196534208,5,22423
20260328,20252432,주토피아 2,2025-11-26,2.9,0.0,68,28000,82879095200,2,8611213
20260328,20250604,극장판 엉덩이 탐정: 스타 앤드 문,2026-02-07,5.0,0.0,40,14000,462380300,2,57542
20260327,20232662,삼악도,2026-03-11,5.7,0.9,16227,8732200,809194000,924,87524
20260327,20262291,뮤지컬 장수탕 선녀님,2026-03-26,5.4,0.7,12419,6536000,22334580,674,2283
20260327,20060033,오만과 편견,2006-03-24,5.0,0.6,12323,6926300,5779410500,610,908907
20260327,20262430,왜(歪): 더 카르텔,2026-03-25,5.2,0.5,8846,4263800,15018700,457,1560
20260327,20247457,신의악단,2025-12-31,18.6,0.1,2291,3784900,13716545100,425,1440566
20260327,20138661,케이온,2013-06-13,8.3,0.3,4859,4708400,361319631,403,37712
20260327,20261666,네가 마지막으로 남긴 노래,2026-04-01,97.3,0.0,374,3276000,15501300,364,1417
20260327,20250365,햄넷,2026-02-25,8.9,0.2,3166,2812500,597789770,281,62238
20260327,20241266,휴민트,2026-02-11,5.4,0.2,3976,1954900,19986452510,213,1980364
20260327,20254602,씨너스: 죄인들,2025-05-28,22.5,0.0,861,2228300,1148021940,194,99243
20260327,20256397,원 배틀 애프터 어나더,2025-10-01,13.6,0.1,1089,1354200,5817717620,148,546429
20260327,20262631,5월18일생,2026-05-14,97.2,0.0,144,1680000,1680000,140,140
20260327,20261437,녹나무의 파수꾼,2026-03-18,3.0,0.2,3742,984500,85835240,111,9060
20260327,20261526,아이엠스타!X프리파라 더 무비 -만남의 기적!-,2026-02-04,2.4,0.2,4323,1110200,905345600,103,86982
20260327,20226444,극장판 엄마 까투리: 도시로 간 까투리 가족,2022-09-08,43.4,0.0,143,434000,1621712999,62,175733
20260327,20210684,두다다쿵: 후후섬의 비밀,2023-02-15,58.5,0.0,94,385000,1142671650,55,126890
20260327,20262137,하이재킹: 메이데이,2026-03-18,2.3,0.1,1726,488000,8336900,39,672
20260327,20241082,쿵쿵따 탐험대,2024-06-26,45.4,0.0,86,234000,30755000,39,5080
20260327,20257744,28년 후: 뼈의 사원,2026-02-27,6.1,0.0,559,322500,435867440,34,40892
20260327,20249255,만약에 우리,2025-12-31,31.4,0.0,105,183000,25508299820,33,2602630
20260327,20258709,좀비 랜드 사가: 유메긴가 파라다이스,2026-03-04,3.7,0.0,809,326000,105108330,30,9000
20260327,20256757,극장판 체인소 맨: 레제편,2025-09-24,6.4,0.0,378,291800,36293817100,24,3451978
20260327,19990070,인정사정 볼 것 없다,1999-07-31,14.9,0.0,94,171800,4577600,14,533
20260327,20258285,프랑켄슈타인,2025-10-22,25.0,0.0,48,138000,263103990,12,26713
20260327,20250181,영화 러브 라이브! 니지가사키 학원 스쿨 아이돌 동호회 완결편 제2장,2026-02-18,5.3,0.0,226,134000,98622310,12,9442
20260327,20060284,라디오 스타,2006-09-28,9.6,0.0,94,111000,9861506500,9,1590767
20260327,20261208,귀신 부르는 앱: 영,2026-02-18,3.4,0.0,264,99500,997873700,9,101504
20260327,20113535,부러진 화살,2012-01-18,8.5,0.0,94,61500,25938431613,8,3460365
20260327,20261905,우주 수호대: 하하하 행성의 대모험,2026-03-13,1.0,0.0,585,49000,18614400,6,2666
20260327,20250839,영원,2026-02-04,8.5,0.0,59,46000,162939400,5,17525
20260327,20258444,브라이드!,2026-03-04,6.7,0.0,30,22000,251248590,2,24428
20260327,20262462,나이트에서 원나잇 해준 여대생,2026-03-27,1.2,0.0,83,6000,6000,1,1
20260327,20262452,못생긴 남자가 맛있다는 여후배,2026-03-27,1.2,0.0,83,6000,6000,1,1
20260327,20261013,전라의 몸으로 사죄하는 어린 아내,2026-03-27,0.7,0.0,146,6000,6000,1,1
20260327,20261028,헤어진 여자친구 잊지 못할 삽입감,2026-03-27,0.7,0.0,146,6000,6000,1,1
20260327,20231895,너는 내 아들,2023-06-28,1.0,0.0,96,5000,196497208,1,22418
20260327,20261181,너자 2,2026-02-25,0.9,0.0,107,5000,537642300,1,65399
20260327,20262206,귀여운 그녀는 앱에서 만난 사이,2026-03-27,1.1,0.0,91,1000,1000,1,1
20260327,20262251,단지처의 속옷개방,2026-03-27,0.5,0.0,194,1000,1000,1,1
20260327,20262205,성인배우 면접의 미숙녀,2026-03-27,0.5,0.0,194,1000,1000,1,1
20260327,20262208,소악마 중년의 입기술,2026-03-27,1.1,0.0,91,1000,1000,1,1
20260327,20262262,옆집 유부녀와 평생 기억될 오후,2026-03-27,0.7,0.0,140,1000,1000,1,1
20260327,20262252,장모님이 준비한 섹스,2026-03-27,0.7,0.0,140,1000,1000,1,1
20260327,20262261,정사무제한 지옥풍속점,2026-03-27,0.7,0.0,140,1000,1000,1,1
20260327,20262209,처음 만난 남자 앞에서 벗은 미숙녀,2026-03-27,1.1,0.0,91,1000,1000,1,1
20260327,20262240,풍속녀의 첫 손님,2026-03-27,0.5,0.0,194,1000,1000,1,1
20260326,20262291,뮤지컬 장수탕 선녀님,2026-03-26,5.2,0.8,14201,7222800,15798580,737,1609
20260326,20250365,햄넷,2026-02-25,12.1,0.2,3196,3473100,594977270,385,61957
20260326,20060033,오만과 편견,2006-03-24,3.2,0.7,11557,3747600,5772484200,367,908297
20260326,20262430,왜(歪): 더 카르텔,2026-03-25,4.2,0.5,8735,3403900,10754900,364,1103
20260326,20138661,케이온,2013-06-13,6.6,0.3,5449,4023100,356611231,360,37309
20260326,20247457,신의악단,2025-12-31,12.2,0.2,2952,3226700,13712760200,360,1440141
20260326,20261181,너자 2,2026-02-25,42.9,0.0,706,2425000,537637300,303,65398
20260326,20241266,휴민트,2026-02-11,5.9,0.2,3607,1891800,19984497610,212,1980151
20260326,20254602,씨너스: 죄인들,2025-05-28,15.0,0.0,940,1348200,1145793640,141,99049
20260326,20134798,연평해전,2015-06-24,60.6,0.0,165,600000,45575370830,100,6046139
20260326,20261437,녹나무의 파수꾼,2026-03-18,2.3,0.2,3976,807200,84850740,92,8949
20260326,20261526,아이엠스타!X프리파라 더 무비 -만남의 기적!-,2026-02-04,3.0,0.1,2479,795400,904235400,75,86879
20260326,20256397,원 배틀 애프터 어나더,2025-10-01,11.3,0.0,451,534900,5816363420,51,546281
20260326,20226444,극장판 엄마 까투리: 도시로 간 까투리 가족,2022-09-08,27.1,0.0,122,231000,1621278999,33,175671
20260326,20262137,하이재킹: 메이데이,2026-03-18,1.7,0.1,1877,374000,7848900,32,633
20260326,20258709,좀비 랜드 사가: 유메긴가 파라다이스,2026-03-04,2.5,0.1,1095,236660,104782330,27,8970
20260326,20256034,킹 오브 프리즘 -유어 엔드리스 콜- 모두 빛나라! 프리즘 투어즈,2025-07-18,4.7,0.0,552,243800,407327810,26,43450
20260326,20252373,넘버원,2026-02-11,22.6,0.0,93,126000,2683527020,21,279906
20260326,19980001,미술관 옆 동물원,1998-12-19,28.0,0.0,50,140000,623000,14,79
20260326,19990070,인정사정 볼 것 없다,1999-07-31,13.8,0.0,94,138300,4405800,13,519
20260326,20256757,극장판 체인소 맨: 레제편,2025-09-24,5.3,0.0,245,123700,36293525300,13,3451954
20260326,20257744,28년 후: 뼈의 사원,2026-02-27,2.9,0.0,414,112500,435544940,12,40858
20260326,20126091,관상,2013-09-11,13.2,0.0,76,91000,66007939000,10,9135529
20260326,20261905,우주 수호대: 하하하 행성의 대모험,2026-03-13,1.2,0.0,850,79500,18565400,10,2660
20260326,20261208,귀신 부르는 앱: 영,2026-02-18,1.3,0.0,457,59500,997774200,6,101495
20260326,20247383,청춘 돼지는 책가방 소녀의 꿈을 꾸지 않는다,2024-02-01,2.9,0.0,170,54000,181374331,5,19272
20260326,20258484,"미스터김, 영화관에 가다",2026-02-19,6.6,0.0,76,41000,9039908,5,1114
20260326,20250181,영화 러브 라이브! 니지가사키 학원 스쿨 아이돌 동호회 완결편 제2장,2026-02-18,1.2,0.0,170,19500,98488310,2,9430
20260326,20250840,바다 탐험대 옥토넛 어보브 앤 비욘드 : 육지생물 구조작전,2026-02-12,5.0,0.0,40,16000,320736200,2,33326
20260326,20249255,만약에 우리,2025-12-31,1.4,0.0,73,8800,25508116820,1,2602597
20260326,20262420,강압적 대물에 푹 빠진 육덕녀,2026-03-26,1.2,0.0,83,6000,6000,1,1
20260326,20250833,부인 몰래 친구 왕가슴에 무한 발사,2026-03-26,0.7,0.0,146,6000,6000,1,1
20260326,20261027,상사 아내의 질척한 아랫도리,2026-03-26,0.7,0.0,146,6000,6000,1,1
20260326,20262461,아저씨의 애무에 넘어간 아가씨,2026-03-26,1.2,0.0,83,6000,6000,1,1
20260326,20258444,브라이드!,2026-03-04,0.2,0.0,413,5000,251226590,1,24426
20260408,20254121,살목지,2026-04-08,17.6,29.0,511267,902587320,1205158520,89911,116824
20260408,20261782,프로젝트 헤일메리,2026-03-18,7.3,24.9,440286,354308230,19590215550,32139,1733207
20260408,20242837,왕과 사는 남자,2026-02-04,7.0,22.4,396313,255872660,156242826940,27524,16189135
20260408,20262343,크라임 101,2026-04-08,6.6,3.0,53148,23454460,31086460,3513,4025
20260408,20192680,끝장수사,2026-04-02,5.5,3.6,63939,30160150,673798310,3498,72907
20260408,20261666,네가 마지막으로 남긴 노래,2026-04-01,6.4,2.5,44112,25648950,657273850,2835,64672
20260408,20253289,극장판 귀멸의 칼날: 무한성편,2025-08-22,6.5,1.1,18654,15759000,62535062750,1208,5788178
20260408,20261906,명탐정 코난: 세기말의 마술사,2026-03-27,5.2,1.2,20250,9905300,865705800,1043,83850
20260408,20261694,투어스 브이알 콘서트 : 러쉬로드,2026-03-04,58.7,0.1,1216,22848000,1129383500,714,35409
20260408,20256283,호퍼스,2026-03-04,6.7,0.5,9438,5557650,7308343300,636,740910
20260407,20242837,왕과 사는 남자,2026-02-04,5.8,35.9,552706,297606260,155986954280,32132,16161611
20260407,20261782,프로젝트 헤일메리,2026-03-18,6.5,30.4,467811,335531460,19235907320,30580,1701068
20260407,20192680,끝장수사,2026-04-02,4.8,8.1,123969,53277550,643638160,5932,69409
20260407,20261666,네가 마지막으로 남긴 노래,2026-04-01,3.9,6.8,104471,36436520,631624900,4040,61837
20260407,20253289,극장판 귀멸의 칼날: 무한성편,2025-08-22,4.8,2.8,43200,28485000,62519303750,2090,5786970
20260407,20261906,명탐정 코난: 세기말의 마술사,2026-03-27,4.4,1.8,28525,12378050,855800500,1242,82807
20260407,20256283,호퍼스,2026-03-04,4.9,1.6,24059,11849000,7302785650,1170,740274
20260407,20253101,극장판 진격의 거인 완결편 더 라스트 어택,2025-03-13,8.2,0.7,10862,10639600,10749801170,892,1030432
20260407,20262101,킬 빌: 더 홀 블러디 어페어,2026-04-01,5.9,0.9,13962,15411700,262430800,829,13170
20260407,20261694,투어스 브이알 콘서트 : 러쉬로드,2026-03-04,48.6,0.1,1216,18912000,1106535500,591,34695
20260406,20242837,왕과 사는 남자,2026-02-04,6.6,36.4,571788,358630150,155689348020,37815,16129479
20260406,20261782,프로젝트 헤일메리,2026-03-18,7.4,30.2,474519,386273220,18900375860,35092,1670488
20260406,20192680,끝장수사,2026-04-02,5.6,8.1,127688,64805150,590360610,7164,63477
20260406,20261666,네가 마지막으로 남긴 노래,2026-04-01,3.6,6.7,105202,35749620,595188380,3790,57797
20260406,20253289,극장판 귀멸의 칼날: 무한성편,2025-08-22,5.5,2.7,42897,31784500,62490818750,2354,5784880
20260406,20261906,명탐정 코난: 세기말의 마술사,2026-03-27,4.8,1.8,27995,13469850,843422450,1353,81565
20260406,20256283,호퍼스,2026-03-04,4.3,1.5,24121,10599650,7290936650,1048,739104
20260406,20262101,킬 빌: 더 홀 블러디 어페어,2026-04-01,6.7,0.9,14702,18160000,247019100,983,12341
20260406,20253101,극장판 진격의 거인 완결편 더 라스트 어택,2025-03-13,6.2,0.7,10646,7873700,10739161570,659,1029540
20260406,20261694,투어스 브이알 콘서트 : 러쉬로드,2026-03-04,52.5,0.1,1216,20416000,1087623500,638,34104
20260405,20261782,프로젝트 헤일메리,2026-03-18,21.3,28.4,548740,1287677850,18514102640,117008,1635396
20260405,20242837,왕과 사는 남자,2026-02-04,13.5,36.3,699550,947523480,155330717870,94406,16091664
20260405,20192680,끝장수사,2026-04-02,9.9,7.0,134590,128078710,525555460,13346,56313
20260405,20261666,네가 마지막으로 남긴 노래,2026-04-01,9.7,6.3,120860,125077090,559438760,11758,54007
20260405,20253289,극장판 귀멸의 칼날: 무한성편,2025-08-22,24.2,2.4,45772,149204400,62459034250,11077,5782526
20260405,20256283,호퍼스,2026-03-04,12.8,3.7,70799,92007070,7280337000,9077,738056
20260405,20254121,살목지,2026-04-08,33.0,1.2,22914,90617700,300459200,7565,26721
20260405,20261906,명탐정 코난: 세기말의 마술사,2026-03-27,15.7,1.8,35243,54478750,829952600,5531,80212
20260405,20226489,리바운드,2023-04-05,14.9,1.1,20353,34514400,6781869188,3029,706398
20260405,20262101,킬 빌: 더 홀 블러디 어페어,2026-04-01,13.8,0.8,15022,44059700,228859100,2079,11358
20260404,20261782,프로젝트 헤일메리,2026-03-18,27.0,28.0,570010,1689901980,17226424790,153841,1518388
20260404,20242837,왕과 사는 남자,2026-02-04,16.6,36.7,745440,1240513800,154383194390,123797,15997258
20260404,20261666,네가 마지막으로 남긴 노래,2026-04-01,12.5,6.6,133715,186093850,434361670,16758,42249
20260404,20192680,끝장수사,2026-04-02,11.7,7.0,141858,158445050,397476750,16587,42967
20260404,20253289,극장판 귀멸의 칼날: 무한성편,2025-08-22,30.5,2.4,48849,207259200,62309829850,14918,5771449
20260404,20256283,호퍼스,2026-03-04,15.8,3.6,72350,113403520,7188329930,11402,728979
20260404,20254121,살목지,2026-04-08,35.2,1.1,22885,97336800,209841500,8058,19156
20260404,20261906,명탐정 코난: 세기말의 마술사,2026-03-27,17.9,1.7,35331,62849750,775473850,6311,74681
20260404,20262101,킬 빌: 더 홀 블러디 어페어,2026-04-01,22.7,0.8,15327,72035500,184799400,3479,9279
20260404,20226489,리바운드,2023-04-05,11.5,1.0,20267,26817170,6747354788,2325,703369
20260403,20261782,프로젝트 헤일메리,2026-03-18,11.8,27.5,491505,660357570,15536522810,58078,1364547
20260403,20242837,왕과 사는 남자,2026-02-04,7.9,37.1,663359,514559310,153142680590,52071,15873461
20260403,20192680,끝장수사,2026-04-02,7.5,8.8,156784,109757100,239031700,11763,26380
20260403,20261666,네가 마지막으로 남긴 노래,2026-04-01,5.6,7.3,130216,76935700,248267820,7267,25491
20260403,20253289,극장판 귀멸의 칼날: 무한성편,2025-08-22,11.9,2.8,49607,85049800,62102570650,5903,5756531
20260403,20261906,명탐정 코난: 세기말의 마술사,2026-03-27,8.4,2.1,37736,33057350,712624100,3166,68370
20260403,20256283,호퍼스,2026-03-04,5.5,1.7,29647,16469000,7074926410,1639,717577
20260403,20262463,오피셜히게단디즘 라이브 앳 스타디움 2025,2026-04-02,11.7,0.7,12354,36023500,115431000,1441,4619
20260403,20253101,극장판 진격의 거인 완결편 더 라스트 어택,2025-03-13,9.3,0.7,11969,14174100,10685442670,1110,1025105
20260403,20262101,킬 빌: 더 홀 블러디 어페어,2026-04-01,6.9,0.8,14758,20272900,112763900,1020,5800
20260402,20242837,왕과 사는 남자,2026-02-04,6.3,37.4,622401,367575210,152628121280,39303,15821390
20260402,20261782,프로젝트 헤일메리,2026-03-18,7.5,25.6,425893,351881680,14876165240,31886,1306469
20260402,20192680,끝장수사,2026-04-02,8.1,10.4,172683,123343600,129274600,13957,14617
20260402,20261666,네가 마지막으로 남긴 노래,2026-04-01,4.3,7.4,122366,49742770,171332120,5257,18224
20260402,20253289,극장판 귀멸의 칼날: 무한성편,2025-08-22,8.5,3.1,51424,58475500,62017520850,4370,5750628
20260402,20261906,명탐정 코난: 세기말의 마술사,2026-03-27,9.4,2.1,35264,32466300,679566750,3315,65204
20260402,20262463,오피셜히게단디즘 라이브 앳 스타디움 2025,2026-04-02,21.8,0.9,14556,79407500,79407500,3178,3178
20260402,20256283,호퍼스,2026-03-04,4.9,1.6,25817,12088700,7058457410,1266,715938
20260402,20262101,킬 빌: 더 홀 블러디 어페어,2026-04-01,7.2,0.9,14627,20604300,92491000,1047,4780
20260402,19970100,첨밀밀,1997-03-01,5.0,1.1,18379,10297900,195234900,910,19541
20260408,20138661,케이온,2013-06-13,30.3,0.1,1615,5168750,398673081,490,41048
20260408,20262710,엔하이픈 : 이머전 인 시네마,2026-04-08,16.1,0.2,2580,5810000,5810000,415,415
20260408,20262101,킬 빌: 더 홀 블러디 어페어,2026-04-01,4.9,0.4,7920,7454900,269885700,386,13556
20260408,20240532,짱구,2026-04-22,117.0,0.0,247,2601000,2601000,289,289
20260408,20247457,신의악단,2025-12-31,22.1,0.1,1300,2545700,13768413650,287,1446182
20260408,20262327,특별편집판 기동전사 건담 철혈의 오펀스 우르드 헌트 -작은 도전자의 궤적-,2026-04-04,3.0,0.5,8984,2594200,24816900,268,2406
20260408,20262463,오피셜히게단디즘 라이브 앳 스타디움 2025,2026-04-02,3.0,0.5,8270,6199500,212552000,248,8510
20260408,19970100,첨밀밀,1997-03-01,4.0,0.3,5454,2379700,236481100,218,23208
20260408,20250365,햄넷,2026-02-25,5.8,0.1,2464,1283050,628199570,142,65448
20260408,20223278,극장판 주술회전 0,2022-02-17,7.9,0.1,1262,1107370,7320976998,100,732949
20260408,20226489,리바운드,2023-04-05,1.9,0.3,4916,777000,6786955688,92,706984
20260408,20257658,극장판 주술회전: 회옥·옥절,2025-10-16,6.7,0.1,1293,973870,2364495080,86,237520
20260408,20262291,뮤지컬 장수탕 선녀님,2026-03-26,3.9,0.1,2181,798000,125504080,86,12831
20260408,20253101,극장판 진격의 거인 완결편 더 라스트 어택,2025-03-13,9.7,0.0,867,1110100,10750911270,84,1030516
20260408,20261526,아이엠스타!X프리파라 더 무비 -만남의 기적!-,2026-02-04,5.7,0.1,1467,865600,921582900,84,88572
20260408,20250586,주희에게,2026-04-15,70.2,0.0,114,720000,10213000,80,1121
20260408,20241575,메소드연기,2026-03-18,12.3,0.0,390,301000,573795280,48,61956
20260408,20250840,바다 탐험대 옥토넛 어보브 앤 비욘드 : 육지생물 구조작전,2026-02-12,53.1,0.0,81,261000,321373200,43,33416
20260408,20258739,극장판 주술회전: 시부야사변 X 사멸회유,2025-12-03,3.6,0.1,1123,447500,3752881800,40,369938
20260408,20257521,프로텍터,2026-03-25,3.2,0.0,967,246500,204859110,31,24490
20260408,20262661,스크림 7,2026-04-01,1.8,0.1,1066,217000,29999050,19,2631
20260408,20232662,삼악도,2026-03-11,1.3,0.1,1226,162500,861423800,16,93207
20260408,20257100,산양들,2026-07-29,18.1,0.0,72,143000,280000,13,26
20260408,20060033,오만과 편견,2006-03-24,5.6,0.0,233,130000,5799786100,13,910862
20260408,20258709,좀비 랜드 사가: 유메긴가 파라다이스,2026-03-04,14.9,0.0,87,130000,111265230,13,9513
20260408,20256397,원 배틀 애프터 어나더,2025-10-01,6.7,0.0,178,114000,5824657820,12,547143
20260408,20254602,씨너스: 죄인들,2025-05-28,30.0,0.0,40,84000,1160223640,12,100441
20260408,20262653,마법 숲 동물 친구들 대모험,2026-04-01,1.3,0.0,613,92000,13767800,8,1477
20260408,19980157,위대한 유산,1998-06-13,10.3,0.0,58,58000,495000,6,50
20260408,19990070,인정사정 볼 것 없다,1999-07-31,6.4,0.0,94,55000,5662200,6,633
20260408,20227374,바빌론,2023-02-01,14.3,0.0,42,42000,2188453905,6,217041
20260408,20256757,극장판 체인소 맨: 레제편,2025-09-24,2.4,0.0,170,40000,36331941900,4,3455347
20260408,20060284,라디오 스타,2006-09-28,3.2,0.0,94,29000,9862886800,3,1590892
20260408,20261181,너자 2,2026-02-25,0.7,0.0,273,22000,542278150,2,65785
20260408,20249255,만약에 우리,2025-12-31,3.2,0.0,62,20000,25508787320,2,2602680
20260408,20258484,"미스터김, 영화관에 가다",2026-02-19,6.7,0.0,30,17000,9554708,2,1199
20260408,20193450,반도,2020-07-15,2.6,0.0,76,12000,33078725380,2,3812958
20260408,20241266,휴민트,2026-02-11,2.1,0.0,48,10000,19997463360,1,1981587
20260408,20262992,과부댁 굴복 당한 옆집 누나,2026-04-08,0.7,0.0,146,6000,6000,1,1
20260408,20262424,그녀와의 떡정,2026-04-08,0.7,0.0,146,6000,6000,1,1
20260408,20261026,죽을만큼 싫어하는 상사의 노리개,2026-04-08,0.7,0.0,146,6000,6000,1,1
20260408,20262430,왜(歪): 더 카르텔,2026-03-25,1.6,0.0,62,5000,33675600,1,3569
20260408,20126566,캐빈 인 더 우즈,2012-06-28,0.0,0.0,77,0,1712660800,0,228485
20260407,20241575,메소드연기,2026-03-18,33.0,0.1,1375,6114000,573494280,453,61908
20260407,19970100,첨밀밀,1997-03-01,3.1,0.9,13173,4088800,234101400,405,22990
20260407,20262463,오피셜히게단디즘 라이브 앳 스타디움 2025,2026-04-02,3.2,0.6,9613,7749000,206352500,310,8262
20260407,20226489,리바운드,2023-04-05,2.0,0.8,12516,2092600,6786178688,245,706892
20260407,20256757,극장판 체인소 맨: 레제편,2025-09-24,2.8,0.5,8212,2594900,36331901900,232,3455343
20260407,20250365,햄넷,2026-02-25,10.3,0.1,2001,1788150,626916520,206,65306
20260407,20254121,살목지,2026-04-08,96.0,0.0,200,2112000,302571200,192,26913
20260407,20262291,뮤지컬 장수탕 선녀님,2026-03-26,4.1,0.3,4310,1642000,124706080,175,12745
20260407,20262327,특별편집판 기동전사 건담 철혈의 오펀스 우르드 헌트 -작은 도전자의 궤적-,2026-04-04,1.3,0.7,10362,1249700,22222700,134,2138
20260407,20262661,스크림 7,2026-04-01,2.1,0.4,6270,1392950,29782050,131,2612
20260407,20257658,극장판 주술회전: 회옥·옥절,2025-10-16,8.1,0.1,1327,1179600,2363521210,107,237434
20260407,20257521,프로텍터,2026-03-25,2.4,0.3,4008,794350,204612610,95,24459
20260407,20223278,극장판 주술회전 0,2022-02-17,6.7,0.1,1214,865400,7319869628,81,732849
20260407,20247457,신의악단,2025-12-31,6.3,0.1,1268,836150,13765867950,80,1445895
20260407,20138661,케이온,2013-06-13,2.5,0.2,2993,852400,393504331,76,40558
20260407,20254602,씨너스: 죄인들,2025-05-28,13.4,0.0,569,628000,1160139640,76,100429
20260407,20232662,삼악도,2026-03-11,2.6,0.2,2376,654200,861261300,61,93191
20260407,20258739,극장판 주술회전: 시부야사변 X 사멸회유,2025-12-03,4.8,0.1,1150,584900,3752434300,55,369898
20260407,20201841,부활,2020-07-09,100.0,0.0,54,350000,197746750,54,24811
20260407,20060033,오만과 편견,2006-03-24,2.4,0.1,2003,444300,5799656100,48,910849
20260407,20261526,아이엠스타!X프리파라 더 무비 -만남의 기적!-,2026-02-04,4.3,0.0,773,309800,920717300,33,88488
20260407,20262653,마법 숲 동물 친구들 대모험,2026-04-01,1.2,0.2,2330,256000,13675800,27,1469
20260407,20262430,왜(歪): 더 카르텔,2026-03-25,2.3,0.1,1133,248000,33670600,26,3568
20260407,20261437,녹나무의 파수꾼,2026-03-18,3.6,0.0,662,219400,92063740,24,9770
20260407,20241266,휴민트,2026-02-11,2.5,0.0,515,102000,19997453360,13,1981586
20260407,19980001,미술관 옆 동물원,1998-12-19,24.0,0.0,50,108000,2077000,12,232
20260407,20258709,좀비 랜드 사가: 유메긴가 파라다이스,2026-03-04,12.6,0.0,87,77000,111135230,11,9500
20260407,20256397,원 배틀 애프터 어나더,2025-10-01,9.1,0.0,88,85500,5824543820,8,547131
20260407,20227374,바빌론,2023-02-01,16.7,0.0,42,70000,2188411905,7,217035
20260407,20250181,영화 러브 라이브! 니지가사키 학원 스쿨 아이돌 동호회 완결편 제2장,2026-02-18,2.9,0.0,170,66000,99239910,5,9493
20260407,20060284,라디오 스타,2006-09-28,4.3,0.0,94,38000,9862857800,4,1590889
20260407,19990070,인정사정 볼 것 없다,1999-07-31,3.2,0.0,94,25000,5607200,3,627
20260407,19980157,위대한 유산,1998-06-13,3.5,0.0,58,20000,437000,2,44
20260407,20193450,반도,2020-07-15,2.6,0.0,76,19000,33078713380,2,3812956
20260407,20258484,"미스터김, 영화관에 가다",2026-02-19,0.6,0.0,321,14000,9537708,2,1197
20260407,20258444,브라이드!,2026-03-04,0.5,0.0,413,14000,251421590,2,24453
20260407,20231895,너는 내 아들,2023-06-28,1.0,0.0,96,8000,196573208,1,22430
20260407,20257744,28년 후: 뼈의 사원,2026-02-27,2.0,0.0,49,7000,436763640,1,40987
20260407,20252284,남편에겐 못느낀다는 엄마친구의 유혹,2026-04-07,0.5,0.0,194,1000,1000,1,1
20260407,20252285,미친 색기가 넘치는 바람핀 친구남편,2026-04-07,0.5,0.0,194,1000,1000,1,1
20260407,20252226,새엄마는 월 1회 나와의 정사를 원한다,2026-04-07,1.1,0.0,91,1000,1000,1,1
20260407,20252272,새엄마의 겨드랑이 땀냄새에 흥분,2026-04-07,0.5,0.0,194,1000,1000,1,1
20260407,20262693,소악마 미숙녀는 명기였다,2026-04-07,0.7,0.0,140,1000,1000,1,1
20260407,20211805,일본의 야한 밤이야기,2026-04-07,0.7,0.0,140,1000,1000,1,1
20260407,20252228,절친에게 배신당하고 모르는 남자와 원나잇하다,2026-04-07,1.1,0.0,91,1000,1000,1,1
20260407,20252213,처음엔 실수 두번째는 자기가 원한 친구 엄마,2026-04-07,1.1,0.0,91,1000,1000,1,1
20260407,20211789,초절정 슬로우 피스톨 - 레이짱,2026-04-07,0.7,0.0,140,1000,1000,1,1
20260407,20211645,최강육덕 나호의 성레슨,2026-04-07,0.7,0.0,140,1000,1000,1,1
20260406,19970100,첨밀밀,1997-03-01,3.3,0.9,13924,4636100,230012600,458,22585
20260406,20247490,누룩,2026-04-15,100.0,0.0,454,4086000,4166000,454,462
20260406,20262463,오피셜히게단디즘 라이브 앳 스타디움 2025,2026-04-02,3.9,0.7,10332,10150000,198603500,406,7952
20260406,20226489,리바운드,2023-04-05,2.2,0.7,11221,2216900,6784086088,249,706647
20260406,20262327,특별편집판 기동전사 건담 철혈의 오펀스 우르드 헌트 -작은 도전자의 궤적-,2026-04-04,1.6,0.8,13237,2069300,20973000,208,2004
20260406,20262291,뮤지컬 장수탕 선녀님,2026-03-26,4.5,0.3,4338,1849000,123064080,196,12570
20260406,20262661,스크림 7,2026-04-01,2.1,0.6,8562,1950300,28389100,181,2481
20260406,20256757,극장판 체인소 맨: 레제편,2025-09-24,2.2,0.5,7771,1835000,36329307000,173,3455111
20260406,20241575,메소드연기,2026-03-18,10.3,0.1,1283,1279500,567380280,132,61455
20260406,20250365,햄넷,2026-02-25,9.9,0.1,1253,1136700,625128370,124,65100
20260406,20223278,극장판 주술회전 0,2022-02-17,8.1,0.1,1423,1264900,7319004228,115,732768
20260406,20257658,극장판 주술회전: 회옥·옥절,2025-10-16,10.2,0.1,1100,1239000,2362341610,112,237327
20260406,20247457,신의악단,2025-12-31,6.9,0.1,1517,917150,13765031800,104,1445815
20260406,20232662,삼악도,2026-03-11,3.0,0.2,3186,1074700,860607100,96,93130
20260406,20138661,케이온,2013-06-13,3.2,0.2,2759,971600,392651931,87,40482
20260406,20257521,프로텍터,2026-03-25,2.4,0.2,3450,701100,203818260,82,24364
20260406,20256397,원 배틀 애프터 어나더,2025-10-01,13.6,0.0,501,459500,5824458320,68,547123
20260406,20258739,극장판 주술회전: 시부야사변 X 사멸회유,2025-12-03,4.7,0.1,1084,549000,3751849400,51,369843
20260406,20261526,아이엠스타!X프리파라 더 무비 -만남의 기적!-,2026-02-04,4.2,0.1,1087,425600,920407500,46,88455
20260406,20262653,마법 숲 동물 친구들 대모험,2026-04-01,1.7,0.2,2552,430500,13419800,44,1442
20260406,20262430,왜(歪): 더 카르텔,2026-03-25,3.2,0.1,1110,315500,33422600,36,3542
20260406,20060033,오만과 편견,2006-03-24,2.2,0.1,1383,310000,5799211800,31,910801
20260406,19980001,미술관 옆 동물원,1998-12-19,42.3,0.0,52,198000,1969000,22,220
20260406,20261437,녹나무의 파수꾼,2026-03-18,2.5,0.0,611,139000,91844340,15,9746
20260406,19980157,위대한 유산,1998-06-13,19.0,0.0,58,77000,417000,11,42
20260406,20258709,좀비 랜드 사가: 유메긴가 파라다이스,2026-03-04,16.7,0.0,60,94000,111058230,10,9489
20260406,20241266,휴민트,2026-02-11,2.2,0.0,447,76300,19997351360,10,1981573
20260406,20262718,붉은 10월의 반란 파트 1,2026-04-03,5.6,0.0,179,60000,1411000,10,185
20260406,19990070,인정사정 볼 것 없다,1999-07-31,7.5,0.0,94,80000,5582200,7,624
20260406,20258484,"미스터김, 영화관에 가다",2026-02-19,1.2,0.0,598,55800,9523708,7,1195
20260406,20060284,라디오 스타,2006-09-28,5.3,0.0,94,58000,9862819800,5,1590885
20260406,20254602,씨너스: 죄인들,2025-05-28,3.3,0.0,151,50000,1159511640,5,100353
20260406,20250604,극장판 엉덩이 탐정: 스타 앤드 문,2026-02-07,10.0,0.0,40,28000,462437300,4,57550
20260406,20256396,아바타: 불과 재,2025-12-17,37.5,0.0,8,42000,78912474360,3,6744600
20260406,20250181,영화 러브 라이브! 니지가사키 학원 스쿨 아이돌 동호회 완결편 제2장,2026-02-18,1.8,0.0,170,28500,99173910,3,9488
20260406,20250840,바다 탐험대 옥토넛 어보브 앤 비욘드 : 육지생물 구조작전,2026-02-12,5.0,0.0,40,16000,321112200,2,33373
20260406,20261745,금지된 서비스 : 유부녀 카렌의 음란한 타협,2026-04-06,0.7,0.0,146,6000,6000,1,1
20260406,20261725,불륜으로 이어진 섹스 파트너,2026-04-06,0.7,0.0,146,6000,6000,1,1
20260406,20256603,"형수님, 한 번만 넣을게요",2026-04-06,0.7,0.0,146,6000,6000,1,1
20260406,20240157,나를 진정한 남자로 성장시켜준 친구엄마,2026-04-06,0.5,0.0,194,1000,1000,1,1
20260406,20249391,새엄마 히로코짱과 마지막에 한번만 더 사랑하고,2026-04-06,1.1,0.0,91,1000,1000,1,1
20260406,20240159,새엄마가 연습상대로 내몸을 요구하다,2026-04-06,0.7,0.0,140,1000,1000,1,1
20260406,20252225,새엄마를 무한절정으로 보내다,2026-04-06,0.5,0.0,195,1000,1000,1,1
20260406,20252393,쉴틈없는 추격애무로 나를 말려놓는 새엄마,2026-04-06,1.1,0.0,91,1000,1000,1,1
20260406,20240160,아빠는 야근이라며 천천히 하라는 새엄마,2026-04-06,0.7,0.0,140,1000,1000,1,1
20260406,20252195,아침부터 새엄마의 기승위에 당하다,2026-04-06,0.7,0.0,140,1000,1000,1,1
20260406,20252204,알바유부녀를 내침대에서 벗기다,2026-04-06,0.5,0.0,195,1000,1000,1,1
20260406,20249392,치한전철  치욕이 좋아,2026-04-06,1.1,0.0,91,1000,1000,1,1
20260406,20252394,한달에 한번 나의 침대에 새엄마,2026-04-06,0.5,0.0,194,1000,1000,1,1
20260406,20081287,개그맨,1989-06-24,0.0,0.0,212,0,1057000,0,182
20260406,19900047,"나의 사랑, 나의 신부",1990-12-29,0.0,0.0,212,0,2940500,0,384
20260406,19930032,첫사랑,1993-01-22,0.0,0.0,212,0,920000,0,148
20260406,20050216,형사 Duelist,2005-09-08,0.0,0.0,212,0,5850686600,0,922698
20260405,20253101,극장판 진격의 거인 완결편 더 라스트 어택,2025-03-13,14.8,0.6,11065,19584100,10731287870,1638,1028881
20260405,20247457,신의악단,2025-12-31,44.3,0.2,3189,12663500,13764114650,1411,1445711
20260405,20262291,뮤지컬 장수탕 선녀님,2026-03-26,10.3,0.7,13092,13288000,121215080,1344,12374
20260405,20261694,투어스 브이알 콘서트 : 러쉬로드,2026-03-04,93.3,0.1,1368,40832000,1067207500,1276,33466
20260405,20262463,오피셜히게단디즘 라이브 앳 스타디움 2025,2026-04-02,10.3,0.6,12067,31149500,188453500,1246,7546
20260405,19970100,첨밀밀,1997-03-01,6.2,0.6,12505,9080900,225376500,777,22127
20260405,20262327,특별편집판 기동전사 건담 철혈의 오펀스 우르드 헌트 -작은 도전자의 궤적-,2026-04-04,3.0,0.8,15117,4879500,18903700,459,1796
20260405,20262653,마법 숲 동물 친구들 대모험,2026-04-01,3.8,0.5,10284,3713100,12989300,393,1398
20260405,20223278,극장판 주술회전 0,2022-02-17,31.9,0.1,1164,4099700,7317739328,371,732653
20260405,20256757,극장판 체인소 맨: 레제편,2025-09-24,5.9,0.3,5338,3538000,36327472000,316,3454938
20260405,20262661,스크림 7,2026-04-01,3.3,0.4,8660,3457200,26438800,282,2300
20260405,20257521,프로텍터,2026-03-25,4.8,0.3,5529,2219000,203117160,267,24282
20260405,20250365,햄넷,2026-02-25,16.8,0.1,1580,2377100,623991670,265,64976
20260405,20138661,케이온,2013-06-13,9.6,0.1,2561,2895900,391680331,246,40395
20260405,20257658,극장판 주술회전: 회옥·옥절,2025-10-16,22.2,0.0,911,2272300,2361102610,202,237215
20260405,20261526,아이엠스타!X프리파라 더 무비 -만남의 기적!-,2026-02-04,13.5,0.1,1462,2136300,919981900,198,88409
20260405,20232662,삼악도,2026-03-11,3.7,0.2,4062,1595150,859532400,150,93034
20260405,20254602,씨너스: 죄인들,2025-05-28,15.5,0.0,725,1044000,1159461640,112,100348
20260405,20258739,극장판 주술회전: 시부야사변 X 사멸회유,2025-12-03,10.5,0.0,990,1196320,3751300400,104,369792
20260405,20241575,메소드연기,2026-03-18,4.8,0.1,2124,935250,566100780,101,61323
20260405,20262430,왜(歪): 더 카르텔,2026-03-25,4.3,0.1,1422,584000,33107100,61,3506
20260405,20060033,오만과 편견,2006-03-24,4.5,0.1,1327,646000,5798901800,60,910770
20260405,20184621,엑시트,2019-07-31,84.8,0.0,59,550000,79260774062,50,9429024
20260405,20256397,원 배틀 애프터 어나더,2025-10-01,13.8,0.0,246,349100,5823998820,34,547055
20260405,20261437,녹나무의 파수꾼,2026-03-18,8.1,0.0,395,304500,91705340,32,9731
20260405,20126091,관상,2013-09-11,40.8,0.0,76,321000,66008438000,31,9135579
20260405,20241266,휴민트,2026-02-11,4.5,0.0,695,292600,19997275060,31,1981563
20260405,20060284,라디오 스타,2006-09-28,25.5,0.0,94,285000,9862761800,24,1590880
20260405,20258709,좀비 랜드 사가: 유메긴가 파라다이스,2026-03-04,19.5,0.0,87,173500,110964230,17,9479
20260405,20250840,바다 탐험대 옥토넛 어보브 앤 비욘드 : 육지생물 구조작전,2026-02-12,10.6,0.0,160,133000,321096200,17,33371
20260405,20080691,고래사냥,1984-03-31,17.0,0.0,94,168600,4614200,16,505
20260405,20257100,산양들,2026-07-29,15.3,0.0,72,117000,137000,11,13
20260405,20250299,고고다이노 극장판: 곤충세계 대모험,2026-01-14,6.7,0.0,150,79000,376143800,10,42068
20260405,20258444,브라이드!,2026-03-04,1.7,0.0,413,44000,251407590,7,24451
20260405,19980157,위대한 유산,1998-06-13,10.3,0.0,58,68000,340000,6,31
20260405,20256396,아바타: 불과 재,2025-12-17,62.5,0.0,8,65000,78912432360,5,6744597
20260405,20257744,28년 후: 뼈의 사원,2026-02-27,5.9,0.0,51,33000,436756640,3,40986
20260405,20249255,만약에 우리,2025-12-31,4.8,0.0,62,28000,25508767320,3,2602678
20260405,20261150,점보,2026-02-18,3.9,0.0,77,21000,462873540,3,52549
20260405,20250181,영화 러브 라이브! 니지가사키 학원 스쿨 아이돌 동호회 완결편 제2장,2026-02-18,1.2,0.0,170,29100,99145410,2,9485
20260405,20250604,극장판 엉덩이 탐정: 스타 앤드 문,2026-02-07,5.0,0.0,40,14000,462409300,2,57546
20260405,20252432,주토피아 2,2025-11-26,2.4,0.0,41,16000,82879275200,1,8611229
20260405,20258484,"미스터김, 영화관에 가다",2026-02-19,2.8,0.0,36,6000,9467908,1,1188
20260404,20253101,극장판 진격의 거인 완결편 더 라스트 어택,2025-03-13,19.7,0.5,10863,26261100,10711703770,2138,1027243
20260404,20262291,뮤지컬 장수탕 선녀님,2026-03-26,12.8,0.6,13210,16808000,107927080,1693,11030
20260404,20262463,오피셜히게단디즘 라이브 앳 스타디움 2025,2026-04-02,13.0,0.6,12931,41873000,157304000,1681,6300
20260404,20262327,특별편집판 기동전사 건담 철혈의 오펀스 우르드 헌트 -작은 도전자의 궤적-,2026-04-04,6.6,1.0,20149,14024200,14024200,1337,1337
20260404,20261694,투어스 브이알 콘서트 : 러쉬로드,2026-03-04,97.1,0.1,1368,42496000,1026375500,1328,32190
20260404,19970100,첨밀밀,1997-03-01,7.1,0.6,12331,9982600,216295600,871,21350
20260404,20262653,마법 숲 동물 친구들 대모험,2026-04-01,5.2,0.6,11516,5729900,9276200,604,1005
20260404,20223278,극장판 주술회전 0,2022-02-17,37.1,0.1,1218,5171770,7313639628,452,732282
20260404,20250365,햄넷,2026-02-25,14.6,0.1,2313,3483550,621614570,338,64711
20260404,20262661,스크림 7,2026-04-01,3.3,0.5,10144,3941000,22981600,333,2018
20260404,20247457,신의악단,2025-12-31,21.3,0.1,1566,3002950,13751451150,333,1444300
20260404,20256757,극장판 체인소 맨: 레제편,2025-09-24,4.8,0.3,6405,3428700,36323934000,304,3454622
20260404,20257658,극장판 주술회전: 회옥·옥절,2025-10-16,25.5,0.1,1138,3494700,2358830310,290,237013
20260404,20241575,메소드연기,2026-03-18,10.1,0.1,2877,3243850,565165530,290,61222
20260404,20257521,프로텍터,2026-03-25,4.6,0.3,5867,2402750,200898160,272,24015
20260404,20232662,삼악도,2026-03-11,6.5,0.2,3443,2471450,857937250,222,92884
20260404,20261526,아이엠스타!X프리파라 더 무비 -만남의 기적!-,2026-02-04,10.8,0.1,1857,2194200,917845600,201,88211
20260404,20138661,케이온,2013-06-13,8.6,0.1,2274,2341300,388784431,196,40149
20260404,20262430,왜(歪): 더 카르텔,2026-03-25,14.1,0.0,985,1385400,32523100,139,3445
20260404,20258739,극장판 주술회전: 시부야사변 X 사멸회유,2025-12-03,9.9,0.1,1262,1428170,3750104080,125,369688
20260404,20254602,씨너스: 죄인들,2025-05-28,20.6,0.0,344,657500,1158417640,71,100236
20260404,20060033,오만과 편견,2006-03-24,4.2,0.1,1375,641000,5798255800,57,910710
20260404,20256397,원 배틀 애프터 어나더,2025-10-01,8.0,0.0,589,417500,5823649720,47,547021
20260404,20060284,라디오 스타,2006-09-28,72.9,0.0,59,466000,9862476800,43,1590856
20260404,20258709,좀비 랜드 사가: 유메긴가 파라다이스,2026-03-04,29.9,0.0,87,285500,110790730,26,9462
20260404,20241266,휴민트,2026-02-11,2.5,0.0,1042,230350,19996982460,26,1981532
20260404,20261437,녹나무의 파수꾼,2026-03-18,4.4,0.0,481,186000,91400840,21,9699
20260404,19980001,미술관 옆 동물원,1998-12-19,36.0,0.0,50,162000,1771000,18,198
20260404,19880070,칠수와 만수,1988-11-26,17.0,0.0,94,165000,1228800,16,370
20260404,19800068,바람불어 좋은 날,1980-11-27,14.9,0.0,94,113500,3067500,14,1067
20260404,20252432,주토피아 2,2025-11-26,24.4,0.0,41,103000,82879259200,10,8611228
20260404,19990070,인정사정 볼 것 없다,1999-07-31,9.6,0.0,94,106000,5502200,9,617
20260404,20250840,바다 탐험대 옥토넛 어보브 앤 비욘드 : 육지생물 구조작전,2026-02-12,11.3,0.0,80,73000,320963200,9,33354
20260404,20250299,고고다이노 극장판: 곤충세계 대모험,2026-01-14,7.3,0.0,110,61000,376064800,8,42058
20260404,20256396,아바타: 불과 재,2025-12-17,62.5,0.0,8,55000,78912367360,5,6744592
20260404,20261905,우주 수호대: 하하하 행성의 대모험,2026-03-13,4.6,0.0,110,38000,19692500,5,2778
20260404,19980157,위대한 유산,1998-06-13,4.4,0.0,92,48000,272000,4,25
20260404,20249255,만약에 우리,2025-12-31,6.5,0.0,62,44000,25508739320,4,2602675
20260404,20250181,영화 러브 라이브! 니지가사키 학원 스쿨 아이돌 동호회 완결편 제2장,2026-02-18,1.8,0.0,170,37000,99116310,3,9483
20260404,20246777,더 폴: 디렉터스 컷,2024-12-25,6.3,0.0,32,20000,1966866400,2,190349
20260404,20258444,브라이드!,2026-03-04,6.3,0.0,32,20000,251363590,2,24444
20260404,20250604,극장판 엉덩이 탐정: 스타 앤드 문,2026-02-07,5.0,0.0,40,15000,462395300,2,57544
20260404,20258484,"미스터김, 영화관에 가다",2026-02-19,5.6,0.0,36,11000,9461908,2,1187
20260404,20227374,바빌론,2023-02-01,2.4,0.0,42,11000,2188341905,1,217028
20260404,20252373,넘버원,2026-02-11,1.8,0.0,55,5000,2683558020,1,279909
20260403,19970100,첨밀밀,1997-03-01,4.9,1.1,19100,11078100,206313000,938,20479
20260403,20261694,투어스 브이알 콘서트 : 러쉬로드,2026-03-04,76.2,0.1,1216,29632000,983879500,926,30862
20260403,20226489,리바운드,2023-04-05,4.6,1.0,18379,8974870,6720537618,837,701044
20260403,20223278,극장판 주술회전 0,2022-02-17,39.8,0.1,1639,7423300,7308467858,652,731830
20260403,20262661,스크림 7,2026-04-01,3.0,1.0,17123,6096500,19040600,512,1685
20260403,20247457,신의악단,2025-12-31,27.1,0.1,1769,5501000,13748448200,480,1443967
20260403,20256757,극장판 체인소 맨: 레제편,2025-09-24,4.6,0.6,9993,5268800,36320505300,456,3454318
20260403,20257658,극장판 주술회전: 회옥·옥절,2025-10-16,28.8,0.1,1223,4337940,2355335610,352,236723
20260403,20257521,프로텍터,2026-03-25,5.5,0.3,5331,2449850,198495410,291,23743
20260403,20254121,살목지,2026-04-08,87.7,0.0,308,2160000,112504700,270,11098
20260403,20262291,뮤지컬 장수탕 선녀님,2026-03-26,4.2,0.3,5230,2140000,91119080,222,9337
20260403,20250365,햄넷,2026-02-25,7.9,0.1,2431,1905000,618131020,193,64373
20260403,20138661,케이온,2013-06-13,5.9,0.2,3003,2251900,386443131,178,39953
20260403,20258739,극장판 주술회전: 시부야사변 X 사멸회유,2025-12-03,16.0,0.1,1110,2084900,3748675910,178,369563
20260403,20262718,붉은 10월의 반란 파트 1,2026-04-03,12.7,0.1,1383,1351000,1351000,175,175
20260403,20241575,메소드연기,2026-03-18,7.4,0.1,1822,1050950,561921680,135,60932
20260403,20261526,아이엠스타!X프리파라 더 무비 -만남의 기적!-,2026-02-04,7.6,0.1,1734,1514500,915651400,132,88010
20260403,20232662,삼악도,2026-03-11,3.6,0.2,3661,1382700,855465800,130,92662
20260403,20254602,씨너스: 죄인들,2025-05-28,11.4,0.0,946,1123900,1157760140,108,100165
20260403,20261181,너자 2,2026-02-25,44.4,0.0,169,878000,542256150,75,65783
20260403,20262430,왜(歪): 더 카르텔,2026-03-25,4.7,0.1,1342,636900,31137700,63,3306
20260403,20262653,마법 숲 동물 친구들 대모험,2026-04-01,1.3,0.2,3582,459300,3546300,47,401
20260403,20060033,오만과 편견,2006-03-24,2.0,0.1,1726,398800,5797614800,34,910653
20260403,20261437,녹나무의 파수꾼,2026-03-18,4.4,0.0,667,258500,91214840,29,9678
20260403,20256397,원 배틀 애프터 어나더,2025-10-01,8.8,0.0,308,305500,5823232220,27,546974
20260403,20241266,휴민트,2026-02-11,2.5,0.0,726,164000,19996752110,18,1981506
20260403,20258709,좀비 랜드 사가: 유메긴가 파라다이스,2026-03-04,14.9,0.0,87,143000,110505230,13,9436
20260403,19980001,미술관 옆 동물원,1998-12-19,17.3,0.0,52,81000,1609000,9,180
20260403,20060284,라디오 스타,2006-09-28,8.5,0.0,94,101500,9862010800,8,1590813
20260403,20256396,아바타: 불과 재,2025-12-17,87.5,0.0,8,105000,78912312360,7,6744587
20260403,19980157,위대한 유산,1998-06-13,6.0,0.0,116,84000,224000,7,21
20260403,19990070,인정사정 볼 것 없다,1999-07-31,7.5,0.0,94,64000,5396200,7,608
20260403,20250181,영화 러브 라이브! 니지가사키 학원 스쿨 아이돌 동호회 완결편 제2장,2026-02-18,2.7,0.0,113,33000,99079310,3,9480
20260403,20250839,영원,2026-02-04,5.1,0.0,59,30000,162969400,3,17528
20260403,20113535,부러진 화살,2012-01-18,2.1,0.0,94,20000,25938515113,2,3460373
20260403,20258444,브라이드!,2026-03-04,6.3,0.0,32,20000,251343590,2,24442
20260403,20257823,폭풍의 언덕,2026-02-11,3.3,0.0,30,8000,613844210,1,61729
20260403,20258484,"미스터김, 영화관에 가다",2026-02-19,1.9,0.0,52,7000,9450908,1,1185
20260403,20262656,아버님의 젖가슴 상담 무삭제판,2026-04-03,0.7,0.0,146,6000,6000,1,1
20260402,20253101,극장판 진격의 거인 완결편 더 라스트 어택,2025-03-13,6.5,0.7,11174,8624000,10671268570,724,1023995
20260402,20261694,투어스 브이알 콘서트 : 러쉬로드,2026-03-04,57.9,0.1,1216,22528000,954247500,704,29936
20260402,20241575,메소드연기,2026-03-18,18.4,0.2,2816,4874700,560870730,517,60797
20260402,20256757,극장판 체인소 맨: 레제편,2025-09-24,4.5,0.6,9365,4471200,36315236500,422,3453862
20260402,20262661,스크림 7,2026-04-01,2.6,0.9,14450,4162200,12944100,379,1173
20260402,20262343,크라임 101,2026-04-08,100.0,0.0,378,6426000,7632000,378,512
20260402,20262291,뮤지컬 장수탕 선녀님,2026-03-26,4.1,0.4,5850,2377500,88979080,240,9115
20260402,20138661,케이온,2013-06-13,6.3,0.2,3153,2307400,384191231,199,39775
20260402,20257521,프로텍터,2026-03-25,3.8,0.3,4959,1579000,196045560,188,23452
20260402,20262430,왜(歪): 더 카르텔,2026-03-25,10.6,0.1,1655,1653500,30500800,176,3243
20260402,20250365,햄넷,2026-02-25,10.7,0.1,1411,1488550,616226020,151,64180
20260402,20247457,신의악단,2025-12-31,7.0,0.1,1656,892000,13742947200,116,1443487
20260402,20232662,삼악도,2026-03-11,3.0,0.2,3411,1108850,854083100,102,92532
20260402,20188462,감쪽같은 그녀,2019-12-04,60.6,0.0,165,600000,3603315790,100,470809
20260402,20241266,휴민트,2026-02-11,7.8,0.1,1106,833300,19996588110,86,1981488
20260402,20261526,아이엠스타!X프리파라 더 무비 -만남의 기적!-,2026-02-04,6.7,0.1,1250,890000,914136900,84,87878
20260402,20254602,씨너스: 죄인들,2025-05-28,9.4,0.0,575,579200,1156636240,54,100057
20260402,20261181,너자 2,2026-02-25,15.6,0.0,326,612000,541378150,51,65708
20260402,20262653,마법 숲 동물 친구들 대모험,2026-04-01,1.9,0.2,2648,409500,3087000,50,354
20260402,20060033,오만과 편견,2006-03-24,3.8,0.1,1218,442000,5797216000,46,910619
20260402,20256397,원 배틀 애프터 어나더,2025-10-01,4.7,0.0,679,247000,5822926720,32,546947
20260402,20261437,녹나무의 파수꾼,2026-03-18,3.0,0.0,533,148000,90956340,16,9649
20260402,19980001,미술관 옆 동물원,1998-12-19,12.0,0.0,100,108000,1528000,12,171
20260402,19990070,인정사정 볼 것 없다,1999-07-31,9.6,0.0,94,118000,5332200,9,601
20260402,20060284,라디오 스타,2006-09-28,7.5,0.0,94,77000,9861909300,7,1590805
20260402,19980157,위대한 유산,1998-06-13,7.6,0.0,92,70000,140000,7,14
20260402,20258709,좀비 랜드 사가: 유메긴가 파라다이스,2026-03-04,10.0,0.0,60,42000,110362230,6,9423
20260402,20258484,"미스터김, 영화관에 가다",2026-02-19,0.4,0.0,856,20000,9443908,3,1184
20260402,20256396,아바타: 불과 재,2025-12-17,25.0,0.0,8,28000,78912207360,2,6744580
20260402,20258444,브라이드!,2026-03-04,0.5,0.0,413,10000,251323590,2,24440
20260402,20250181,영화 러브 라이브! 니지가사키 학원 스쿨 아이돌 동호회 완결편 제2장,2026-02-18,0.9,0.0,113,10000,99046310,1,9477
20260402,20257744,28년 후: 뼈의 사원,2026-02-27,2.0,0.0,49,8500,436723640,1,40983
20260415,20254121,살목지,2026-04-08,10.4,36.6,660350,693399620,9645083300,68743,931059
20260415,20261782,프로젝트 헤일메리,2026-03-18,6.0,19.8,355894,235913980,23761760010,21338,2108155
20260415,20242837,왕과 사는 남자,2026-02-04,8.6,13.2,237025,184510230,158923047440,20422,16465304
20260415,20262383,쉘터,2026-04-15,11.0,1.9,34498,25533300,25533300,3789,3789
20260415,20249507,극장판 하이큐!! 쓰레기장의 결전,2024-05-15,8.1,1.6,28956,29562600,7675507067,2336,748321
20260415,19980231,트루먼 쇼,1998-10-24,9.8,1.2,21414,22443050,167480550,2101,22092
20260415,20259773,슈퍼 마리오 갤럭시,2026-04-29,98.8,0.1,1338,18286000,18286000,1322,1322
20260415,20247490,누룩,2026-04-15,12.0,0.6,9887,8322400,12488400,1190,1652
20260415,20192680,끝장수사,2026-04-02,10.1,0.4,6324,5433700,793386350,641,85830
20260415,20253289,극장판 귀멸의 칼날: 무한성편,2025-08-22,6.2,0.5,8548,5916000,62743607150,528,5804232
20260414,20254121,살목지,2026-04-08,10.5,36.8,616594,655595720,8951683680,64686,862316
20260414,20242837,왕과 사는 남자,2026-02-04,7.1,19.9,334271,215149460,158738537210,23854,16444882
20260414,20261782,프로젝트 헤일메리,2026-03-18,5.1,24.5,410519,238224110,23525846030,21035,2086817
20260414,20262343,크라임 101,2026-04-08,5.0,2.2,37246,10339850,125301070,1878,17746
20260414,20261666,네가 마지막으로 남긴 노래,2026-04-01,4.1,2.1,35566,12706270,793005470,1472,78787
20260414,20192680,끝장수사,2026-04-02,3.2,2.0,34405,9973500,787952650,1107,85189
20260414,20253289,극장판 귀멸의 칼날: 무한성편,2025-08-22,6.2,0.9,15295,12356000,62737691150,949,5803704
20260414,20261906,명탐정 코난: 세기말의 마술사,2026-03-27,3.0,1.0,17424,5209000,959954200,521,93265
20260414,20262101,킬 빌: 더 홀 블러디 어페어,2026-04-01,5.9,0.4,6789,7206500,344342300,399,17380
20260414,20256283,호퍼스,2026-03-04,3.5,0.5,8847,3030450,7446068350,313,754704
20260413,20254121,살목지,2026-04-08,12.0,36.5,613343,752287270,8296087960,73629,797630
20260413,20242837,왕과 사는 남자,2026-02-04,7.0,20.2,339706,224412330,158523387750,23806,16421028
20260413,20261782,프로젝트 헤일메리,2026-03-18,5.6,25.2,424456,266329670,23287621920,23672,2065782
20260413,20262343,크라임 101,2026-04-08,3.7,2.1,34960,8075580,114961220,1299,15868
20260413,20261666,네가 마지막으로 남긴 노래,2026-04-01,3.5,1.9,31984,10060050,780299200,1115,77315
20260413,20192680,끝장수사,2026-04-02,3.4,1.9,31947,9610670,777979150,1070,84082
20260413,20253289,극장판 귀멸의 칼날: 무한성편,2025-08-22,6.3,0.9,14795,11723500,62725335150,928,5802755
20260413,20261906,명탐정 코난: 세기말의 마술사,2026-03-27,3.5,1.0,17156,5879750,954745200,599,92744
20260413,20262101,킬 빌: 더 홀 블러디 어페어,2026-04-01,6.7,0.4,6930,8416700,337135800,464,16981
20260413,20256283,호퍼스,2026-03-04,4.0,0.5,8553,3581850,7443037900,345,754391
20260412,20254121,살목지,2026-04-08,28.0,34.6,705525,2064364090,7543800690,197669,724001
20260412,20261782,프로젝트 헤일메리,2026-03-18,18.9,25.2,514606,1072023060,23021292250,97319,2042110
20260412,20242837,왕과 사는 남자,2026-02-04,16.7,19.3,394119,658868480,158298975420,65969,16397222
20260412,20256283,호퍼스,2026-03-04,13.2,2.2,43987,59100600,7439456050,5824,754046
20260412,20253289,극장판 귀멸의 칼날: 무한성편,2025-08-22,26.9,0.9,18033,62355400,62713611650,4846,5801827
20260412,20261666,네가 마지막으로 남긴 노래,2026-04-01,9.2,1.8,36494,34035690,770239150,3342,76200
20260412,20261906,명탐정 코난: 세기말의 마술사,2026-03-27,13.1,1.0,19996,27130900,948865450,2623,92145
20260412,20262343,크라임 101,2026-04-08,6.3,2.1,41980,18693220,106885640,2623,14569
20260412,20192680,끝장수사,2026-04-02,5.9,1.8,36873,20524000,768368480,2172,83012
20260412,20261694,투어스 브이알 콘서트 : 러쉬로드,2026-03-04,99.4,0.1,1368,43520000,1277031500,1360,40023
20260411,20254121,살목지,2026-04-08,31.4,34.4,722178,2379280370,5479436600,226983,526332
20260411,20261782,프로젝트 헤일메리,2026-03-18,22.8,25.3,532530,1342573330,21949269190,121246,1944791
20260411,20242837,왕과 사는 남자,2026-02-04,17.0,19.8,415775,713738900,157640106940,70653,16331253
20260411,20256283,호퍼스,2026-03-04,13.5,2.0,42529,57027450,7380355450,5725,748222
20260411,20253289,극장판 귀멸의 칼날: 무한성편,2025-08-22,28.1,0.9,19430,71631500,62651256250,5467,5796981
20260411,20261666,네가 마지막으로 남긴 노래,2026-04-01,9.6,1.8,37044,36237950,736203460,3544,72858
20260411,20262343,크라임 101,2026-04-08,8.1,2.0,41604,24338670,88192420,3351,11946
20260411,20192680,끝장수사,2026-04-02,6.6,1.9,40336,25826650,747844480,2655,80840
20260411,20261906,명탐정 코난: 세기말의 마술사,2026-03-27,13.1,0.9,19152,26110950,921734550,2517,89522
20260411,20262101,킬 빌: 더 홀 블러디 어페어,2026-04-01,17.1,0.4,8060,27214900,311684300,1379,15704
20260410,20254121,살목지,2026-04-08,18.0,32.4,619893,1181170280,3100156230,111766,299349
20260410,20261782,프로젝트 헤일메리,2026-03-18,11.6,25.4,485874,642763830,20606695860,56387,1823545
20260410,20242837,왕과 사는 남자,2026-02-04,9.4,21.4,409153,380872970,156926368040,38623,16260600
20260410,20192680,끝장수사,2026-04-02,5.0,2.6,50700,23663600,722017830,2544,78185
20260410,20261666,네가 마지막으로 남긴 노래,2026-04-01,5.4,2.4,46200,23589460,699965510,2499,69314
20260410,20262343,크라임 101,2026-04-08,4.7,2.7,51087,17704430,63853750,2409,8595
20260410,20253289,극장판 귀멸의 칼날: 무한성편,2025-08-22,10.9,1.0,18677,27713000,62579624750,2039,5791514
20260410,20261906,명탐정 코난: 세기말의 마술사,2026-03-27,6.7,1.2,22088,14605350,895623600,1474,87005
20260410,20241941,좀비딸,2025-07-30,88.4,0.1,1333,10602000,53149934990,1178,5641601
20260410,20261694,투어스 브이알 콘서트 : 러쉬로드,2026-03-04,89.7,0.1,1216,34912000,1190087500,1091,37306
20260409,20254121,살목지,2026-04-08,13.6,29.5,521715,713827430,1918985950,70759,187583
20260409,20261782,프로젝트 헤일메리,2026-03-18,7.6,25.3,447536,373716480,19963932030,33951,1767158
20260409,20242837,왕과 사는 남자,2026-02-04,8.3,22.5,396831,302668130,156545495070,32842,16221977
20260409,20192680,끝장수사,2026-04-02,4.8,3.2,56588,24555920,698354230,2734,75641
20260409,20262343,크라임 101,2026-04-08,4.5,2.7,48250,15062860,46149320,2161,6186
20260409,20261666,네가 마지막으로 남긴 노래,2026-04-01,4.6,2.6,46356,19102200,676376050,2143,66815
20260409,20261906,명탐정 코난: 세기말의 마술사,2026-03-27,8.1,1.2,20776,15312450,881018250,1681,85531
20260409,20253289,극장판 귀멸의 칼날: 무한성편,2025-08-22,7.2,1.0,17903,16849000,62551911750,1297,5789475
20260409,20261694,투어스 브이알 콘서트 : 러쉬로드,2026-03-04,66.3,0.1,1216,25792000,1155175500,806,36215
20260409,20256283,호퍼스,2026-03-04,7.1,0.6,10207,6706900,7315050200,727,741637
20260415,20262343,크라임 101,2026-04-08,3.9,0.7,12134,3220900,128521970,476,18222
20260415,20262741,르세라핌 브이알 콘서트 : 인비테이션,2026-04-15,55.4,0.0,790,14450500,14450500,438,438
20260415,20262541,빨간 나라를 보았니,2026-04-15,9.8,0.2,3979,4543450,5365450,391,470
20260415,20173436,셰이프 오브 워터: 사랑의 모양,2018-02-22,3.5,0.5,9673,3856700,4242525050,340,509413
20260415,20261906,명탐정 코난: 세기말의 마술사,2026-03-27,4.1,0.4,6332,2528600,962482800,259,93524
20260415,20256283,호퍼스,2026-03-04,10.3,0.1,2449,2158800,7448227150,251,754955
20260415,20261666,네가 마지막으로 남긴 노래,2026-04-01,5.2,0.2,3843,1933120,794938590,200,78987
20260415,20250586,주희에게,2026-04-15,16.4,0.0,946,1228000,12881000,155,1436
20260415,20138661,케이온,2013-06-13,11.3,0.1,1222,1446900,407028381,138,41838
20260415,20262291,뮤지컬 장수탕 선녀님,2026-03-26,45.2,0.0,294,1070000,148491580,133,15229
20260415,20262101,킬 빌: 더 홀 블러디 어페어,2026-04-01,3.7,0.2,3135,2260600,346602900,117,17497
20260415,20226489,리바운드,2023-04-05,69.9,0.0,163,618000,6789672688,114,707388
20260415,20262463,오피셜히게단디즘 라이브 앳 스타디움 2025,2026-04-02,2.6,0.2,3243,2100000,289134500,84,11575
20260415,20253101,극장판 진격의 거인 완결편 더 라스트 어택,2025-03-13,7.0,0.1,1017,933400,10755720210,71,1030916
20260415,20262430,왜(歪): 더 카르텔,2026-03-25,83.1,0.0,71,413000,37478100,59,3985
20260415,20124079,"광해, 왕이 된 남자",2012-09-13,19.9,0.0,277,462500,88913745969,55,12324117
20260415,20262327,특별편집판 기동전사 건담 철혈의 오펀스 우르드 헌트 -작은 도전자의 궤적-,2026-04-04,1.7,0.2,3003,471850,34817600,51,3405
20260415,20126091,관상,2013-09-11,17.0,0.0,277,409500,66008847500,47,9135626
20260415,20250365,햄넷,2026-02-25,9.9,0.0,455,409000,637454030,45,66401
20260415,20241575,메소드연기,2026-03-18,40.4,0.0,94,231000,578272130,38,62428
20260415,20250840,바다 탐험대 옥토넛 어보브 앤 비욘드 : 육지생물 구조작전,2026-02-12,80.5,0.0,41,198000,321656200,33,33460
20260415,20250299,고고다이노 극장판: 곤충세계 대모험,2026-01-14,65.0,0.0,40,182000,376389800,26,42102
20260415,20108725,마리솔의 리틀 앤젤스,1971-07-24,9.1,0.0,286,52000,1044000,26,522
20260415,19970100,첨밀밀,1997-03-01,5.0,0.0,383,212000,249720350,19,24444
20260415,20247457,신의악단,2025-12-31,4.0,0.0,404,149500,13777317230,16,1447165
20260415,20232662,삼악도,2026-03-11,5.6,0.0,197,124000,862192500,11,93277
20260415,20256757,극장판 체인소 맨: 레제편,2025-09-24,4.7,0.0,170,84500,36332915900,8,3455433
20260415,20167904,라라랜드,2016-12-07,20.0,0.0,40,80000,31490403978,8,3801801
20260415,19980157,위대한 유산,1998-06-13,12.1,0.0,58,66000,1006000,7,99
20260415,20262639,노멀,2026-04-17,8.3,0.0,72,58000,3726000,6,530
20260415,20262622,뱅: 킬러 리턴즈,2026-04-09,6.0,0.0,84,30000,747000,5,93
20260415,20211261,귀멸의 칼날: 나타구모산 편,2021-11-17,1.8,0.0,170,30000,448720570,3,47097
20260415,20060284,라디오 스타,2006-09-28,1.1,0.0,94,14000,9863284600,1,1590927
20260415,20262653,마법 숲 동물 친구들 대모험,2026-04-01,0.8,0.0,132,7000,18626200,1,1977
20260415,20257521,프로텍터,2026-03-25,2.1,0.0,48,7000,206405810,1,24680
20260415,20249163,노처녀 상사 아랫도리 달래주기,2026-04-15,1.3,0.0,77,6000,6000,1,1
20260415,20249838,돌싱 친구 엄마 욕정 길들이기,2026-04-15,1.3,0.0,77,6000,6000,1,1
20260415,20240848,맷돌 돌리는 친구 엄마,2026-04-15,3.2,0.0,31,6000,6000,1,1
20260415,20240665,친구 엄마 섹파 만들기,2026-04-15,3.2,0.0,31,6000,6000,1,1
20260414,19970100,첨밀밀,1997-03-01,4.7,0.2,3663,1733750,249508350,171,24425
20260414,20262463,오피셜히게단디즘 라이브 앳 스타디움 2025,2026-04-02,2.3,0.4,7018,3975000,287034500,159,11491
20260414,20108725,마리솔의 리틀 앤젤스,1971-07-24,10.1,0.1,1144,230000,992000,115,496
20260414,20226489,리바운드,2023-04-05,16.7,0.0,659,585000,6789054688,110,707274
20260414,20262327,특별편집판 기동전사 건담 철혈의 오펀스 우르드 헌트 -작은 도전자의 궤적-,2026-04-04,2.1,0.3,5288,1020900,34345750,109,3354
20260414,20261526,아이엠스타!X프리파라 더 무비 -만남의 기적!-,2026-02-04,4.9,0.1,1953,1012200,929261850,95,89301
20260414,20252373,넘버원,2026-02-11,82.7,0.0,98,486000,2684272020,81,280028
20260414,20250586,주희에게,2026-04-15,61.5,0.0,130,720000,11653000,80,1281
20260414,20262710,엔하이픈 : 이머전 인 시네마,2026-04-08,3.4,0.1,2128,1008000,19740000,72,1410
20260414,20138661,케이온,2013-06-13,5.7,0.1,1202,666500,405581481,68,41700
20260414,20250365,햄넷,2026-02-25,6.1,0.1,1078,616100,637045030,66,66356
20260414,20247457,신의악단,2025-12-31,5.1,0.1,1227,636400,13777167730,62,1447149
20260414,20262291,뮤지컬 장수탕 선녀님,2026-03-26,2.8,0.1,2169,585000,147421580,60,15096
20260414,20262430,왜(歪): 더 카르텔,2026-03-25,21.1,0.0,265,495000,37065100,56,3926
20260414,20254602,씨너스: 죄인들,2025-05-28,8.0,0.0,691,496800,1163414140,55,100744
20260414,20167904,라라랜드,2016-12-07,62.5,0.0,40,250000,31490323978,25,3801793
20260414,19980001,미술관 옆 동물원,1998-12-19,24.0,0.0,100,240000,2984000,24,323
20260414,20241575,메소드연기,2026-03-18,17.5,0.0,126,139000,578041130,22,62390
20260414,20257521,프로텍터,2026-03-25,2.7,0.0,696,142100,206398810,19,24679
20260414,20232662,삼악도,2026-03-11,6.0,0.0,282,199350,862068500,17,93266
20260414,20262653,마법 숲 동물 친구들 대모험,2026-04-01,1.5,0.1,1132,143000,18619200,17,1976
20260414,20256757,극장판 체인소 맨: 레제편,2025-09-24,4.1,0.0,221,117000,36332831400,9,3455425
20260414,20211261,귀멸의 칼날: 나타구모산 편,2021-11-17,2.7,0.0,340,86000,448690570,9,47094
20260414,20262661,스크림 7,2026-04-01,1.4,0.0,581,80000,31304850,8,2746
20260414,20258709,좀비 랜드 사가: 유메긴가 파라다이스,2026-03-04,10.0,0.0,60,58500,111775100,6,9566
20260414,19990070,인정사정 볼 것 없다,1999-07-31,5.3,0.0,94,51000,5967800,5,663
20260414,20060033,오만과 편견,2006-03-24,4.4,0.0,92,41000,5800481100,4,910925
20260414,20030272,4월 이야기,2000-04-08,2.6,0.0,152,36000,147332400,4,19000
20260414,20253101,극장판 진격의 거인 완결편 더 라스트 어택,2025-03-13,1.1,0.0,369,33600,10754786810,4,1030845
20260414,20226200,귀멸의 칼날: 아사쿠사 편,2022-08-25,2.4,0.0,170,30000,247665800,4,24554
20260414,20258484,"미스터김, 영화관에 가다",2026-02-19,1.3,0.0,321,27000,9647708,4,1210
20260414,20256396,아바타: 불과 재,2025-12-17,37.5,0.0,8,36600,78912610960,3,6744610
20260414,19980157,위대한 유산,1998-06-13,3.3,0.0,92,26000,940000,3,92
20260414,20210301,귀멸의 칼날: 남매의 연,2021-11-10,1.8,0.0,170,20000,667144240,3,68435
20260414,20226201,귀멸의 칼날: 장구저택 편,2022-09-15,1.8,0.0,170,19000,113408200,3,11969
20260414,20060284,라디오 스타,2006-09-28,2.1,0.0,94,22000,9863270600,2,1590926
20260414,20256397,원 배틀 애프터 어나더,2025-10-01,2.3,0.0,88,21000,5826288420,2,547327
20260414,20261181,너자 2,2026-02-25,0.6,0.0,317,18000,543963650,2,65918
20260414,20249255,만약에 우리,2025-12-31,1.6,0.0,62,7000,25509593820,1,2602761
20260414,20250840,바다 탐험대 옥토넛 어보브 앤 비욘드 : 육지생물 구조작전,2026-02-12,1.4,0.0,70,7000,321458200,1,33427
20260414,20262915,공유마누라-임신까지 각오,2026-04-14,1.2,0.0,83,6000,6000,1,1
20260414,20262932,길에서 주운 동정남 따먹는 아줌마,2026-04-14,1.2,0.0,83,6000,6000,1,1
20260414,20262933,마사지 맛에 활짝 열린 가랑이,2026-04-14,1.2,0.0,83,6000,6000,1,1
20260414,20262910,마사지 받다 삽입까지 허락,2026-04-14,1.2,0.0,83,6000,6000,1,1
20260414,20248657,상사 아내 섹파 만들기,2026-04-14,3.2,0.0,31,6000,6000,1,1
20260414,20248526,시아버지에게 중독된 며느리 5,2026-04-14,1.3,0.0,77,6000,6000,1,1
20260414,20248549,얌전한 여자가 남자에 눈뜰 때,2026-04-14,1.3,0.0,77,6000,6000,1,1
20260414,20249164,출장 중 상사가 다리 벌린 유부녀 사원,2026-04-14,3.2,0.0,31,6000,6000,1,1
20260413,20262463,오피셜히게단디즘 라이브 앳 스타디움 2025,2026-04-02,2.3,0.4,7366,4250000,283059500,170,11332
20260413,20262657,리 크로닌의 미이라,2026-04-22,100.0,0.0,166,1494000,1494000,166,166
20260413,19970100,첨밀밀,1997-03-01,3.1,0.2,4114,1279750,247774600,126,24254
20260413,20250365,햄넷,2026-02-25,8.5,0.1,1034,799250,636428930,88,66290
20260413,20250586,주희에게,2026-04-15,78.4,0.0,102,720000,10933000,80,1201
20260413,20262291,뮤지컬 장수탕 선녀님,2026-03-26,2.9,0.2,2750,746000,146836580,79,15036
20260413,20262327,특별편집판 기동전사 건담 철혈의 오펀스 우르드 헌트 -작은 도전자의 궤적-,2026-04-04,1.5,0.3,4953,678000,33324850,72,3245
20260413,20261526,아이엠스타!X프리파라 더 무비 -만남의 기적!-,2026-02-04,3.4,0.1,1738,628000,928249650,59,89206
20260413,20262710,엔하이픈 : 이머전 인 시네마,2026-04-08,2.5,0.1,2328,798000,18732000,57,1338
20260413,20138661,케이온,2013-06-13,3.9,0.1,1376,551000,404914981,54,41632
20260413,20256397,원 배틀 애프터 어나더,2025-10-01,7.1,0.0,581,298500,5826267420,41,547325
20260413,20247457,신의악단,2025-12-31,4.5,0.0,882,357200,13776531330,40,1447087
20260413,20262430,왜(歪): 더 카르텔,2026-03-25,14.4,0.0,229,337000,36570100,33,3870
20260413,20167904,라라랜드,2016-12-07,77.5,0.0,40,299000,31490073978,31,3801768
20260413,19980001,미술관 옆 동물원,1998-12-19,27.9,0.0,104,290000,2744000,29,299
20260413,20262653,마법 숲 동물 친구들 대모험,2026-04-01,2.1,0.1,1128,232000,18476200,24,1959
20260413,20262661,스크림 7,2026-04-01,3.9,0.0,407,188500,31224850,16,2738
20260413,20253101,극장판 진격의 거인 완결편 더 라스트 어택,2025-03-13,1.5,0.0,897,102500,10754753210,13,1030841
20260413,20257521,프로텍터,2026-03-25,2.6,0.0,507,100000,206256710,13,24660
20260413,20256757,극장판 체인소 맨: 레제편,2025-09-24,10.6,0.0,113,144000,36332714400,12,3455416
20260413,20254602,씨너스: 죄인들,2025-05-28,30.0,0.0,40,120000,1162917340,12,100689
20260413,20211261,귀멸의 칼날: 나타구모산 편,2021-11-17,2.1,0.0,340,63000,448604570,7,47085
20260413,19980157,위대한 유산,1998-06-13,12.1,0.0,58,49000,914000,7,89
20260413,20060033,오만과 편견,2006-03-24,2.2,0.0,272,66000,5800440100,6,910921
20260413,20226489,리바운드,2023-04-05,2.0,0.0,300,55000,6788469688,6,707164
20260413,20256396,아바타: 불과 재,2025-12-17,62.5,0.0,8,70000,78912574360,5,6744607
20260413,20258709,좀비 랜드 사가: 유메긴가 파라다이스,2026-03-04,8.3,0.0,60,55000,111716600,5,9560
20260413,20262622,뱅: 킬러 리턴즈,2026-04-09,5.4,0.0,92,30000,717000,5,88
20260413,19990070,인정사정 볼 것 없다,1999-07-31,4.3,0.0,94,47000,5916800,4,658
20260413,20232662,삼악도,2026-03-11,0.9,0.0,457,44000,861869150,4,93249
20260413,20226200,귀멸의 칼날: 아사쿠사 편,2022-08-25,1.8,0.0,170,30000,247635800,3,24550
20260413,20226201,귀멸의 칼날: 장구저택 편,2022-09-15,1.8,0.0,170,30000,113389200,3,11966
20260413,20210301,귀멸의 칼날: 남매의 연,2021-11-10,1.8,0.0,170,24000,667124240,3,68432
20260413,20249255,만약에 우리,2025-12-31,4.8,0.0,62,20000,25509586820,3,2602760
20260413,20060284,라디오 스타,2006-09-28,2.1,0.0,94,24000,9863248600,2,1590924
20260413,20231895,너는 내 아들,2023-06-28,2.1,0.0,96,16000,196589208,2,22432
20260413,20241266,휴민트,2026-02-11,2.4,0.0,85,10000,19997976360,2,1981660
20260413,20261181,너자 2,2026-02-25,0.6,0.0,166,10000,543945650,1,65916
20260413,20241575,메소드연기,2026-03-18,1.7,0.0,59,7000,577902130,1,62368
20260413,20262916,간통부부-임신까지 허락해,2026-04-13,1.2,0.0,83,6000,6000,1,1
20260413,20247895,마사지사가 된 발정 난 유부녀,2026-04-13,3.2,0.0,31,6000,6000,1,1
20260413,20262914,며느리 구멍-드디어 집어넣었다,2026-04-13,1.2,0.0,83,6000,6000,1,1
20260413,20262931,몸매 좋고 젖큰 장모,2026-04-13,1.2,0.0,83,6000,6000,1,1
20260413,20247612,시아버지에게 중독된 며느리 4,2026-04-13,1.3,0.0,77,6000,6000,1,1
20260413,20247454,엄마의 감춰진 본능 3,2026-04-13,1.3,0.0,77,6000,6000,1,1
20260413,20256622,젖어버린 여사장,2026-04-13,0.7,0.0,146,6000,6000,1,1
20260413,20262930,젖큰 새엄마 아들 꼬셔 땀샘 폭발,2026-04-13,1.2,0.0,83,6000,6000,1,1
20260413,20247653,친구 엄마의 꿀 바디 온몸 간병,2026-04-13,3.2,0.0,31,6000,6000,1,1
20260413,20262725,갚으려 벌리는 발정 육덕녀,2026-04-13,0.5,0.0,194,1000,1000,1,1
20260413,20262727,격정적으로 맛보는 며느리,2026-04-13,0.7,0.0,140,1000,1000,1,1
20260413,20262702,길거리 설문조사에 응한 미숙녀,2026-04-13,1.1,0.0,91,1000,1000,1,1
20260413,20262836,모범섹스 오일정사로,2026-04-13,1.1,0.0,91,1000,1000,1,1
20260413,20262724,선배 아내와 시간이 되는한 마음껏 풀섹스,2026-04-13,0.5,0.0,194,1000,1000,1,1
20260413,20262692,성인배우 첫 연기도전,2026-04-13,1.1,0.0,91,1000,1000,1,1
20260413,20262728,유부녀 매만지며 먹는 맛,2026-04-13,0.7,0.0,140,1000,1000,1,1
20260413,20262726,음탕한 의붓 엄마의 야릇한 보상,2026-04-13,0.7,0.0,140,1000,1000,1,1
20260413,20262851,친구엄마와 아내친구사이,2026-04-13,0.5,0.0,194,1000,1000,1,1
20260413,20081287,개그맨,1989-06-24,0.0,0.0,212,0,1057000,0,182
20260413,19900047,"나의 사랑, 나의 신부",1990-12-29,0.0,0.0,212,0,2940500,0,384
20260413,19980239,위대한 레보스키,1998-10-24,0.0,0.0,77,0,2288000,0,404
20260413,19930032,첫사랑,1993-01-22,0.0,0.0,212,0,920000,0,148
20260413,20050216,형사 Duelist,2005-09-08,0.0,0.0,212,0,5850686600,0,922698
20260412,20262291,뮤지컬 장수탕 선녀님,2026-03-26,9.8,0.5,9951,9647500,146090580,973,14957
20260412,20262463,오피셜히게단디즘 라이브 앳 스타디움 2025,2026-04-02,12.6,0.4,7104,22422000,278809500,897,11162
20260412,20262101,킬 빌: 더 홀 블러디 어페어,2026-04-01,10.8,0.4,7528,17034800,328719100,813,16517
20260412,20247457,신의악단,2025-12-31,31.6,0.1,1391,3926450,13776174130,440,1447047
20260412,20088147,줄무늬 파자마를 입은 소년,2026-04-23,50.5,0.0,656,3811600,3811600,331,331
20260412,20241575,메소드연기,2026-03-18,30.5,0.0,902,3170350,577895130,275,62367
20260412,20250365,햄넷,2026-02-25,17.0,0.1,1527,2591650,635629680,260,66202
20260412,20184105,말모이,2019-01-09,97.0,0.0,268,2340000,24006715520,260,2868639
20260412,20262710,엔하이픈 : 이머전 인 시네마,2026-04-08,9.4,0.1,2580,3388000,17934000,242,1281
20260412,20262653,마법 숲 동물 친구들 대모험,2026-04-01,4.3,0.3,5262,2232600,18244200,226,1935
20260412,20261526,아이엠스타!X프리파라 더 무비 -만남의 기적!-,2026-02-04,12.4,0.1,1617,2126900,927621650,201,89147
20260412,19970100,첨밀밀,1997-03-01,5.6,0.2,3273,2054750,246494850,183,24128
20260412,20262327,특별편집판 기동전사 건담 철혈의 오펀스 우르드 헌트 -작은 도전자의 궤적-,2026-04-04,3.4,0.3,5390,1859650,32646850,181,3173
20260412,20138661,케이온,2013-06-13,18.4,0.0,886,1676000,404363981,163,41578
20260412,20253101,극장판 진격의 거인 완결편 더 라스트 어택,2025-03-13,12.0,0.0,1113,1675700,10754650710,134,1030828
20260412,19770100,길은 멀어도 마음만은,1977-07-16,10.6,0.1,1144,242000,9999000,121,5032
20260412,20254602,씨너스: 죄인들,2025-05-28,17.8,0.0,298,658500,1162797340,53,100677
20260412,20167904,라라랜드,2016-12-07,50.0,0.0,92,460000,31489774978,46,3801737
20260412,20256397,원 배틀 애프터 어나더,2025-10-01,34.4,0.0,128,484600,5825968920,44,547284
20260412,20257521,프로텍터,2026-03-25,3.7,0.0,1004,288000,206156710,37,24647
20260412,20030272,4월 이야기,2000-04-08,20.4,0.0,152,295000,147296400,31,18996
20260412,20256757,극장판 체인소 맨: 레제편,2025-09-24,6.0,0.0,368,216700,36332570400,22,3455404
20260412,20226489,리바운드,2023-04-05,2.7,0.0,781,145000,6788414688,21,707158
20260412,20262661,스크림 7,2026-04-01,2.6,0.0,691,214000,31036350,18,2722
20260412,20060033,오만과 편견,2006-03-24,6.6,0.0,196,143000,5800374100,13,910915
20260412,20211261,귀멸의 칼날: 나타구모산 편,2021-11-17,7.7,0.0,170,115000,448541570,13,47078
20260412,20060284,라디오 스타,2006-09-28,11.7,0.0,94,122300,9863224600,11,1590922
20260412,20258709,좀비 랜드 사가: 유메긴가 파라다이스,2026-03-04,11.5,0.0,87,77000,111661600,10,9555
20260412,19980157,위대한 유산,1998-06-13,9.8,0.0,92,106000,865000,9,82
20260412,19800068,바람불어 좋은 날,1980-11-27,9.6,0.0,94,85000,3152500,9,1076
20260412,19880070,칠수와 만수,1988-11-26,7.5,0.0,94,74000,1302800,7,377
20260412,20262430,왜(歪): 더 카르텔,2026-03-25,4.6,0.0,132,61000,36233100,6,3837
20260412,20249255,만약에 우리,2025-12-31,9.7,0.0,62,58500,25509566820,6,2602757
20260412,19990070,인정사정 볼 것 없다,1999-07-31,5.3,0.0,94,49500,5869800,5,654
20260412,20232662,삼악도,2026-03-11,0.7,0.0,711,36000,861825150,5,93245
20260412,20226200,귀멸의 칼날: 아사쿠사 편,2022-08-25,2.4,0.0,170,32000,247605800,4,24547
20260412,20226201,귀멸의 칼날: 장구저택 편,2022-09-15,1.8,0.0,170,26000,113359200,3,11963
20260412,20250299,고고다이노 극장판: 곤충세계 대모험,2026-01-14,7.5,0.0,40,25000,376207800,3,42076
20260412,20250840,바다 탐험대 옥토넛 어보브 앤 비욘드 : 육지생물 구조작전,2026-02-12,4.3,0.0,70,23000,321451200,3,33426
20260412,20210301,귀멸의 칼날: 남매의 연,2021-11-10,1.2,0.0,170,20000,667100240,2,68429
20260412,20261181,너자 2,2026-02-25,0.6,0.0,161,7000,543935650,1,65915
20260412,20247033,시아버지에게 중독된 며느리 3,2026-04-12,1.3,0.0,77,6000,6000,1,1
20260412,20247353,유부녀 상사의 아랫도리 상담,2026-04-12,3.2,0.0,31,6000,6000,1,1
20260412,20236778,출장 중 봇물 터진 욕망 유부녀 상사,2026-04-12,1.3,0.0,77,6000,6000,1,1
20260412,20247354,출장 중 상사에게 다리 벌린 여사원,2026-04-12,3.2,0.0,31,6000,6000,1,1
20260412,20262717,몸으로 치료비 갚는 단발녀,2026-04-12,1.1,0.0,91,1000,1000,1,1
20260412,20262752,새엄마랑 키스는 괜히 해서,2026-04-12,1.1,0.0,91,1000,1000,1,1
20260412,20262785,새엄마와 처형의 차이,2026-04-12,0.5,0.0,194,1000,1000,1,1
20260412,20262767,아내의 상담은 성생활,2026-04-12,0.5,0.0,195,1000,1000,1,1
20260412,20262783,얄미운 사랑의 유부녀로,2026-04-12,1.1,0.0,91,1000,1000,1,1
20260412,20262786,전지적 새엄마 시점,2026-04-12,0.7,0.0,140,1000,1000,1,1
20260412,20262784,처형과 엄마친구의 정사,2026-04-12,0.5,0.0,194,1000,1000,1,1
20260412,20262765,통통한 거유가 삼킨 섹스,2026-04-12,0.5,0.0,194,1000,1000,1,1
20260412,20262768,학부형 앞에서 벌리는 여선생,2026-04-12,0.5,0.0,195,1000,1000,1,1
20260412,20262766,흥분하는 새아버지 만족시키기,2026-04-12,0.7,0.0,140,1000,1000,1,1
20260411,20261694,투어스 브이알 콘서트 : 러쉬로드,2026-03-04,99.2,0.1,1368,43424000,1233511500,1357,38663
20260411,20262463,오피셜히게단디즘 라이브 앳 스타디움 2025,2026-04-02,14.9,0.3,6731,25048500,256387500,1002,10265
20260411,20262291,뮤지컬 장수탕 선녀님,2026-03-26,8.5,0.4,9347,7859000,136443080,797,13984
20260411,20262327,특별편집판 기동전사 건담 철혈의 오펀스 우르드 헌트 -작은 도전자의 궤적-,2026-04-04,5.5,0.3,6533,3644100,30787200,358,2992
20260411,20262710,엔하이픈 : 이머전 인 시네마,2026-04-08,9.6,0.1,2580,3458000,14546000,247,1039
20260411,20250365,햄넷,2026-02-25,8.3,0.1,2654,2158110,633038030,219,65942
20260411,20261526,아이엠스타!X프리파라 더 무비 -만남의 기적!-,2026-02-04,11.4,0.1,1911,2290850,925494750,217,88946
20260411,20262653,마법 숲 동물 친구들 대모험,2026-04-01,4.5,0.2,4469,1960800,16011600,201,1709
20260411,19970100,첨밀밀,1997-03-01,5.5,0.2,3180,1842500,244440100,174,23945
20260411,19770100,길은 멀어도 마음만은,1977-07-16,14.2,0.0,1144,329000,9757000,162,4911
20260411,20247457,신의악단,2025-12-31,15.3,0.0,1050,1456180,13772247680,161,1446607
20260411,20262430,왜(歪): 더 카르텔,2026-03-25,51.8,0.0,255,1439000,36172100,132,3831
20260411,20261181,너자 2,2026-02-25,28.2,0.0,450,1639000,543928650,127,65914
20260411,20253101,극장판 진격의 거인 완결편 더 라스트 어택,2025-03-13,16.4,0.0,770,1552840,10752975010,126,1030694
20260411,20254602,씨너스: 죄인들,2025-05-28,35.2,0.0,273,1044500,1162138840,96,100624
20260411,20138661,케이온,2013-06-13,8.2,0.0,1053,948300,402687981,86,41415
20260411,20262541,빨간 나라를 보았니,2026-04-15,85.9,0.0,92,822000,822000,79,79
20260411,20241575,메소드연기,2026-03-18,11.8,0.0,491,389500,574724780,58,62092
20260411,20167904,라라랜드,2016-12-07,81.4,0.0,70,627000,31489314978,57,3801691
20260411,20257521,프로텍터,2026-03-25,3.6,0.1,1456,444300,205868710,53,24610
20260411,20256397,원 배틀 애프터 어나더,2025-10-01,30.5,0.0,128,421000,5825484320,39,547240
20260411,19980001,미술관 옆 동물원,1998-12-19,73.1,0.0,52,377000,2454000,38,270
20260411,20226489,리바운드,2023-04-05,3.7,0.0,710,192000,6788269688,26,707137
20260411,20232662,삼악도,2026-03-11,2.7,0.0,861,257350,861789150,23,93240
20260411,20030272,4월 이야기,2000-04-08,30.3,0.0,76,240000,147001400,23,18965
20260411,20262661,스크림 7,2026-04-01,2.2,0.0,925,238000,30822350,20,2704
20260411,20256757,극장판 체인소 맨: 레제편,2025-09-24,5.5,0.0,292,175600,36332353700,16,3455382
20260411,20258709,좀비 랜드 사가: 유메긴가 파라다이스,2026-03-04,12.6,0.0,87,86870,111584600,11,9545
20260411,19980157,위대한 유산,1998-06-13,15.5,0.0,58,104000,759000,9,73
20260411,20080691,고래사냥,1984-03-31,9.6,0.0,94,81300,4695500,9,514
20260411,20060033,오만과 편견,2006-03-24,5.6,0.0,144,95300,5800231100,8,910902
20260411,20249255,만약에 우리,2025-12-31,12.9,0.0,62,88000,25509508320,8,2602751
20260411,19990070,인정사정 볼 것 없다,1999-07-31,7.5,0.0,94,62500,5820300,7,649
20260411,20250840,바다 탐험대 옥토넛 어보브 앤 비욘드 : 육지생물 구조작전,2026-02-12,17.5,0.0,40,55000,321428200,7,33423
20260411,20211261,귀멸의 칼날: 나타구모산 편,2021-11-17,5.3,0.0,113,52000,448426570,6,47065
20260411,20226201,귀멸의 칼날: 장구저택 편,2022-09-15,4.4,0.0,113,50000,113333200,5,11960
20260411,20250299,고고다이노 극장판: 곤충세계 대모험,2026-01-14,3.6,0.0,140,39000,376182800,5,42073
20260411,20226200,귀멸의 칼날: 아사쿠사 편,2022-08-25,2.7,0.0,113,30000,247573800,3,24543
20260411,20246777,더 폴: 디렉터스 컷,2024-12-25,9.4,0.0,32,30000,1966896400,3,190352
20260411,20258484,"미스터김, 영화관에 가다",2026-02-19,4.6,0.0,66,26000,9620708,3,1206
20260411,20250604,극장판 엉덩이 탐정: 스타 앤드 문,2026-02-07,7.5,0.0,40,22000,462459300,3,57553
20260411,20060284,라디오 스타,2006-09-28,2.1,0.0,94,19000,9863102300,2,1590911
20260411,20210301,귀멸의 칼날: 남매의 연,2021-11-10,1.2,0.0,170,10000,667080240,2,68427
20260411,20241266,휴민트,2026-02-11,2.0,0.0,49,10000,19997966360,1,1981658
20260411,20236387,내 신부는 친구 엄마,2026-04-11,1.3,0.0,77,6000,6000,1,1
20260411,20236509,엄마의 감춰진 본능 1,2026-04-11,3.2,0.0,31,6000,6000,1,1
20260411,20236562,엄마의 감춰진 본능 2,2026-04-11,3.2,0.0,31,6000,6000,1,1
20260411,20236318,출장 중 상사에게 털린 애인,2026-04-11,1.3,0.0,77,6000,6000,1,1
20260411,20262708,남편 친구인 자위대와 섹스,2026-04-11,1.1,0.0,91,1000,1000,1,1
20260411,20262749,노리개 가정부 길들이기,2026-04-11,0.7,0.0,140,1000,1000,1,1
20260411,20262745,마사지로 적신 형수의 육체,2026-04-11,1.1,0.0,91,1000,1000,1,1
20260411,20262748,상사와 자버린 아내를 본 남편,2026-04-11,0.7,0.0,140,1000,1000,1,1
20260411,20262751,소개팅앱으로 몸을 판 신혼 아내,2026-04-11,0.5,0.0,195,1000,1000,1,1
20260411,20262747,온몸으로 병간호하는 며느리,2026-04-11,0.5,0.0,194,1000,1000,1,1
20260411,20262750,요리 유튜버인 유부녀와 사생팬,2026-04-11,0.7,0.0,140,1000,1000,1,1
20260411,20262716,이사한 옆집이 전남편이라니,2026-04-11,0.5,0.0,194,1000,1000,1,1
20260411,20262709,적극적인 형수와의 섹스,2026-04-11,1.1,0.0,91,1000,1000,1,1
20260411,20262746,친구아내와 불륜하다 골인,2026-04-11,0.5,0.0,194,1000,1000,1,1
20260411,20262764,태풍섹스 유부녀,2026-04-11,0.5,0.0,195,1000,1000,1,1
20260410,20256283,호퍼스,2026-03-04,6.3,0.7,13678,8277800,7323328000,860,742497
20260410,20262639,노멀,2026-04-17,100.0,0.0,524,3668000,3668000,524,524
20260410,20262101,킬 빌: 더 홀 블러디 어페어,2026-04-01,5.1,0.4,8255,7939500,284469400,418,14325
20260410,20262463,오피셜히게단디즘 라이브 앳 스타디움 2025,2026-04-02,5.7,0.4,7130,10088000,231339000,405,9263
20260410,19970100,첨밀밀,1997-03-01,5.8,0.3,5619,3583100,242597600,327,23771
20260410,20262710,엔하이픈 : 이머전 인 시네마,2026-04-08,8.1,0.1,2460,2786000,11088000,199,792
20260410,20262291,뮤지컬 장수탕 선녀님,2026-03-26,6.3,0.2,2883,1722000,128584080,182,13187
20260410,19770100,길은 멀어도 마음만은,1977-07-16,12.4,0.1,1144,284000,9428000,142,4749
20260410,20138661,케이온,2013-06-13,10.1,0.1,1397,1615700,401739681,141,41329
20260410,20250365,햄넷,2026-02-25,5.7,0.1,2008,1120900,630879920,115,65723
20260410,20262327,특별편집판 기동전사 건담 철혈의 오펀스 우르드 헌트 -작은 도전자의 궤적-,2026-04-04,1.6,0.4,6800,1161350,27143100,111,2634
20260410,20247457,신의악단,2025-12-31,7.4,0.1,1259,915700,13770791500,93,1446446
20260410,20261526,아이엠스타!X프리파라 더 무비 -만남의 기적!-,2026-02-04,5.7,0.1,1474,897900,923203900,84,88729
20260410,20254602,씨너스: 죄인들,2025-05-28,12.2,0.0,654,795700,1161094340,80,100528
20260410,20241266,휴민트,2026-02-11,100.0,0.0,69,483000,19997956360,69,1981657
20260410,20252373,넘버원,2026-02-11,97.4,0.0,39,228000,2683786020,38,279947
20260410,20253101,극장판 진격의 거인 완결편 더 라스트 어택,2025-03-13,5.7,0.0,598,351800,10751422170,34,1030568
20260410,20257521,프로텍터,2026-03-25,3.2,0.0,981,260000,205424410,31,24557
20260410,20167904,라라랜드,2016-12-07,75.0,0.0,40,330000,31488687978,30,3801634
20260410,20060033,오만과 편견,2006-03-24,5.7,0.0,454,277100,5800135800,26,910894
20260410,20211261,귀멸의 칼날: 나타구모산 편,2021-11-17,7.8,0.0,283,193000,448374570,22,47059
20260410,20226489,리바운드,2023-04-05,1.9,0.0,991,172000,6788077688,19,707111
20260410,20262661,스크림 7,2026-04-01,1.4,0.1,1306,221000,30584350,18,2684
20260410,20060284,라디오 스타,2006-09-28,7.5,0.0,188,176500,9863083300,14,1590909
20260410,20227374,바빌론,2023-02-01,31.0,0.0,42,143000,2188596905,13,217054
20260410,20030272,4월 이야기,2000-04-08,17.1,0.0,76,136000,146761400,13,18942
20260410,20241575,메소드연기,2026-03-18,1.9,0.0,624,93000,574335280,12,62034
20260410,19980157,위대한 유산,1998-06-13,10.9,0.0,92,120000,655000,10,64
20260410,20258709,좀비 랜드 사가: 유메긴가 파라다이스,2026-03-04,11.5,0.0,87,116000,111497730,10,9534
20260410,20262653,마법 숲 동물 친구들 대모험,2026-04-01,1.9,0.0,519,96500,14050800,10,1508
20260410,20210301,귀멸의 칼날: 남매의 연,2021-11-10,5.9,0.0,170,90000,667070240,10,68425
20260410,20226200,귀멸의 칼날: 아사쿠사 편,2022-08-25,5.9,0.0,170,88000,247543800,10,24540
20260410,20262622,뱅: 킬러 리턴즈,2026-04-09,7.4,0.0,135,60000,687000,10,83
20260410,20256757,극장판 체인소 맨: 레제편,2025-09-24,3.2,0.0,278,122300,36332178100,9,3455366
20260410,20256397,원 배틀 애프터 어나더,2025-10-01,8.0,0.0,88,73500,5825063320,7,547201
20260410,20262430,왜(歪): 더 카르텔,2026-03-25,6.3,0.0,111,51500,34733100,7,3699
20260410,20226201,귀멸의 칼날: 장구저택 편,2022-09-15,2.9,0.0,170,46000,113283200,5,11955
20260410,20262113,불륜의 성 파트2,2026-04-10,1.2,0.0,410,25000,25000,5,5
20260410,20249255,만약에 우리,2025-12-31,4.8,0.0,62,33000,25509420320,3,2602743
20260410,19990070,인정사정 볼 것 없다,1999-07-31,1.6,0.0,188,31600,5757800,3,642
20260410,20261437,녹나무의 파수꾼,2026-03-18,2.8,0.0,106,21000,92084740,3,9773
20260410,20232662,삼악도,2026-03-11,3.6,0.0,56,30000,861531800,2,93217
20260410,20256396,아바타: 불과 재,2025-12-17,25.0,0.0,8,30000,78912504360,2,6744602
20260410,20262929,깨끗이 빨아준 세탁소 무삭제판,2026-04-10,1.2,0.0,83,6000,6000,1,1
20260410,20262114,러닝의 목적,2026-04-10,1.2,0.0,83,6000,6000,1,1
20260410,20262927,사내 섹파-회식후 함께 싼 사이,2026-04-10,1.2,0.0,83,6000,6000,1,1
20260410,20262912,외로운 구멍 열어준 새엄마와 형수,2026-04-10,1.2,0.0,83,6000,6000,1,1
20260410,20262913,욕구 터진 옆집여자-맘껏 싼 날,2026-04-10,1.2,0.0,83,6000,6000,1,1
20260410,20262928,욕정만 남은 장모와 사위의 동거,2026-04-10,1.2,0.0,83,6000,6000,1,1
20260409,20262101,킬 빌: 더 홀 블러디 어페어,2026-04-01,4.4,0.4,8006,6644200,276529900,351,13907
20260409,20262463,오피셜히게단디즘 라이브 앳 스타디움 2025,2026-04-02,4.2,0.5,8316,8699000,221251000,348,8858
20260409,19970100,첨밀밀,1997-03-01,3.9,0.3,5987,2533400,239014500,236,23444
20260409,20262710,엔하이픈 : 이머전 인 시네마,2026-04-08,7.3,0.1,2448,2492000,8302000,178,593
20260409,20262291,뮤지컬 장수탕 선녀님,2026-03-26,8.9,0.1,1946,1358000,126862080,174,13005
20260409,20247457,신의악단,2025-12-31,13.5,0.1,1267,1462150,13769875800,171,1446353
20260409,20250365,햄넷,2026-02-25,9.7,0.1,1644,1559450,629759020,160,65608
20260409,20262907,고트: 더 레전드,2026-04-17,100.0,0.0,151,1359000,1359000,151,151
20260409,20138661,케이온,2013-06-13,10.0,0.1,1395,1450900,400123981,140,41188
20260409,20262430,왜(歪): 더 카르텔,2026-03-25,44.9,0.0,274,1006000,34681600,123,3692
20260409,20262327,특별편집판 기동전사 건담 철혈의 오펀스 우르드 헌트 -작은 도전자의 궤적-,2026-04-04,1.8,0.4,6686,1164850,25981750,117,2523
20260409,20226489,리바운드,2023-04-05,2.1,0.3,5115,950000,6787905688,108,707092
20260409,20223278,극장판 주술회전 0,2022-02-17,8.5,0.1,1232,1183800,7322160798,105,733054
20260409,20199816,담보,2020-09-29,60.6,0.0,165,600000,14751207550,100,1719839
20260409,20257658,극장판 주술회전: 회옥·옥절,2025-10-16,7.0,0.1,1085,847400,2365342480,76,237596
20260409,20261526,아이엠스타!X프리파라 더 무비 -만남의 기적!-,2026-02-04,5.3,0.1,1367,723100,922306000,73,88645
20260409,20262622,뱅: 킬러 리턴즈,2026-04-09,5.2,0.1,1392,627000,627000,73,73
20260409,20241575,메소드연기,2026-03-18,13.1,0.0,503,447000,574242280,66,62022
20260409,20249255,만약에 우리,2025-12-31,79.0,0.0,76,600000,25509387320,60,2602740
20260409,20256397,원 배틀 애프터 어나더,2025-10-01,10.2,0.0,501,332000,5824989820,51,547194
20260409,20258739,극장판 주술회전: 시부야사변 X 사멸회유,2025-12-03,4.2,0.0,890,399000,3753280800,37,369975
20260409,20257521,프로텍터,2026-03-25,3.5,0.1,1017,305300,205164410,36,24526
20260409,20262661,스크림 7,2026-04-01,1.9,0.1,1851,364300,30363350,35,2666
20260409,20030272,4월 이야기,2000-04-08,34.2,0.0,76,244000,146625400,26,18929
20260409,20262653,마법 숲 동물 친구들 대모험,2026-04-01,2.0,0.1,1038,186500,13954300,21,1498
20260409,20253101,극장판 진격의 거인 완결편 더 라스트 어택,2025-03-13,2.6,0.0,683,159100,10751070370,18,1030534
20260409,20258709,좀비 랜드 사가: 유메긴가 파라다이스,2026-03-04,12.6,0.0,87,116500,111381730,11,9524
20260409,20256757,극장판 체인소 맨: 레제편,2025-09-24,3.6,0.0,275,113900,36332055800,10,3455357
20260409,20232662,삼악도,2026-03-11,2.3,0.0,356,78000,861501800,8,93215
20260409,20254602,씨너스: 죄인들,2025-05-28,14.6,0.0,48,75000,1160298640,7,100448
20260409,20060033,오만과 편견,2006-03-24,1.8,0.0,341,72600,5799858700,6,910868
20260409,19990070,인정사정 볼 것 없다,1999-07-31,6.4,0.0,94,64000,5726200,6,639
20260409,20258484,"미스터김, 영화관에 가다",2026-02-19,0.5,0.0,896,40000,9594708,4,1203
20260409,19980157,위대한 유산,1998-06-13,6.9,0.0,58,40000,535000,4,54
20260409,20060284,라디오 스타,2006-09-28,3.2,0.0,94,20000,9862906800,3,1590895
20260409,20261181,너자 2,2026-02-25,0.8,0.0,237,11500,542289650,2,65787
20260409,20241266,휴민트,2026-02-11,2.1,0.0,48,10000,19997473360,1,1981588
20260422,20254121,살목지,2026-04-08,7.2,32.2,601240,435423360,16438018950,43400,1591894
20260422,20240532,짱구,2026-04-22,14.9,9.7,180715,246020890,298155690,26848,31893
20260422,20261782,프로젝트 헤일메리,2026-03-18,7.0,13.6,253037,202128560,26475731120,17656,2346688
20260422,20242837,왕과 사는 남자,2026-02-04,7.3,8.0,149318,102077760,160505368880,10893,16628353
20260422,20262657,리 크로닌의 미이라,2026-04-22,8.3,4.1,76521,65681090,78486090,6378,7652
20260422,20262775,기동전사 건담: 섬광의 하사웨이 키르케의 마녀,2026-04-22,18.3,1.5,27787,78196000,78196000,5076,5076
20260422,20262639,노멀,2026-04-17,11.2,0.8,14726,9390800,82130100,1644,12083
20260422,19980231,트루먼 쇼,1998-10-24,13.9,0.5,9132,12557100,276382800,1265,31628
20260422,20262787,원 오크 록 디톡스 투어 인 시네마,2026-04-22,33.6,0.2,2724,22900000,29500000,916,1180
20260422,20262383,쉘터,2026-04-15,6.6,0.4,7739,3856200,127586100,514,18410
20260421,20254121,살목지,2026-04-08,6.3,38.0,632815,399760410,16002595590,39689,1548494
20260421,20261782,프로젝트 헤일메리,2026-03-18,4.7,19.2,319947,168700350,26273602560,14892,2329032
20260421,20242837,왕과 사는 남자,2026-02-04,6.9,11.9,198175,125060270,160403291120,13628,16617460
20260421,20262639,노멀,2026-04-17,6.7,1.7,28696,11581600,72739300,1922,10439
20260421,20262383,쉘터,2026-04-15,6.2,1.7,27826,11131850,123729900,1714,17896
20260421,20262907,고트: 더 레전드,2026-04-17,2.7,2.0,33661,7328370,184662050,891,20779
20260421,20247490,누룩,2026-04-15,7.7,0.5,8852,4141900,36364970,681,5102
20260421,19980231,트루먼 쇼,1998-10-24,3.4,1.0,17034,6071300,263825700,571,30363
20260421,20253289,극장판 귀멸의 칼날: 무한성편,2025-08-22,5.9,0.5,8137,5562000,62818274050,482,5810532
20260421,20262811,"극장판 총집편 걸즈 밴드 크라이 있잖아, 미래.",2026-04-16,4.5,0.6,9626,4256820,78090350,430,7374
20260420,20254121,살목지,2026-04-08,7.2,39.0,655229,473283220,15602835180,46984,1508805
20260420,20261782,프로젝트 헤일메리,2026-03-18,4.9,19.4,326108,179914270,26104902210,16038,2314140
20260420,20242837,왕과 사는 남자,2026-02-04,7.1,12.0,201871,133738030,160278230850,14322,16603832
20260420,20262639,노멀,2026-04-17,3.7,1.5,25830,6923650,61157700,965,8517
20260420,20262907,고트: 더 레전드,2026-04-17,2.6,1.9,32568,7016900,177333680,854,19888
20260420,20262383,쉘터,2026-04-15,3.3,1.5,25917,7082200,112598050,851,16182
20260420,19980231,트루먼 쇼,1998-10-24,3.1,1.0,17512,5747700,257754400,540,29792
20260420,20253289,극장판 귀멸의 칼날: 무한성편,2025-08-22,5.3,0.4,7525,4563000,62812712050,400,5810050
20260420,20192680,끝장수사,2026-04-02,11.4,0.2,3337,2297200,817977120,379,88694
20260420,20249507,극장판 하이큐!! 쓰레기장의 결전,2024-05-15,1.9,1.2,19552,5075100,7763398367,377,755114
20260419,20254121,살목지,2026-04-08,19.5,39.8,828878,1664648140,15129551960,161640,1461821
20260419,20261782,프로젝트 헤일메리,2026-03-18,15.5,18.9,393792,683373850,25924987940,60871,2298102
20260419,20242837,왕과 사는 남자,2026-02-04,15.4,11.6,241861,373704980,160144492820,37222,16589510
20260419,20262907,고트: 더 레전드,2026-04-17,9.8,4.2,88464,78643730,170316780,8682,19034
20260419,20262383,쉘터,2026-04-15,11.3,1.4,28995,22517350,105515850,3286,15331
20260419,20249507,극장판 하이큐!! 쓰레기장의 결전,2024-05-15,10.9,1.0,21160,29425800,7758323267,2313,754737
20260419,20262639,노멀,2026-04-17,8.7,1.2,25074,15617250,54234050,2183,7552
20260419,20253289,극장판 귀멸의 칼날: 무한성편,2025-08-22,25.5,0.4,8414,24984200,62808149050,2147,5809650
20260419,19980231,트루먼 쇼,1998-10-24,10.6,0.8,17107,21901650,252006700,1814,29252
20260419,20256283,호퍼스,2026-03-04,10.5,0.6,13375,14860450,7481804840,1404,758242
20260418,20254121,살목지,2026-04-08,24.6,39.9,859767,2188439110,13464903820,211494,1300181
20260418,20261782,프로젝트 헤일메리,2026-03-18,19.1,18.7,403084,871270050,25241614090,76956,2237231
20260418,20242837,왕과 사는 남자,2026-02-04,17.4,11.7,252241,445427830,159770787840,43814,16552288
20260418,20262907,고트: 더 레전드,2026-04-17,8.9,4.0,86515,68904800,91673050,7729,10352
20260418,20262383,쉘터,2026-04-15,11.2,1.3,27856,22799600,82998500,3125,12045
20260418,19980231,트루먼 쇼,1998-10-24,13.4,0.9,19089,31815600,230105050,2557,27438
20260418,20262639,노멀,2026-04-17,8.7,1.3,28395,17827450,38616800,2471,5369
20260418,20249507,극장판 하이큐!! 쓰레기장의 결전,2024-05-15,10.2,1.0,21917,28963600,7728897467,2244,752424
20260418,20253289,극장판 귀멸의 칼날: 무한성편,2025-08-22,25.7,0.4,8460,26415700,62783164850,2170,5807503
20260418,20240532,짱구,2026-04-22,73.2,0.1,2428,22545800,52134800,1778,5045
20260417,20254121,살목지,2026-04-08,13.7,37.2,723291,1038291850,11276464710,98966,1088687
20260417,20261782,프로젝트 헤일메리,2026-03-18,8.7,19.5,378787,387715390,24370344040,32892,2160275
20260417,20242837,왕과 사는 남자,2026-02-04,10.0,12.3,239659,231546470,159325360010,23919,16508474
20260417,20262907,고트: 더 레전드,2026-04-17,4.9,2.6,50190,21409250,22768250,2472,2623
20260417,20262639,노멀,2026-04-17,7.4,1.6,31806,17046850,20789350,2366,2898
20260417,20262383,쉘터,2026-04-15,7.5,1.6,30426,16216800,60198900,2291,8920
20260417,19980231,트루먼 쇼,1998-10-24,8.1,1.0,19968,18314350,198289450,1624,24881
20260417,20244971,기동전사 건담 역습의 샤아,2025-05-07,44.8,0.2,2893,14944100,228489000,1296,23499
20260417,20262811,"극장판 총집편 걸즈 밴드 크라이 있잖아, 미래.",2026-04-16,6.6,0.8,15628,11388930,41722950,1027,3947
20260417,20249507,극장판 하이큐!! 쓰레기장의 결전,2024-05-15,3.9,1.2,23647,12307000,7699933867,913,750180
20260416,20254121,살목지,2026-04-08,9.0,36.7,652386,593089560,10238172860,58662,989721
20260416,20242837,왕과 사는 남자,2026-02-04,8.1,13.3,236709,170766100,159093813540,19251,16484555
20260416,20261782,프로젝트 헤일메리,2026-03-18,5.6,19.5,346684,220868640,23982628650,19228,2127383
20260416,20262811,"극장판 총집편 걸즈 밴드 크라이 있잖아, 미래.",2026-04-16,15.2,1.1,19187,30334020,30334020,2920,2920
20260416,20262383,쉘터,2026-04-15,8.5,1.9,33320,18448800,43982100,2840,6629
20260416,20240532,짱구,2026-04-22,104.0,0.2,2684,25128000,27729000,2792,3081
20260416,19980231,트루먼 쇼,1998-10-24,5.6,1.2,20797,12494550,179975100,1165,23257
20260416,20250586,주희에게,2026-04-15,46.4,0.1,2072,8699700,21580700,961,2397
20260416,20249507,극장판 하이큐!! 쓰레기장의 결전,2024-05-15,3.7,1.4,25613,12119800,7687626867,946,749267
20260416,20173436,셰이프 오브 워터: 사랑의 모양,2018-02-22,6.3,0.6,10878,7536410,4250061460,685,510098
20260422,20262907,고트: 더 레전드,2026-04-17,2.5,0.8,14043,2959240,187621290,351,21130
20260422,20261181,너자 2,2026-02-25,99.1,0.0,218,2376000,546339650,216,66134
20260422,20253289,극장판 귀멸의 칼날: 무한성편,2025-08-22,6.6,0.2,3224,2325000,62820599050,214,5810746
20260422,20262811,"극장판 총집편 걸즈 밴드 크라이 있잖아, 미래.",2026-04-16,3.1,0.4,6795,2131870,80222220,210,7584
20260422,20259773,슈퍼 마리오 갤럭시,2026-04-29,96.0,0.0,200,2112000,26824000,192,1892
20260422,20138661,케이온,2013-06-13,11.0,0.1,1599,1842150,412260381,176,42344
20260422,20192680,끝장수사,2026-04-02,15.8,0.1,1080,1395000,822570620,171,89233
20260422,20247490,누룩,2026-04-15,16.7,0.0,835,1523800,37888770,139,5241
20260422,20256283,호퍼스,2026-03-04,17.0,0.0,648,810000,7485643440,110,758756
20260422,20262631,5월18일생,2026-05-14,84.6,0.0,123,832000,3810000,104,362
20260422,20262101,킬 빌: 더 홀 블러디 어페어,2026-04-01,4.9,0.1,1871,1699000,367031200,92,18510
20260422,20261666,네가 마지막으로 남긴 노래,2026-04-01,4.8,0.1,1742,806900,813255840,83,80836
20260422,20262343,크라임 101,2026-04-08,12.3,0.0,620,493500,140831510,76,19675
20260422,20262741,르세라핌 브이알 콘서트 : 인비테이션,2026-04-15,5.5,0.1,1264,2171000,58828500,69,1790
20260422,20184105,말모이,2019-01-09,61.1,0.0,113,552000,24007267520,69,2868708
20260422,20173436,셰이프 오브 워터: 사랑의 모양,2018-02-22,2.6,0.1,2485,764300,4269197420,65,511758
20260422,20247017,대가족,2024-12-11,100.0,0.0,58,348000,3133213600,58,359682
20260422,19890241,라임라이트,1989-08-26,15.3,0.0,340,104000,9141500,52,1981
20260422,20246777,더 폴: 디렉터스 컷,2024-12-25,54.4,0.0,92,500000,1967396400,50,190402
20260422,20263121,플래닛 어스 : 대자연의 힘,2026-04-22,5.8,0.0,844,570850,570850,49,49
20260422,20261906,명탐정 코난: 세기말의 마술사,2026-03-27,3.8,0.1,1284,479900,978678800,49,95161
20260422,20250840,바다 탐험대 옥토넛 어보브 앤 비욘드 : 육지생물 구조작전,2026-02-12,82.5,0.0,57,282000,321976200,47,33512
20260422,20262463,오피셜히게단디즘 라이브 앳 스타디움 2025,2026-04-02,3.8,0.0,964,925000,317633500,37,12715
20260422,20249507,극장판 하이큐!! 쓰레기장의 결전,2024-05-15,3.5,0.1,1073,500000,7769282117,37,755565
20260422,20253101,극장판 진격의 거인 완결편 더 라스트 어택,2025-03-13,3.4,0.0,1017,463600,10760991610,35,1031293
20260422,20262541,빨간 나라를 보았니,2026-04-15,2.3,0.1,1487,369000,17876600,34,1679
20260422,20262975,신극장판 은혼: 요시와라 대염상,2026-05-20,82.5,0.0,40,165000,165000,33,33
20260422,20257521,프로텍터,2026-03-25,7.6,0.0,357,164000,207815810,27,24883
20260422,20148846,사도,2015-09-16,13.2,0.0,182,214000,48847191501,24,6247797
20260422,20252373,넘버원,2026-02-11,39.3,0.0,56,154000,2684950020,22,280137
20260422,20250365,햄넷,2026-02-25,5.7,0.0,372,164000,640924290,21,66747
20260422,20247457,신의악단,2025-12-31,8.2,0.0,243,152600,13785862030,20,1448152
20260422,20263141,돌핀 팬츠 입고 유혹하는 옆집녀,2026-04-22,24.1,0.0,83,100000,100000,20,20
20260422,20263122,이제 20살이 됐다는 음란녀,2026-04-22,18.9,0.0,106,100000,100000,20,20
20260422,20227762,올빼미,2022-11-23,7.5,0.0,186,100000,32861797124,14,3329754
20260422,20256082,귀멸의 칼날: 환락의 거리 결전편,2025-07-18,5.8,0.0,226,105000,87493100,13,8588
20260422,19910340,마루타 디 오리지널: 살인공창,1991-12-19,2.4,0.0,501,89500,89500,12,12
20260422,20256081,귀멸의 칼날: 환락의 거리 잠입편,2025-07-18,8.9,0.0,113,84000,31218500,10,3094
20260422,20256757,극장판 체인소 맨: 레제편,2025-09-24,7.1,0.0,113,84500,36333773100,8,3455507
20260422,19980001,미술관 옆 동물원,1998-12-19,3.9,0.0,104,40000,3708000,4,396
20260422,19980157,위대한 유산,1998-06-13,6.9,0.0,58,40000,1409000,4,139
20260422,20250586,주희에게,2026-04-15,4.1,0.0,98,22000,23946900,4,2651
20260422,20256181,귀멸의 칼날: 도공 마을 적습편,2025-07-25,1.8,0.0,170,27000,31949300,3,3107
20260422,20088147,줄무늬 파자마를 입은 소년,2026-04-23,3.3,0.0,92,26000,3837600,3,334
20260422,20211271,귀멸의 칼날: 주합회의·나비저택 편,2021-12-01,2.7,0.0,113,17000,276054200,3,29344
20260422,20262327,특별편집판 기동전사 건담 철혈의 오펀스 우르드 헌트 -작은 도전자의 궤적-,2026-04-04,1.3,0.0,157,18000,35894750,2,3514
20260422,20193450,반도,2020-07-15,2.6,0.0,76,12000,33079222380,2,3813006
20260422,20262661,스크림 7,2026-04-01,0.6,0.0,161,10000,31314850,1,2747
20260422,20262425,남자들이여 줄 때 먹어라,2026-04-22,0.7,0.0,146,6000,6000,1,1
20260422,20255425,손대면 벌어지는 음탕한 마사지 무삭제,2026-04-22,0.7,0.0,146,6000,6000,1,1
20260421,20249507,극장판 하이큐!! 쓰레기장의 결전,2024-05-15,2.1,1.2,19344,5383750,7768782117,414,755528
20260421,20259773,슈퍼 마리오 갤럭시,2026-04-29,100.0,0.0,378,6426000,24712000,378,1700
20260421,20262741,르세라핌 브이알 콘서트 : 인비테이션,2026-04-15,29.7,0.1,1264,12314500,56657500,375,1721
20260421,20192680,끝장수사,2026-04-02,10.3,0.2,3579,3198500,821175620,368,89062
20260421,20173436,셰이프 오브 워터: 사랑의 모양,2018-02-22,2.3,0.5,8053,1969500,4268433120,186,511693
20260421,20256283,호퍼스,2026-03-04,7.4,0.1,2238,1292000,7484833440,166,758646
20260421,20261666,네가 마지막으로 남긴 노래,2026-04-01,4.7,0.2,3402,1507700,812448940,159,80753
20260421,20261906,명탐정 코난: 세기말의 마술사,2026-03-27,3.3,0.3,4523,1452550,978198900,147,95112
20260421,20262343,크라임 101,2026-04-08,1.8,0.4,6643,1059600,140338010,118,19599
20260421,20262101,킬 빌: 더 홀 블러디 어페어,2026-04-01,3.1,0.2,3063,1800300,365332200,94,18418
20260421,20252373,넘버원,2026-02-11,56.5,0.0,154,524000,2684796020,87,280115
20260421,20262463,오피셜히게단디즘 라이브 앳 스타디움 2025,2026-04-02,3.3,0.2,2459,2000000,316708500,80,12678
20260421,20241266,휴민트,2026-02-11,52.6,0.0,152,560000,19998551360,80,1981743
20260421,20262541,빨간 나라를 보았니,2026-04-15,2.1,0.2,3675,799150,17507600,77,1645
20260421,20247457,신의악단,2025-12-31,24.0,0.0,300,550000,13785709430,72,1448132
20260421,19890241,라임라이트,1989-08-26,13.2,0.0,340,90000,9037500,45,1929
20260421,20138661,케이온,2013-06-13,2.6,0.1,1406,320300,410418231,37,42168
20260421,20262291,뮤지컬 장수탕 선녀님,2026-03-26,5.8,0.0,604,348000,158408580,35,16300
20260421,20261150,점보,2026-02-18,47.1,0.0,70,231000,463104540,33,52582
20260421,19970100,첨밀밀,1997-03-01,5.1,0.0,495,255500,251492450,25,24604
20260421,20250365,햄넷,2026-02-25,9.3,0.0,258,217560,640760290,24,66726
20260421,20253101,극장판 진격의 거인 완결편 더 라스트 어택,2025-03-13,3.7,0.0,617,302000,10760528010,23,1031258
20260421,20241575,메소드연기,2026-03-18,2.4,0.0,867,165000,578514130,21,62458
20260421,20250586,주희에게,2026-04-15,1.8,0.1,1116,201350,23924900,20,2647
20260421,20167904,라라랜드,2016-12-07,37.5,0.0,40,150000,31491674978,15,3801920
20260421,20126091,관상,2013-09-11,4.3,0.0,277,119000,66008966500,12,9135638
20260421,20256082,귀멸의 칼날: 환락의 거리 결전편,2025-07-18,4.2,0.0,283,106000,87388100,12,8575
20260421,20161872,너의 이름은.,2017-01-04,4.6,0.0,219,66000,32692972297,10,3979534
20260421,20124079,"광해, 왕이 된 남자",2012-09-13,3.3,0.0,277,77000,88913972969,9,12324142
20260421,20256757,극장판 체인소 맨: 레제편,2025-09-24,3.5,0.0,170,72000,36333688600,6,3455499
20260421,20256181,귀멸의 칼날: 도공 마을 적습편,2025-07-25,5.3,0.0,113,57000,31922300,6,3104
20260421,20211271,귀멸의 칼날: 주합회의·나비저택 편,2021-12-01,4.4,0.0,113,38000,276037200,5,29341
20260421,19990070,인정사정 볼 것 없다,1999-07-31,4.3,0.0,94,41500,6279800,4,688
20260421,20254602,씨너스: 죄인들,2025-05-28,10.0,0.0,40,28000,1164175140,4,100817
20260421,20060033,오만과 편견,2006-03-24,5.1,0.0,59,28000,5800772100,3,910953
20260421,20256081,귀멸의 칼날: 환락의 거리 잠입편,2025-07-18,2.7,0.0,113,26000,31134500,3,3084
20260421,20060284,라디오 스타,2006-09-28,2.1,0.0,94,22000,9863348600,2,1590934
20260421,20262327,특별편집판 기동전사 건담 철혈의 오펀스 우르드 헌트 -작은 도전자의 궤적-,2026-04-04,1.9,0.0,107,18000,35876750,2,3512
20260421,19980157,위대한 유산,1998-06-13,1.7,0.0,58,10000,1369000,1,135
20260421,20262144,거리의 음악가 땀 냄새 아저씨와 섹스,2026-04-21,1.3,0.0,77,6000,6000,1,1
20260421,20261593,나도 잊어버린 아저씨의 대물,2026-04-21,1.3,0.0,77,6000,6000,1,1
20260421,20261579,동정 꿀 빨고 눈 돌아간 유부녀,2026-04-21,1.3,0.0,77,6000,6000,1,1
20260421,20262165,물 다 튀기는 고래 경리부 그 여자,2026-04-21,3.2,0.0,31,6000,6000,1,1
20260421,20262163,민박집에서 젖어버린 여대생,2026-04-21,3.2,0.0,31,6000,6000,1,1
20260421,20262166,분홍색 벚꽃을 핥은 남자,2026-04-21,3.2,0.0,31,6000,6000,1,1
20260421,20262164,입안에서 섞어주는 바텐더,2026-04-21,3.2,0.0,31,6000,6000,1,1
20260421,20261580,처녀보다 주름진 유부녀 사타구니,2026-04-21,1.3,0.0,77,6000,6000,1,1
20260421,20261594,편의점 냉장고 뒤에서 빨아준 유부녀,2026-04-21,1.3,0.0,77,6000,6000,1,1
20260421,20232662,삼악도,2026-03-11,1.5,0.0,66,5000,862707700,1,93325
20260421,20256397,원 배틀 애프터 어나더,2025-10-01,0.0,0.0,155,0,5826702420,0,547366
20260420,20262811,"극장판 총집편 걸즈 밴드 크라이 있잖아, 미래.",2026-04-16,3.2,0.6,10014,3322940,73833530,322,6944
20260420,20247490,누룩,2026-04-15,3.5,0.4,7524,1659500,32223070,261,4421
20260420,20256283,호퍼스,2026-03-04,13.2,0.1,1810,1736600,7483541440,238,758480
20260420,20173436,셰이프 오브 워터: 사랑의 모양,2018-02-22,2.3,0.5,8652,2203370,4266463620,199,511507
20260420,20262343,크라임 101,2026-04-08,2.6,0.4,5962,1163000,139278410,154,19481
20260420,20209343,한산: 용의 출현,2022-07-27,96.2,0.0,156,750000,73717915977,150,7267202
20260420,20261906,명탐정 코난: 세기말의 마술사,2026-03-27,3.2,0.3,4507,1416700,976746350,145,94965
20260420,20261666,네가 마지막으로 남긴 노래,2026-04-01,3.4,0.2,3719,1151400,810941240,125,80594
20260420,20250586,주희에게,2026-04-15,12.2,0.0,885,974850,23723550,108,2627
20260420,20262101,킬 빌: 더 홀 블러디 어페어,2026-04-01,3.2,0.2,2980,1778500,363531900,94,18324
20260420,20262541,빨간 나라를 보았니,2026-04-15,2.4,0.2,3807,899900,16708450,93,1568
20260420,20248492,와일드 로봇,2024-10-01,97.8,0.0,91,534000,6213869545,89,685466
20260420,20262741,르세라핌 브이알 콘서트 : 인비테이션,2026-04-15,5.7,0.1,1264,2364000,44343000,72,1346
20260420,20262463,오피셜히게단디즘 라이브 앳 스타디움 2025,2026-04-02,3.2,0.1,1933,1550000,314708500,62,12598
20260420,19890241,라임라이트,1989-08-26,14.7,0.0,340,100000,8947500,50,1884
20260420,20253101,극장판 진격의 거인 완결편 더 라스트 어택,2025-03-13,7.7,0.0,544,578000,10760226010,42,1031235
20260420,20250365,햄넷,2026-02-25,18.0,0.0,234,391000,640542730,42,66702
20260420,20247457,신의악단,2025-12-31,16.5,0.0,182,317700,13785159430,30,1448060
20260420,19970100,첨밀밀,1997-03-01,5.1,0.0,531,300100,251236950,27,24579
20260420,20257521,프로텍터,2026-03-25,8.1,0.0,322,156000,207651810,26,24856
20260420,20138661,케이온,2013-06-13,2.1,0.1,1084,230000,410097931,23,42131
20260420,20129370,명량,2014-07-30,12.4,0.0,186,219000,135764634310,23,17616712
20260420,20123501,군도: 민란의 시대,2014-07-23,11.8,0.0,186,196000,36993078999,22,4776040
20260420,20256757,극장판 체인소 맨: 레제편,2025-09-24,10.0,0.0,170,175500,36333616600,17,3455493
20260420,20262291,뮤지컬 장수탕 선녀님,2026-03-26,1.6,0.0,734,120000,158060580,12,16265
20260420,19980001,미술관 옆 동물원,1998-12-19,11.5,0.0,104,117000,3668000,12,392
20260420,20263090,붉은 10월의 반란 파트 2,2026-04-17,7.1,0.0,141,60000,705000,10,86
20260420,20167904,라라랜드,2016-12-07,22.5,0.0,40,90000,31491524978,9,3801905
20260420,19980157,위대한 유산,1998-06-13,9.8,0.0,92,63000,1359000,9,134
20260420,20161872,너의 이름은.,2017-01-04,2.7,0.0,219,40000,32692906297,6,3979524
20260420,20256082,귀멸의 칼날: 환락의 거리 결전편,2025-07-18,1.8,0.0,283,42000,87282100,5,8563
20260420,20262622,뱅: 킬러 리턴즈,2026-04-09,5.4,0.0,92,30000,777000,5,98
20260420,20232662,삼악도,2026-03-11,1.9,0.0,206,46000,862702700,4,93324
20260420,20060284,라디오 스타,2006-09-28,4.3,0.0,94,35000,9863326600,4,1590932
20260420,20241266,휴민트,2026-02-11,3.5,0.0,85,15000,19997991360,3,1981663
20260420,20256081,귀멸의 칼날: 환락의 거리 잠입편,2025-07-18,1.8,0.0,113,16000,31108500,2,3081
20260420,20262327,특별편집판 기동전사 건담 철혈의 오펀스 우르드 헌트 -작은 도전자의 궤적-,2026-04-04,1.9,0.0,107,15000,35858750,2,3510
20260420,20256181,귀멸의 칼날: 도공 마을 적습편,2025-07-25,0.9,0.0,113,10000,31865300,1,3098
20260420,20261746,업소출신 누나 친구,2026-04-20,0.7,0.0,146,6000,6000,1,1
20260420,20255424,음란한 작은엄마! 동정을 드릴께요 무삭제,2025-11-17,0.7,0.0,146,6000,12000,1,2
20260420,20261726,재회 : 성욕 처리 전 여친,2026-04-20,0.7,0.0,146,6000,6000,1,1
20260420,20263046,사업실패한 아내의 버릇섹스,2026-04-20,1.1,0.0,91,1000,1000,1,1
20260420,20263047,새아들의 성욕치료,2026-04-20,1.1,0.0,91,1000,1000,1,1
20260420,20263064,섹스 내기에 걸린 풍만한 아내,2026-04-20,1.1,0.0,91,1000,1000,1,1
20260420,19770104,뻐꾸기둥지위로 날아간 새,1977-09-17,0.0,0.0,77,0,3201000,0,1268
20260419,20262811,"극장판 총집편 걸즈 밴드 크라이 있잖아, 미래.",2026-04-16,7.4,0.7,13709,11114950,70510590,1016,6622
20260419,20244971,기동전사 건담 역습의 샤아,2025-05-07,25.3,0.1,2823,8082150,247336850,715,25152
20260419,20247490,누룩,2026-04-15,7.8,0.4,8739,5018700,30563570,679,4160
20260419,20247457,신의악단,2025-12-31,78.9,0.0,730,5077000,13784841730,576,1448030
20260419,20262463,오피셜히게단디즘 라이브 앳 스타디움 2025,2026-04-02,16.2,0.2,3079,12450000,313158500,498,12536
20260419,20261906,명탐정 코난: 세기말의 마술사,2026-03-27,7.4,0.3,6152,4431000,975329650,456,94820
20260419,20261666,네가 마지막으로 남긴 노래,2026-04-01,10.0,0.2,3910,3639200,809789840,389,80469
20260419,20192680,끝장수사,2026-04-02,7.7,0.2,4548,3137200,815679920,350,88315
20260419,20262291,뮤지컬 장수탕 선녀님,2026-03-26,6.4,0.3,5464,3420000,157940580,349,16253
20260419,20173436,셰이프 오브 워터: 사랑의 모양,2018-02-22,4.1,0.4,8208,3945880,4264260250,333,511308
20260419,20262343,크라임 101,2026-04-08,2.6,0.5,10232,2395070,138115410,270,19327
20260419,20262541,빨간 나라를 보았니,2026-04-15,7.9,0.2,3030,2451450,15808550,239,1475
20260419,20262741,르세라핌 브이알 콘서트 : 인비테이션,2026-04-15,17.8,0.1,1264,7411000,41979000,225,1274
20260419,20262101,킬 빌: 더 홀 블러디 어페어,2026-04-01,6.1,0.2,3109,3786900,361753400,190,18230
20260419,20262710,엔하이픈 : 이머전 인 시네마,2026-04-08,26.1,0.0,372,1358000,21098000,97,1507
20260419,20253101,극장판 진격의 거인 완결편 더 라스트 어택,2025-03-13,8.7,0.0,809,981600,10759648010,70,1031193
20260419,20250365,햄넷,2026-02-25,22.7,0.0,269,630000,640151730,61,66660
20260419,20138661,케이온,2013-06-13,6.1,0.0,849,556100,409867931,52,42108
20260419,20249014,아서,2024-04-17,23.5,0.0,213,500000,52557980,50,6525
20260419,20254602,씨너스: 죄인들,2025-05-28,47.8,0.0,92,484000,1164147140,44,100813
20260419,20256082,귀멸의 칼날: 환락의 거리 결전편,2025-07-18,13.7,0.0,226,277000,87240100,31,8558
20260419,20167904,라라랜드,2016-12-07,67.5,0.0,40,297000,31491434978,27,3801896
20260419,20257521,프로텍터,2026-03-25,5.7,0.0,441,150000,207495810,25,24830
20260419,20258709,좀비 랜드 사가: 유메긴가 파라다이스,2026-03-04,25.3,0.0,87,175000,112118600,22,9609
20260419,20256757,극장판 체인소 맨: 레제편,2025-09-24,8.9,0.0,236,249700,36333441100,21,3455476
20260419,20227762,올빼미,2022-11-23,9.1,0.0,186,163000,32861697124,17,3329740
20260419,19980157,위대한 유산,1998-06-13,25.9,0.0,58,180000,1296000,15,125
20260419,20176122,안시성,2018-09-19,5.4,0.0,277,149000,46343839526,15,5441244
20260419,20256181,귀멸의 칼날: 도공 마을 적습편,2025-07-25,13.3,0.0,113,139000,31855300,15,3097
20260419,19970100,첨밀밀,1997-03-01,11.3,0.0,124,186000,250936850,14,24552
20260419,20256081,귀멸의 칼날: 환락의 거리 잠입편,2025-07-18,11.5,0.0,113,111000,31092500,13,3079
20260419,20250586,주희에게,2026-04-15,1.3,0.0,905,111500,22748700,12,2519
20260419,19990070,인정사정 볼 것 없다,1999-07-31,10.6,0.0,94,136500,6238300,10,684
20260419,20030272,4월 이야기,2000-04-08,11.8,0.0,76,96000,147493400,9,19015
20260419,19980001,미술관 옆 동물원,1998-12-19,17.3,0.0,52,90000,3551000,9,380
20260419,20241575,메소드연기,2026-03-18,4.9,0.0,184,77000,578349130,9,62437
20260419,20262653,마법 숲 동물 친구들 대모험,2026-04-01,5.7,0.0,141,80000,18816200,8,1995
20260419,20060033,오만과 편견,2006-03-24,6.7,0.0,90,66000,5800744100,6,910950
20260419,20161872,너의 이름은.,2017-01-04,2.7,0.0,219,42000,32692866297,6,3979518
20260419,20256397,원 배틀 애프터 어나더,2025-10-01,2.6,0.0,155,49500,5826702420,4,547366
20260419,20250299,고고다이노 극장판: 곤충세계 대모험,2026-01-14,10.0,0.0,40,32000,376421800,4,42106
20260419,20211271,귀멸의 칼날: 주합회의·나비저택 편,2021-12-01,2.7,0.0,113,30000,275999200,3,29336
20260419,20232662,삼악도,2026-03-11,1.9,0.0,104,24000,862656700,2,93320
20260419,20250840,바다 탐험대 옥토넛 어보브 앤 비욘드 : 육지생물 구조작전,2026-02-12,5.0,0.0,40,15000,321694200,2,33465
20260419,20258484,"미스터김, 영화관에 가다",2026-02-19,2.8,0.0,36,6000,9689708,1,1215
20260418,20262811,"극장판 총집편 걸즈 밴드 크라이 있잖아, 미래.",2026-04-16,11.5,0.7,14439,17672690,59395640,1659,5606
20260418,20256283,호퍼스,2026-03-04,10.6,0.6,13844,14952540,7466944390,1466,756838
20260418,20244971,기동전사 건담 역습의 샤아,2025-05-07,32.3,0.1,2900,10765700,239254700,938,24437
20260418,20247490,누룩,2026-04-15,9.3,0.4,8196,5250500,25544870,758,3481
20260418,20261666,네가 마지막으로 남긴 노래,2026-04-01,14.9,0.2,4378,6881300,806150640,654,80080
20260418,20192680,끝장수사,2026-04-02,11.4,0.3,5631,6188970,812542720,644,87965
20260418,20261906,명탐정 코난: 세기말의 마술사,2026-03-27,7.0,0.3,6138,4218650,970898650,428,94364
20260418,20262291,뮤지컬 장수탕 선녀님,2026-03-26,8.1,0.2,5255,4076000,154520580,423,15904
20260418,20173436,셰이프 오브 워터: 사랑의 모양,2018-02-22,4.2,0.4,9079,4502740,4260314370,383,510975
20260418,20262741,르세라핌 브이알 콘서트 : 인비테이션,2026-04-15,25.4,0.1,1264,10572000,34568000,321,1049
20260418,20262463,오피셜히게단디즘 라이브 앳 스타디움 2025,2026-04-02,9.2,0.2,3320,7624000,300708500,305,12038
20260418,20262101,킬 빌: 더 홀 블러디 어페어,2026-04-01,11.4,0.1,2658,6730600,357966500,302,18040
20260418,20262343,크라임 101,2026-04-08,2.7,0.5,10335,2378300,135720340,280,19057
20260418,20247457,신의악단,2025-12-31,55.8,0.0,466,2190500,13779764730,260,1447454
20260418,20262541,빨간 나라를 보았니,2026-04-15,5.8,0.2,3704,2193000,13357100,216,1236
20260418,20250181,영화 러브 라이브! 니지가사키 학원 스쿨 아이돌 동호회 완결편 제2장,2026-02-18,87.2,0.0,156,1688870,100928780,136,9629
20260418,20250365,햄넷,2026-02-25,16.9,0.0,641,1109000,639521730,108,66599
20260418,20253101,극장판 진격의 거인 완결편 더 라스트 어택,2025-03-13,12.1,0.0,736,1252000,10758666410,89,1031123
20260418,20247591,엘리오,2025-06-18,52.0,0.0,154,800000,5630737750,80,616571
20260418,20138661,케이온,2013-06-13,5.5,0.0,1053,616000,409311831,58,42056
20260418,20226489,리바운드,2023-04-05,25.4,0.0,134,308500,6789993188,34,707424
20260418,20129370,명량,2014-07-30,10.1,0.0,277,260000,135764415310,28,17616689
20260418,19980001,미술관 옆 동물원,1998-12-19,50.0,0.0,52,260000,3461000,26,371
20260418,20167904,라라랜드,2016-12-07,62.5,0.0,40,274000,31491137978,25,3801869
20260418,20256082,귀멸의 칼날: 환락의 거리 결전편,2025-07-18,7.4,0.0,340,198000,86963100,25,8527
20260418,20257521,프로텍터,2026-03-25,8.0,0.0,311,150000,207345810,25,24805
20260418,20256757,극장판 체인소 맨: 레제편,2025-09-24,12.3,0.0,179,275500,36333191400,22,3455455
20260418,20258709,좀비 랜드 사가: 유메긴가 파라다이스,2026-03-04,24.1,0.0,87,168500,111943600,21,9587
20260418,20250586,주희에게,2026-04-15,2.6,0.0,762,161500,22637200,20,2507
20260418,19970100,첨밀밀,1997-03-01,7.8,0.0,231,219000,250750850,18,24538
20260418,20161872,너의 이름은.,2017-01-04,8.2,0.0,219,124000,32692824297,18,3979512
20260418,20124079,"광해, 왕이 된 남자",2012-09-13,5.8,0.0,277,150000,88913895969,16,12324133
20260418,20249641,나쁜계집애: 달려라 하니,2025-10-07,46.7,0.0,30,154000,644474230,14,71148
20260418,20254602,씨너스: 죄인들,2025-05-28,15.2,0.0,92,139000,1163663140,14,100769
20260418,20060033,오만과 편견,2006-03-24,8.1,0.0,149,126000,5800678100,12,910944
20260418,20256397,원 배틀 애프터 어나더,2025-10-01,6.5,0.0,155,113500,5826652920,10,547362
20260418,20232662,삼악도,2026-03-11,3.5,0.0,229,84500,862632700,8,93318
20260418,20262653,마법 숲 동물 친구들 대모험,2026-04-01,17.1,0.0,35,72000,18736200,6,1987
20260418,20256081,귀멸의 칼날: 환락의 거리 잠입편,2025-07-18,3.5,0.0,113,36000,30981500,4,3066
20260418,20211271,귀멸의 칼날: 주합회의·나비저택 편,2021-12-01,2.7,0.0,113,30000,275969200,3,29333
20260418,20250840,바다 탐험대 옥토넛 어보브 앤 비욘드 : 육지생물 구조작전,2026-02-12,4.3,0.0,70,23000,321679200,3,33463
20260418,20262327,특별편집판 기동전사 건담 철혈의 오펀스 우르드 헌트 -작은 도전자의 궤적-,2026-04-04,2.4,0.0,85,30000,35843750,2,3508
20260418,20258484,"미스터김, 영화관에 가다",2026-02-19,2.8,0.0,36,11000,9683708,1,1214
20260417,20192680,끝장수사,2026-04-02,13.9,0.3,6243,7739100,806353750,870,87321
20260417,20262657,리 크로닌의 미이라,2026-04-22,100.0,0.0,709,7321000,12805000,709,1274
20260417,20253289,극장판 귀멸의 칼날: 무한성편,2025-08-22,8.1,0.4,8100,8178000,62756749150,657,5805333
20260417,20247490,누룩,2026-04-15,6.1,0.5,8913,3961400,20294370,542,2723
20260417,20173436,셰이프 오브 워터: 사랑의 모양,2018-02-22,4.8,0.5,10331,5750170,4255811630,494,510592
20260417,20261666,네가 마지막으로 남긴 노래,2026-04-01,5.8,0.2,4613,2673250,799269340,267,79426
20260417,20262787,원 오크 록 디톡스 투어 인 시네마,2026-04-22,97.1,0.0,272,6600000,6600000,264,264
20260417,20262343,크라임 101,2026-04-08,2.3,0.5,9598,2051570,133342040,221,18777
20260417,20256283,호퍼스,2026-03-04,7.2,0.2,3068,1949200,7451991850,221,755372
20260417,20261906,명탐정 코난: 세기말의 마술사,2026-03-27,3.9,0.3,5526,2230600,966680000,218,93936
20260417,20262541,빨간 나라를 보았니,2026-04-15,5.6,0.2,3756,2287950,11164100,211,1020
20260417,20262291,뮤지컬 장수탕 선녀님,2026-03-26,14.3,0.1,1402,1537000,150444580,201,15481
20260417,20240532,짱구,2026-04-22,100.0,0.0,186,1860000,29589000,186,3267
20260417,20262741,르세라핌 브이알 콘서트 : 인비테이션,2026-04-15,12.3,0.1,1264,5137500,23996000,156,728
20260417,20262101,킬 빌: 더 홀 블러디 어페어,2026-04-01,5.2,0.2,2835,2800000,351235900,146,17738
20260417,20262631,5월18일생,2026-05-14,100.0,0.0,118,1298000,2978000,118,258
20260417,20262463,오피셜히게단디즘 라이브 앳 스타디움 2025,2026-04-02,3.9,0.1,2414,2375000,293084500,95,11733
20260417,20250586,주희에게,2026-04-15,9.4,0.0,956,895000,22475700,90,2487
20260417,20253101,극장판 진격의 거인 완결편 더 라스트 어택,2025-03-13,13.3,0.0,617,1198400,10757414410,82,1031034
20260417,20256082,귀멸의 칼날: 환락의 거리 결전편,2025-07-18,17.2,0.0,453,675000,86765100,78,8502
20260417,20263090,붉은 10월의 반란 파트 2,2026-04-17,5.5,0.1,1394,645000,645000,76,76
20260417,20138661,케이온,2013-06-13,4.8,0.1,1475,774450,408695831,70,41998
20260417,20204845,공기살인,2022-04-22,98.5,0.0,66,780000,1474119250,65,158330
20260417,20262327,특별편집판 기동전사 건담 철혈의 오펀스 우르드 헌트 -작은 도전자의 궤적-,2026-04-04,2.3,0.1,2810,655500,35813750,65,3506
20260417,20250365,햄넷,2026-02-25,15.0,0.0,401,655700,638412730,60,66491
20260417,20193450,반도,2020-07-15,60.5,0.0,76,485000,33079210380,46,3813004
20260417,19970100,첨밀밀,1997-03-01,11.2,0.0,374,441500,250531850,42,24520
20260417,20167904,라라랜드,2016-12-07,75.0,0.0,40,330000,31490863978,30,3801844
20260417,20123501,군도: 민란의 시대,2014-07-23,15.1,0.0,186,274500,36992882999,28,4776018
20260417,20257521,프로텍터,2026-03-25,7.2,0.0,363,156000,207195810,26,24780
20260417,20256081,귀멸의 칼날: 환락의 거리 잠입편,2025-07-18,21.2,0.0,113,202000,30945500,24,3062
20260417,20256181,귀멸의 칼날: 도공 마을 적습편,2025-07-25,19.5,0.0,113,217000,31716300,22,3082
20260417,20176122,안시성,2018-09-19,11.8,0.0,186,184000,46343690526,22,5441229
20260417,20247457,신의악단,2025-12-31,8.3,0.0,240,162500,13777574230,20,1447194
20260417,20232662,삼악도,2026-03-11,5.0,0.0,319,169700,862548200,16,93310
20260417,19980001,미술관 옆 동물원,1998-12-19,12.0,0.0,100,117000,3201000,12,345
20260417,19990070,인정사정 볼 것 없다,1999-07-31,9.6,0.0,94,118000,6101800,9,674
20260417,20211271,귀멸의 칼날: 주합회의·나비저택 편,2021-12-01,8.0,0.0,113,68000,275939200,9,29330
20260417,20030272,4월 이야기,2000-04-08,7.9,0.0,76,65000,147397400,6,19006
20260417,20256397,원 배틀 애프터 어나더,2025-10-01,1.9,0.0,155,35000,5826539420,3,547352
20260417,20060033,오만과 편견,2006-03-24,5.8,0.0,52,33000,5800552100,3,910932
20260417,20258484,"미스터김, 영화관에 가다",2026-02-19,2.3,0.0,89,15000,9672708,2,1213
20260417,20242463,나를 용서해 아침마다 모텔로 출근한 내 아내,2026-04-17,0.7,0.0,146,6000,6000,1,1
20260417,20240401,이상한 마사지샵에 출근하게 된 그녀의 사연,2026-04-17,0.7,0.0,146,6000,6000,1,1
20260416,20192680,끝장수사,2026-04-02,11.5,0.3,5408,5228300,798614650,621,86451
20260416,20247490,누룩,2026-04-15,6.5,0.5,8169,3844570,16332970,529,2181
20260416,20253289,극장판 귀멸의 칼날: 무한성편,2025-08-22,5.4,0.5,8236,4964000,62748571150,444,5804676
20260416,20262657,리 크로닌의 미이라,2026-04-22,100.0,0.0,399,3990000,5484000,399,565
20260416,20262541,빨간 나라를 보았니,2026-04-15,9.0,0.2,3754,3510700,8876150,339,809
20260416,20262343,크라임 101,2026-04-08,3.5,0.5,9536,2768500,131290470,334,18556
20260416,20256283,호퍼스,2026-03-04,7.9,0.1,2485,1815500,7450042650,196,755151
20260416,20261906,명탐정 코난: 세기말의 마술사,2026-03-27,2.9,0.4,6724,1966600,964449400,194,93718
20260416,20224666,파일럿,2024-07-31,78.3,0.0,240,940000,43211278201,188,4719102
20260416,20261666,네가 마지막으로 남긴 노래,2026-04-01,4.3,0.2,3981,1657500,796596090,172,79159
20260416,20262741,르세라핌 브이알 콘서트 : 인비테이션,2026-04-15,10.6,0.1,1264,4408000,18858500,134,572
20260416,20108725,마리솔의 리틀 앤젤스,1971-07-24,10.8,0.1,1144,248000,1292000,124,646
20260416,20262101,킬 빌: 더 홀 블러디 어페어,2026-04-01,3.0,0.2,3150,1833000,348435900,95,17592
20260416,20138661,케이온,2013-06-13,6.7,0.1,1347,893000,407921381,90,41928
20260416,20257521,프로텍터,2026-03-25,5.4,0.1,1362,634000,207039810,74,24754
20260416,20262463,오피셜히게단디즘 라이브 앳 스타디움 2025,2026-04-02,2.3,0.2,2734,1575000,290709500,63,11638
20260416,20262291,뮤지컬 장수탕 선녀님,2026-03-26,17.4,0.0,294,416000,148907580,51,15280
20260416,20232639,극장판 슈퍼윙스: 맥시멈 스피드,2023-07-20,51.7,0.0,89,322000,1198530958,46,136903
20260416,20253101,극장판 진격의 거인 완결편 더 라스트 어택,2025-03-13,3.9,0.0,928,495800,10756216010,36,1030952
20260416,20262327,특별편집판 기동전사 건담 철혈의 오펀스 우르드 헌트 -작은 도전자의 궤적-,2026-04-04,1.4,0.1,2554,340650,35158250,36,3441
20260416,19970100,첨밀밀,1997-03-01,4.6,0.0,745,370000,250090350,34,24478
20260416,20250365,햄넷,2026-02-25,4.8,0.0,622,303000,637757030,30,66431
20260416,20148846,사도,2015-09-16,15.1,0.0,186,254000,48846977501,28,6247773
20260416,20256397,원 배틀 애프터 어나더,2025-10-01,11.3,0.0,195,216000,5826504420,22,547349
20260416,20232662,삼악도,2026-03-11,6.4,0.0,267,186000,862378500,17,93294
20260416,20227762,올빼미,2022-11-23,9.1,0.0,186,173000,32861534124,17,3329723
20260416,20167904,라라랜드,2016-12-07,32.5,0.0,40,130000,31490533978,13,3801814
20260416,20254602,씨너스: 죄인들,2025-05-28,27.5,0.0,40,110000,1163524140,11,100755
20260416,19980157,위대한 유산,1998-06-13,12.0,0.0,92,110000,1116000,11,110
20260416,19980001,미술관 옆 동물원,1998-12-19,9.6,0.0,104,100000,3084000,10,333
20260416,20247457,신의악단,2025-12-31,3.6,0.0,252,94500,13777411730,9,1447174
20260416,20262653,마법 숲 동물 친구들 대모험,2026-04-01,1.5,0.0,274,38000,18664200,4,1981
20260416,20060033,오만과 편견,2006-03-24,6.8,0.0,59,38000,5800519100,4,910929
20260416,20211261,귀멸의 칼날: 나타구모산 편,2021-11-17,2.7,0.0,113,23000,448743570,3,47100
20260416,20210301,귀멸의 칼날: 남매의 연,2021-11-10,1.8,0.0,113,20000,667164240,2,68437
20260416,20262639,노멀,2026-04-17,2.3,0.0,86,16500,3742500,2,532
20260416,19990070,인정사정 볼 것 없다,1999-07-31,2.1,0.0,94,16000,5983800,2,665
20260416,20250604,극장판 엉덩이 탐정: 스타 앤드 문,2026-02-07,5.0,0.0,40,15000,462474300,2,57555
20260416,20226489,리바운드,2023-04-05,1.3,0.0,150,12000,6789684688,2,707390
20260416,20258484,"미스터김, 영화관에 가다",2026-02-19,1.9,0.0,52,10000,9657708,1,1211
20260416,20060284,라디오 스타,2006-09-28,1.1,0.0,94,7000,9863291600,1,1590928
20260416,20242548,마사지 받다가 황홀경 느낀 동거녀,2026-04-16,3.2,0.0,31,6000,6000,1,1
20260416,20242492,옛 스승에게 가랑이 털려버린 유부녀,2026-04-16,1.3,0.0,77,6000,6000,1,1
20260416,20242542,정력남 손님 만나 절정 느낀 유부녀 마사지사,2026-04-16,3.2,0.0,31,6000,6000,1,1
20260429,20259791,악마는 프라다를 입는다 2,2026-04-29,16.9,42.5,891000,1228075630,1237084630,150767,151768
20260429,20259773,슈퍼 마리오 갤럭시,2026-04-29,10.3,27.9,585315,516365150,554479150,60433,63460
20260429,20254121,살목지,2026-04-08,25.1,11.2,235486,474448900,21945217720,59050,2135881
20260429,20261782,프로젝트 헤일메리,2026-03-18,19.2,3.3,69950,123609740,28666661980,13393,2536717
20260429,20240532,짱구,2026-04-22,15.1,4.2,87608,107524750,2005147340,13237,208319
20260429,20242837,왕과 사는 남자,2026-02-04,16.5,1.7,35557,48142500,161538927600,5848,16734429
20260429,20262775,기동전사 건담: 섬광의 하사웨이 키르케의 마녀,2026-04-22,19.5,0.8,15783,21421100,346129700,3083,24272
20260429,20262639,노멀,2026-04-17,19.8,0.2,3047,3259000,118015500,602,18101
20260429,20256283,호퍼스,2026-03-04,71.5,0.0,585,2903000,7522553270,418,762753
20260429,20138661,케이온,2013-06-13,23.7,0.1,1289,3072150,421064981,306,43180
20260428,20254121,살목지,2026-04-08,8.4,34.2,610532,516037650,21470768820,51175,2076831
20260428,20261782,프로젝트 헤일메리,2026-03-18,6.6,14.3,254861,187617430,28543052240,16822,2523324
20260428,20240532,짱구,2026-04-22,8.1,10.7,191101,148879770,1897622590,15554,195082
20260428,20242837,왕과 사는 남자,2026-02-04,7.6,8.6,153141,108013420,161490785100,11671,16728581
20260428,20262657,리 크로닌의 미이라,2026-04-22,5.1,3.0,54430,29566140,365849230,2746,33691
20260428,20262775,기동전사 건담: 섬광의 하사웨이 키르케의 마녀,2026-04-22,5.8,1.4,25069,21470500,324708600,1449,21189
20260428,19980231,트루먼 쇼,1998-10-24,5.9,0.6,10730,6815450,357202250,631,38333
20260428,20259626,마이클,2026-05-13,100.0,0.0,624,10608000,10608000,624,624
20260428,20262639,노멀,2026-04-17,5.9,0.5,9679,3442400,114756500,571,17499
20260428,20262907,고트: 더 레전드,2026-04-17,8.1,0.4,6882,4578400,275410580,558,31034
20260427,20254121,살목지,2026-04-08,7.0,34.2,601284,432784450,20954731170,41902,2025656
20260427,20240532,짱구,2026-04-22,8.2,10.8,190253,151815590,1748742820,15630,179528
20260427,20261782,프로젝트 헤일메리,2026-03-18,6.1,14.6,256001,177733770,28355434810,15612,2506502
20260427,20242837,왕과 사는 남자,2026-02-04,6.7,8.6,150436,97179210,161382771680,10114,16716910
20260427,20262657,리 크로닌의 미이라,2026-04-22,5.0,3.2,55557,29366870,336283090,2758,30945
20260427,20262775,기동전사 건담: 섬광의 하사웨이 키르케의 마녀,2026-04-22,5.3,1.4,25285,19936000,303238100,1329,19740
20260427,20259791,악마는 프라다를 입는다 2,2026-04-29,109.2,0.0,917,9009000,9009000,1001,1001
20260427,20262383,쉘터,2026-04-15,9.3,0.4,6683,3727600,146291350,618,21251
20260427,19980231,트루먼 쇼,1998-10-24,5.6,0.6,9926,5797000,350386800,551,37702
20260427,20088147,줄무늬 파자마를 입은 소년,2026-04-23,2.6,1.0,18084,4592800,65446400,476,8888
20260426,20254121,살목지,2026-04-08,14.1,36.2,776068,1133087750,20521946720,109078,1983754
20260426,20261782,프로젝트 헤일메리,2026-03-18,15.9,13.7,292554,541382840,28177701040,46552,2490890
20260426,20240532,짱구,2026-04-22,20.0,9.8,210100,421721840,1596927230,42065,163898
20260426,20242837,왕과 사는 남자,2026-02-04,13.9,8.4,180962,254317380,161285592470,25080,16706796
20260426,20262657,리 크로닌의 미이라,2026-04-22,8.7,2.5,54286,53875420,306916220,4731,28187
20260426,20262907,고트: 더 레전드,2026-04-17,9.1,2.0,42948,35797310,267596660,3908,30056
20260426,20262775,기동전사 건담: 섬광의 하사웨이 키르케의 마녀,2026-04-22,14.3,1.2,24621,51733000,283302100,3513,18411
20260426,19980231,트루먼 쇼,1998-10-24,27.1,0.5,10002,37594350,344589800,2711,37151
20260426,20088147,줄무늬 파자마를 입은 소년,2026-04-23,8.5,0.9,19904,13019150,60853600,1691,8412
20260426,20253289,극장판 귀멸의 칼날: 무한성편,2025-08-22,41.9,0.2,3368,15584200,62855226250,1410,5813834
20260425,20254121,살목지,2026-04-08,18.0,36.7,822097,1544389690,19388858970,147850,1874676
20260425,20261782,프로젝트 헤일메리,2026-03-18,18.5,13.6,305053,667492690,27636318200,56289,2444338
20260425,20240532,짱구,2026-04-22,20.9,9.5,212662,444352600,1175205390,44479,121833
20260425,20242837,왕과 사는 남자,2026-02-04,14.5,8.4,188908,279696810,161031275090,27383,16681716
20260425,20262657,리 크로닌의 미이라,2026-04-22,11.3,2.6,57663,72656260,253040800,6491,23456
20260425,20262775,기동전사 건담: 섬광의 하사웨이 키르케의 마녀,2026-04-22,18.0,1.1,24717,67305600,231569100,4441,14898
20260425,20262907,고트: 더 레전드,2026-04-17,7.9,2.0,45909,32711310,231799350,3617,26148
20260425,20262811,"극장판 총집편 걸즈 밴드 크라이 있잖아, 미래.",2026-04-16,21.8,0.4,9700,21736800,112811230,2116,10750
20260425,20088147,줄무늬 파자마를 입은 소년,2026-04-23,8.7,0.9,20243,14580500,47834450,1765,6721
20260425,20259773,슈퍼 마리오 갤럭시,2026-04-29,96.9,0.0,1109,10750000,37574000,1075,2967
20260424,20254121,살목지,2026-04-08,12.5,34.8,691953,914624580,17844469280,86527,1726826
20260424,20261782,프로젝트 헤일메리,2026-03-18,9.5,13.8,274060,315679320,26968825510,26138,2388049
20260424,20240532,짱구,2026-04-22,13.5,9.2,183757,241048860,730852790,24822,77354
20260424,20242837,왕과 사는 남자,2026-02-04,9.0,8.2,163668,142824230,160751578280,14695,16654333
20260424,20262657,리 크로닌의 미이라,2026-04-22,6.7,3.6,72420,55164170,180384540,4854,16965
20260424,20262775,기동전사 건담: 섬광의 하사웨이 키르케의 마녀,2026-04-22,10.3,1.4,27575,46815500,164263500,2842,10457
20260424,20262639,노멀,2026-04-17,19.7,0.4,9027,9612600,101674800,1775,15602
20260424,20088147,줄무늬 파자마를 입은 소년,2026-04-23,5.7,1.2,23767,9805250,33253950,1352,4956
20260424,19980231,트루먼 쇼,1998-10-24,9.2,0.6,11743,12011800,295917150,1084,33450
20260424,20256283,호퍼스,2026-03-04,45.0,0.1,1590,6048300,7494046540,716,759784
20260423,20254121,살목지,2026-04-08,8.1,32.3,598219,491825750,16929844700,48405,1640299
20260423,20240532,짱구,2026-04-22,12.2,9.1,168672,191648240,489803930,20639,52532
20260423,20261782,프로젝트 헤일메리,2026-03-18,6.1,13.5,250145,177415070,26653146190,15223,2361911
20260423,20242837,왕과 사는 남자,2026-02-04,7.6,8.0,148843,103385170,160608754050,11285,16639638
20260423,20262657,리 크로닌의 미이라,2026-04-22,6.2,3.9,71438,46734280,125220370,4459,12111
20260423,20088147,줄무늬 파자마를 입은 소년,2026-04-23,12.5,1.4,26230,19611100,23448700,3270,3604
20260423,20262775,기동전사 건담: 섬광의 하사웨이 키르케의 마녀,2026-04-22,9.1,1.5,27787,39252000,117448000,2539,7615
20260423,20262639,노멀,2026-04-17,12.4,0.8,14069,9932100,92062200,1744,13827
20260423,20262907,고트: 더 레전드,2026-04-17,5.5,0.9,16175,7144500,194765790,881,22011
20260423,19980231,트루먼 쇼,1998-10-24,7.9,0.5,9363,7522550,283905350,738,32366
20260429,20262657,리 크로닌의 미이라,2026-04-22,8.9,0.2,3149,2385050,368234280,279,33970
20260429,20192680,끝장수사,2026-04-02,23.8,0.0,1110,1942000,831663120,264,90447
20260429,20241575,메소드연기,2026-03-18,100.0,0.0,262,1776000,580461130,262,62748
20260429,20088147,줄무늬 파자마를 입은 소년,2026-04-23,6.1,0.2,3577,1711350,72561550,217,9647
20260429,20262907,고트: 더 레전드,2026-04-17,20.4,0.0,878,1156000,276566580,179,31213
20260429,20226489,리바운드,2023-04-05,66.1,0.0,215,1136000,6793119188,142,707710
20260429,20262811,"극장판 총집편 걸즈 밴드 크라이 있잖아, 미래.",2026-04-16,6.1,0.1,2230,1207400,128920850,136,12324
20260429,20225637,뿌까의 짜장면파티,2022-07-04,70.1,0.0,184,774000,257022500,129,42656
20260429,20226444,극장판 엄마 까투리: 도시로 간 까투리 가족,2022-09-08,42.9,0.0,282,847000,1624212999,121,176087
20260429,19980231,트루먼 쇼,1998-10-24,29.4,0.0,384,818000,358020250,113,38446
20260429,20262631,5월18일생,2026-05-14,100.0,0.0,99,1089000,4899000,99,461
20260429,20262541,빨간 나라를 보았니,2026-04-15,5.5,0.1,1579,942050,24778500,86,2349
20260429,20248252,와일드 씽,2026-06-03,100.0,0.0,86,860000,1994000,86,212
20260429,20262741,르세라핌 브이알 콘서트 : 인비테이션,2026-04-15,6.7,0.1,1264,2730000,81786000,84,2498
20260429,20262383,쉘터,2026-04-15,2.3,0.1,2594,550200,148127000,60,21451
20260429,20262291,뮤지컬 장수탕 선녀님,2026-03-26,20.8,0.0,269,448000,164356580,56,16975
20260429,20210684,두다다쿵: 후후섬의 비밀,2023-02-15,29.2,0.0,137,280000,1143238650,40,126971
20260429,20262463,오피셜히게단디즘 라이브 앳 스타디움 2025,2026-04-02,5.1,0.0,584,750000,339557000,30,13592
20260429,20261666,네가 마지막으로 남긴 노래,2026-04-01,9.2,0.0,314,207800,819557240,29,81496
20260429,19980001,미술관 옆 동물원,1998-12-19,51.9,0.0,52,189000,4687000,27,502
20260429,20030272,4월 이야기,2000-04-08,17.1,0.0,152,156000,147978400,26,19073
20260429,20257521,프로텍터,2026-03-25,7.0,0.0,355,150000,208265810,25,24958
20260429,20250299,고고다이노 극장판: 곤충세계 대모험,2026-01-14,60.0,0.0,40,168000,377149800,24,42210
20260429,20262622,뱅: 킬러 리턴즈,2026-04-09,8.9,0.0,113,60000,867000,10,113
20260429,20173436,셰이프 오브 워터: 사랑의 모양,2018-02-22,9.3,0.0,86,109000,4275573220,8,512303
20260429,20256397,원 배틀 애프터 어나더,2025-10-01,5.6,0.0,144,67000,5827436420,8,547445
20260429,20250365,햄넷,2026-02-25,8.9,0.0,90,56000,643387790,8,67013
20260429,20256251,귀멸의 칼날: 합동 강화 훈련 주집결편,2025-08-01,4.1,0.0,170,63000,33331200,7,3146
20260429,20256158,귀멸의 칼날: 도공 마을 이어진 인연편,2025-07-25,5.3,0.0,113,56000,44270500,6,4165
20260429,20256249,귀멸의 칼날: 합동 강화 훈련 개막편,2025-08-01,5.3,0.0,113,53000,18480300,6,1836
20260429,20254602,씨너스: 죄인들,2025-05-28,8.5,0.0,59,38000,1165109140,5,100907
20260429,20262661,스크림 7,2026-04-01,1.2,0.0,161,20000,31452850,2,2762
20260429,20247490,누룩,2026-04-15,0.4,0.0,241,10000,42576970,1,5680
20260429,20060284,라디오 스타,2006-09-28,1.1,0.0,94,9500,9863466100,1,1590944
20260429,20250586,주희에게,2026-04-15,1.8,0.0,55,8000,24224900,1,2686
20260429,20262409,여비서 : 그 놈들의 못쓸 짓,2026-04-29,0.7,0.0,146,6000,6000,1,1
20260429,20262426,잘하는 여자 : 섹스가 제일 중요해,2026-04-29,0.7,0.0,146,6000,6000,1,1
20260429,20181462,라 트라비아타,2018-03-04,0.0,0.0,413,0,33270200,0,2158
20260428,20088147,줄무늬 파자마를 입은 소년,2026-04-23,3.0,1.0,18293,5403800,70850200,542,9430
20260428,20253289,극장판 귀멸의 칼날: 무한성편,2025-08-22,14.7,0.2,3248,5145000,62863628250,478,5814616
20260428,20262811,"극장판 총집편 걸즈 밴드 크라이 있잖아, 미래.",2026-04-16,3.3,0.5,8595,2834800,127713450,284,12188
20260428,20226444,극장판 엄마 까투리: 도시로 간 까투리 가족,2022-09-08,41.9,0.0,556,1653000,1623365999,233,175966
20260428,20262787,원 오크 록 디톡스 투어 인 시네마,2026-04-22,7.3,0.2,2594,4725000,89975000,189,3599
20260428,20261906,명탐정 코난: 세기말의 마술사,2026-03-27,12.3,0.1,1430,1510050,986871450,176,96001
20260428,20261666,네가 마지막으로 남긴 노래,2026-04-01,10.4,0.1,1611,1398700,819349440,167,81467
20260428,20262947,모탈 컴뱃 2,2026-05-06,100.0,0.0,166,1494000,1494000,166,166
20260428,20256283,호퍼스,2026-03-04,27.5,0.0,527,1160800,7519650270,145,762335
20260428,20262383,쉘터,2026-04-15,2.5,0.3,5643,1285450,147576800,140,21391
20260428,20248252,와일드 씽,2026-06-03,100.0,0.0,126,1134000,1134000,126,126
20260428,20262541,빨간 나라를 보았니,2026-04-15,7.0,0.1,1625,1160000,23836450,113,2263
20260428,20262741,르세라핌 브이알 콘서트 : 인비테이션,2026-04-15,6.3,0.1,1264,2580000,79056000,79,2414
20260428,20262101,킬 빌: 더 홀 블러디 어페어,2026-04-01,5.8,0.1,1368,1483600,377403600,79,19048
20260428,20173436,셰이프 오브 워터: 사랑의 모양,2018-02-22,3.4,0.1,2240,805600,4275464220,77,512295
20260428,20192680,끝장수사,2026-04-02,8.2,0.0,925,485000,829721120,76,90183
20260428,20262463,오피셜히게단디즘 라이브 앳 스타디움 2025,2026-04-02,4.2,0.1,1790,1875000,338807000,75,13562
20260428,20262291,뮤지컬 장수탕 선녀님,2026-03-26,29.8,0.0,248,592000,163908580,74,16919
20260428,20167904,라라랜드,2016-12-07,53.0,0.0,132,700000,31493612978,70,3802108
20260428,20250365,햄넷,2026-02-25,10.2,0.0,677,653000,643331790,69,67005
20260428,20253101,극장판 진격의 거인 완결편 더 라스트 어택,2025-03-13,5.2,0.1,1104,740000,10766206210,57,1031684
20260428,20138661,케이온,2013-06-13,3.3,0.1,1501,481500,417992831,50,42874
20260428,20247490,누룩,2026-04-15,6.9,0.0,611,365500,42566970,42,5679
20260428,20210684,두다다쿵: 후후섬의 비밀,2023-02-15,41.8,0.0,98,287000,1142958650,41,126931
20260428,20262343,크라임 101,2026-04-08,3.9,0.0,721,205000,141972910,28,19829
20260428,20256397,원 배틀 애프터 어나더,2025-10-01,27.3,0.0,99,261000,5827369420,27,547437
20260428,20247457,신의악단,2025-12-31,27.1,0.0,96,282000,13791296730,26,1448837
20260428,20256757,극장판 체인소 맨: 레제편,2025-09-24,17.7,0.0,113,210500,36334670100,20,3455584
20260428,20123501,군도: 민란의 시대,2014-07-23,7.2,0.0,277,194500,36993362499,20,4776071
20260428,20263121,플래닛 어스 : 대자연의 힘,2026-04-22,2.5,0.0,597,159800,2290200,15,216
20260428,20161872,너의 이름은.,2017-01-04,3.7,0.0,384,98000,32693376297,14,3979592
20260428,19980001,미술관 옆 동물원,1998-12-19,21.2,0.0,52,110000,4498000,11,475
20260428,20129370,명량,2014-07-30,5.9,0.0,186,108000,135764828310,11,17616733
20260428,19980157,위대한 유산,1998-06-13,17.2,0.0,58,94000,1875000,10,188
20260428,19910340,마루타 디 오리지널: 살인공창,1991-12-19,2.2,0.0,458,86500,426000,10,53
20260428,20256251,귀멸의 칼날: 합동 강화 훈련 주집결편,2025-08-01,5.9,0.0,170,84000,33268200,10,3139
20260428,20256158,귀멸의 칼날: 도공 마을 이어진 인연편,2025-07-25,2.1,0.0,283,56000,44214500,6,4159
20260428,20250586,주희에게,2026-04-15,1.8,0.0,338,45000,24216900,6,2685
20260428,20254602,씨너스: 죄인들,2025-05-28,6.8,0.0,59,34000,1165071140,4,100902
20260428,20262661,스크림 7,2026-04-01,0.9,0.0,455,26000,31432850,4,2760
20260428,20262653,마법 숲 동물 친구들 대모험,2026-04-01,1.7,0.0,119,17000,19049200,2,2015
20260428,20256249,귀멸의 칼날: 합동 강화 훈련 개막편,2025-08-01,1.8,0.0,113,12000,18427300,2,1830
20260428,20262214,업소출신 동창생의 프로패셔널 성교,2026-04-28,0.7,0.0,146,6000,6000,1,1
20260428,20263246,새로운 자극이 필요한 커플 교환 섹스,2026-04-28,1.1,0.0,91,1000,1000,1,1
20260427,20262907,고트: 더 레전드,2026-04-17,6.1,0.4,6849,3235520,270832180,420,30476
20260427,20262639,노멀,2026-04-17,3.3,0.6,9680,2091900,111314100,319,16928
20260427,20253289,극장판 귀멸의 칼날: 무한성편,2025-08-22,9.7,0.2,3140,3257000,62858483250,304,5814138
20260427,20256283,호퍼스,2026-03-04,29.2,0.1,1036,2225000,7518489470,302,762190
20260427,20262811,"극장판 총집편 걸즈 밴드 크라이 있잖아, 미래.",2026-04-16,3.3,0.5,8888,2932200,124878650,290,11904
20260427,20227762,올빼미,2022-11-23,46.7,0.0,501,2314000,32864111124,234,3329988
20260427,20263162,그림자 내각,2026-06-25,70.4,0.0,284,2000000,2000000,200,200
20260427,20247457,신의악단,2025-12-31,58.8,0.0,325,1715000,13791014730,191,1448811
20260427,20250840,바다 탐험대 옥토넛 어보브 앤 비욘드 : 육지생물 구조작전,2026-02-12,60.0,0.0,300,1152000,323514200,180,33746
20260427,20262787,원 오크 록 디톡스 투어 인 시네마,2026-04-22,4.7,0.2,2622,3075000,85250000,123,3410
20260427,20192680,끝장수사,2026-04-02,15.3,0.0,739,830000,829236120,113,90107
20260427,20261906,명탐정 코난: 세기말의 마술사,2026-03-27,8.7,0.1,1088,981200,985361400,95,95825
20260427,20262101,킬 빌: 더 홀 블러디 어페어,2026-04-01,4.9,0.1,1672,1488600,375920000,82,18969
20260427,20262541,빨간 나라를 보았니,2026-04-15,8.9,0.0,821,747500,22676450,73,2150
20260427,20261666,네가 마지막으로 남긴 노래,2026-04-01,4.4,0.1,1631,704900,817950740,72,81300
20260427,20253101,극장판 진격의 거인 완결편 더 라스트 어택,2025-03-13,5.6,0.1,1104,808000,10765466210,62,1031627
20260427,20262741,르세라핌 브이알 콘서트 : 인비테이션,2026-04-15,4.8,0.1,1264,1907500,76476000,60,2335
20260427,20173436,셰이프 오브 워터: 사랑의 모양,2018-02-22,3.1,0.1,1955,674100,4274658620,60,512218
20260427,20259773,슈퍼 마리오 갤럭시,2026-04-29,100.0,0.0,60,540000,38114000,60,3027
20260427,20232639,극장판 슈퍼윙스: 맥시멈 스피드,2023-07-20,34.3,0.0,146,350000,1198880958,50,136953
20260427,20262463,오피셜히게단디즘 라이브 앳 스타디움 2025,2026-04-02,2.9,0.1,1326,950000,336932000,38,13487
20260427,20167904,라라랜드,2016-12-07,95.0,0.0,40,380000,31492912978,38,3802038
20260427,20138661,케이온,2013-06-13,2.9,0.1,1107,346650,417511331,32,42824
20260427,20241575,메소드연기,2026-03-18,73.0,0.0,37,162000,578685130,27,62486
20260427,20263121,플래닛 어스 : 대자연의 힘,2026-04-22,3.2,0.0,802,229000,2130400,26,201
20260427,20257521,프로텍터,2026-03-25,7.4,0.0,340,150000,208115810,25,24933
20260427,20176122,안시성,2018-09-19,11.3,0.0,186,161000,46344120526,21,5441279
20260427,20254602,씨너스: 죄인들,2025-05-28,50.0,0.0,40,200000,1165037140,20,100898
20260427,20262343,크라임 101,2026-04-08,2.3,0.0,657,127800,141767910,15,19801
20260427,20250365,햄넷,2026-02-25,7.9,0.0,178,117000,642678790,14,66936
20260427,20247490,누룩,2026-04-15,1.2,0.1,1196,109500,42201470,14,5637
20260427,19980157,위대한 유산,1998-06-13,24.1,0.0,58,98000,1781000,14,178
20260427,20256251,귀멸의 칼날: 합동 강화 훈련 주집결편,2025-08-01,2.9,0.0,340,76000,33184200,10,3129
20260427,19980001,미술관 옆 동물원,1998-12-19,18.0,0.0,50,90000,4388000,9,464
20260427,20256757,극장판 체인소 맨: 레제편,2025-09-24,4.1,0.0,170,73000,36334459600,7,3455564
20260427,20161872,너의 이름은.,2017-01-04,1.6,0.0,384,42000,32693278297,6,3979578
20260427,19910340,마루타 디 오리지널: 살인공창,1991-12-19,2.6,0.0,152,43000,339500,4,43
20260427,20256158,귀멸의 칼날: 도공 마을 이어진 인연편,2025-07-25,3.5,0.0,113,32000,44158500,4,4153
20260427,20250586,주희에게,2026-04-15,1.8,0.0,225,26000,24171900,4,2679
20260427,20060284,라디오 스타,2006-09-28,3.2,0.0,94,42000,9863456600,3,1590943
20260427,20262661,스크림 7,2026-04-01,0.7,0.0,455,24000,31406850,3,2756
20260427,20262291,뮤지컬 장수탕 선녀님,2026-03-26,2.4,0.0,84,18000,163316580,2,16845
20260427,20255829,벗겨진 친구 아내 무삭제,2026-04-27,0.7,0.0,146,6000,6000,1,1
20260427,20262028,아내 몰래 커피숍 직원과 불륜의 밤,2026-04-27,0.7,0.0,146,6000,6000,1,1
20260427,20263282,잡것들,2026-04-27,1.7,0.0,59,6000,6000,1,1
20260427,20263281,"형부, 위로해 줘!",2026-04-27,1.7,0.0,59,6000,6000,1,1
20260427,20262074,힘들게 사는 미혼모 유부남과 밀애,2026-04-27,0.7,0.0,146,6000,6000,1,1
20260426,20256283,호퍼스,2026-03-04,14.5,0.4,7397,11641730,7516264470,1075,761888
20260426,20262811,"극장판 총집편 걸즈 밴드 크라이 있잖아, 미래.",2026-04-16,9.3,0.4,9256,9135220,121946450,864,11614
20260426,20262383,쉘터,2026-04-15,9.7,0.3,6204,4145600,142563750,604,20633
20260426,20262639,노멀,2026-04-17,6.4,0.4,7478,3584800,109222200,478,16609
20260426,20263094,기동전사 건담: 섬광의 하사웨이,2026-04-24,17.4,0.1,2604,5064700,19228100,454,1710
20260426,20262787,원 오크 록 디톡스 투어 인 시네마,2026-04-22,14.7,0.1,2724,10025000,82175000,401,3287
20260426,20262291,뮤지컬 장수탕 선녀님,2026-03-26,9.1,0.1,2905,2440000,163298580,263,16843
20260426,20262463,오피셜히게단디즘 라이브 앳 스타디움 2025,2026-04-02,9.5,0.1,2374,5650000,335982000,226,13449
20260426,20262906,극장판 반짝반짝 달님이: 싱어롱 파티,2026-05-01,11.0,0.1,1785,2024300,7695100,196,794
20260426,20112311,머니볼,2011-11-17,100.0,0.0,194,1938000,4680634000,194,641517
20260426,20261906,명탐정 코난: 세기말의 마술사,2026-03-27,8.1,0.1,2285,1873400,984380200,185,95730
20260426,20247457,신의악단,2025-12-31,39.7,0.0,343,1146600,13789299730,136,1448620
20260426,20262101,킬 빌: 더 홀 블러디 어페어,2026-04-01,7.4,0.1,1767,2531200,374431400,130,18887
20260426,20262541,빨간 나라를 보았니,2026-04-15,7.6,0.1,1505,1216650,21928950,115,2077
20260426,20192680,끝장수사,2026-04-02,5.0,0.1,2201,895500,828406120,111,89994
20260426,20262741,르세라핌 브이알 콘서트 : 인비테이션,2026-04-15,8.4,0.1,1264,3461000,74568500,106,2275
20260426,20256034,킹 오브 프리즘 -유어 엔드리스 콜- 모두 빛나라! 프리즘 투어즈,2025-07-18,17.8,0.0,568,1113500,410690910,101,43768
20260426,20261666,네가 마지막으로 남긴 노래,2026-04-01,7.1,0.1,1236,947700,817245840,88,81228
20260426,20173436,셰이프 오브 워터: 사랑의 모양,2018-02-22,3.5,0.1,2506,1063400,4273984520,87,512158
20260426,20253101,극장판 진격의 거인 완결편 더 라스트 어택,2025-03-13,6.7,0.1,1196,1044200,10764658210,80,1031565
20260426,20250365,햄넷,2026-02-25,29.5,0.0,210,594000,642561790,62,66922
20260426,20246777,더 폴: 디렉터스 컷,2024-12-25,54.4,0.0,92,600000,1967996400,50,190452
20260426,20138661,케이온,2013-06-13,3.4,0.1,1380,548300,417164681,47,42792
20260426,20250840,바다 탐험대 옥토넛 어보브 앤 비욘드 : 육지생물 구조작전,2026-02-12,38.5,0.0,122,334000,322362200,47,33566
20260426,20258709,좀비 랜드 사가: 유메긴가 파라다이스,2026-03-04,50.6,0.0,87,542500,113111970,44,9690
20260426,20263121,플래닛 어스 : 대자연의 힘,2026-04-22,4.5,0.0,964,428900,1901400,43,175
20260426,20256757,극장판 체인소 맨: 레제편,2025-09-24,12.4,0.0,340,514500,36334386600,42,3455557
20260426,20254602,씨너스: 죄인들,2025-05-28,39.4,0.0,99,423000,1164837140,39,100878
20260426,20167904,라라랜드,2016-12-07,97.5,0.0,40,411000,31492532978,39,3802000
20260426,20256397,원 배틀 애프터 어나더,2025-10-01,38.4,0.0,99,340000,5827108420,38,547410
20260426,19980001,미술관 옆 동물원,1998-12-19,53.9,0.0,52,280000,4298000,28,455
20260426,20262343,크라임 101,2026-04-08,4.4,0.0,546,181600,141640110,24,19786
20260426,20247490,누룩,2026-04-15,2.2,0.0,1051,190600,42091970,23,5623
20260426,20148846,사도,2015-09-16,6.9,0.0,277,169000,48847504501,19,6247832
20260426,20161872,너의 이름은.,2017-01-04,5.0,0.0,384,131000,32693236297,19,3979572
20260426,20249641,나쁜계집애: 달려라 하니,2025-10-07,19.5,0.0,87,185000,645069230,17,71198
20260426,20030272,4월 이야기,2000-04-08,19.7,0.0,76,157000,147822400,15,19047
20260426,20256158,귀멸의 칼날: 도공 마을 이어진 인연편,2025-07-25,6.6,0.0,226,142000,44126500,15,4149
20260426,20256251,귀멸의 칼날: 합동 강화 훈련 주집결편,2025-08-01,6.2,0.0,226,121000,33108200,14,3119
20260426,20262653,마법 숲 동물 친구들 대모험,2026-04-01,2.8,0.0,435,149000,19032200,12,2013
20260426,20250586,주희에게,2026-04-15,5.3,0.0,170,69000,24145900,9,2675
20260426,19910340,마루타 디 오리지널: 살인공창,1991-12-19,2.4,0.0,287,47500,296500,7,39
20260426,19980157,위대한 유산,1998-06-13,10.3,0.0,58,70000,1683000,6,164
20260426,20256249,귀멸의 칼날: 합동 강화 훈련 개막편,2025-08-01,4.4,0.0,113,50000,18415300,5,1828
20260426,20126091,관상,2013-09-11,1.8,0.0,277,40000,66009461500,5,9135713
20260426,19990070,인정사정 볼 것 없다,1999-07-31,2.1,0.0,94,22000,6393300,2,699
20260426,20262661,스크림 7,2026-04-01,0.7,0.0,304,20000,31382850,2,2753
20260426,20262327,특별편집판 기동전사 건담 철혈의 오펀스 우르드 헌트 -작은 도전자의 궤적-,2026-04-04,0.6,0.0,157,10000,35932750,1,3519
20260425,20256283,호퍼스,2026-03-04,12.5,0.4,8266,10576200,7504622740,1029,760813
20260425,20253289,극장판 귀멸의 칼날: 무한성편,2025-08-22,31.5,0.1,3224,11479000,62839642050,1015,5812424
20260425,19980231,트루먼 쇼,1998-10-24,10.8,0.4,9134,11078300,306995450,990,34440
20260425,20262787,원 오크 록 디톡스 투어 인 시네마,2026-04-22,31.9,0.1,2724,21700000,72150000,868,2886
20260425,20262906,극장판 반짝반짝 달님이: 싱어롱 파티,2026-05-01,29.0,0.1,2059,5670800,5670800,598,598
20260425,20263094,기동전사 건담: 섬광의 하사웨이,2026-04-24,21.8,0.1,2656,6615550,14163400,578,1256
20260425,20262383,쉘터,2026-04-15,8.5,0.3,6225,3842550,138418150,531,20029
20260425,20262639,노멀,2026-04-17,6.2,0.4,8471,3962600,105637400,529,16131
20260425,20262463,오피셜히게단디즘 라이브 앳 스타디움 2025,2026-04-02,18.7,0.1,2152,10073500,330332000,403,13223
20260425,20262291,뮤지컬 장수탕 선녀님,2026-03-26,9.1,0.1,3055,2420000,160858580,277,16580
20260425,20261906,명탐정 코난: 세기말의 마술사,2026-03-27,10.0,0.1,2355,2250600,982506800,235,95545
20260425,20138661,케이온,2013-06-13,16.6,0.1,1385,2538450,416616381,230,42745
20260425,20262741,르세라핌 브이알 콘서트 : 인비테이션,2026-04-15,16.1,0.1,1264,6606500,71107500,203,2169
20260425,20188441,킹메이커,2022-01-26,99.0,0.0,194,1905100,7384701210,192,783759
20260425,20247457,신의악단,2025-12-31,32.0,0.0,478,861400,13788153130,153,1448484
20260425,20256034,킹 오브 프리즘 -유어 엔드리스 콜- 모두 빛나라! 프리즘 투어즈,2025-07-18,17.6,0.0,852,1659500,409577410,150,43667
20260425,20247490,누룩,2026-04-15,11.6,0.0,1216,1666100,41901370,141,5600
20260425,20261666,네가 마지막으로 남긴 노래,2026-04-01,6.5,0.1,2148,1416500,816298140,140,81140
20260425,20192680,끝장수사,2026-04-02,6.6,0.1,2111,1104000,827510620,139,89883
20260425,20262101,킬 빌: 더 홀 블러디 어페어,2026-04-01,7.2,0.1,1643,2309000,371900200,118,18757
20260425,20173436,셰이프 오브 워터: 사랑의 모양,2018-02-22,4.7,0.1,2483,1420700,4272921120,117,512071
20260425,20190280,날씨의 아이,2019-10-30,75.5,0.0,106,1040000,7708734752,80,895401
20260425,20253101,극장판 진격의 거인 완결편 더 라스트 어택,2025-03-13,7.7,0.0,969,1001800,10763614010,75,1031485
20260425,20219345,놉,2022-08-17,28.5,0.0,214,1281000,4711616135,61,416109
20260425,20263121,플래닛 어스 : 대자연의 힘,2026-04-22,5.3,0.0,793,414950,1472500,42,132
20260425,20258709,좀비 랜드 사가: 유메긴가 파라다이스,2026-03-04,42.5,0.0,87,450870,112569470,37,9646
20260425,20167904,라라랜드,2016-12-07,92.5,0.0,40,407000,31492121978,37,3801961
20260425,20262541,빨간 나라를 보았니,2026-04-15,9.5,0.0,357,377000,20712300,34,1962
20260425,20249641,나쁜계집애: 달려라 하니,2025-10-07,37.9,0.0,87,410000,644884230,33,71181
20260425,20262343,크라임 101,2026-04-08,5.5,0.0,569,248000,141458510,31,19762
20260425,20256251,귀멸의 칼날: 합동 강화 훈련 주집결편,2025-08-01,9.2,0.0,283,229000,32987200,26,3105
20260425,20250365,햄넷,2026-02-25,12.7,0.0,197,226000,641967790,25,66860
20260425,20254602,씨너스: 죄인들,2025-05-28,37.3,0.0,59,239000,1164414140,22,100839
20260425,20256158,귀멸의 칼날: 도공 마을 이어진 인연편,2025-07-25,6.7,0.0,283,179000,43984500,19,4134
20260425,20161872,너의 이름은.,2017-01-04,5.0,0.0,384,133000,32693105297,19,3979553
20260425,20148846,사도,2015-09-16,5.8,0.0,277,144000,48847335501,16,6247813
20260425,20126091,관상,2013-09-11,4.3,0.0,277,107000,66009421500,12,9135708
20260425,20030272,4월 이야기,2000-04-08,11.8,0.0,76,97000,147665400,9,19032
20260425,20256757,극장판 체인소 맨: 레제편,2025-09-24,4.7,0.0,170,99000,36333872100,8,3455515
20260425,20256249,귀멸의 칼날: 합동 강화 훈련 개막편,2025-08-01,2.8,0.0,283,76000,18365300,8,1823
20260425,20250840,바다 탐험대 옥토넛 어보브 앤 비욘드 : 육지생물 구조작전,2026-02-12,17.5,0.0,40,52000,322028200,7,33519
20260425,20060033,오만과 편견,2006-03-24,10.2,0.0,59,66000,5800926100,6,910967
20260425,20256397,원 배틀 애프터 어나더,2025-10-01,10.2,0.0,59,66000,5826768420,6,547372
20260425,19910340,마루타 디 오리지널: 살인공창,1991-12-19,2.1,0.0,289,56000,249000,6,32
20260425,20262653,마법 숲 동물 친구들 대모험,2026-04-01,1.5,0.0,332,57000,18883200,5,2001
20260425,20060284,라디오 스타,2006-09-28,4.3,0.0,94,46000,9863414600,4,1590940
20260425,19990070,인정사정 볼 것 없다,1999-07-31,4.3,0.0,94,39500,6371300,4,697
20260425,20250586,주희에게,2026-04-15,1.9,0.0,216,38000,24076900,4,2666
20260425,20262661,스크림 7,2026-04-01,1.2,0.0,161,30000,31362850,2,2751
20260424,20263094,기동전사 건담: 섬광의 하사웨이,2026-04-24,24.6,0.1,2755,7547850,7547850,678,678
20260424,20262383,쉘터,2026-04-15,8.7,0.3,6754,4012550,134575600,588,19498
20260424,20262907,고트: 더 레전드,2026-04-17,6.1,0.4,8505,4322250,199088040,520,22531
20260424,20262787,원 오크 록 디톡스 투어 인 시네마,2026-04-22,15.5,0.1,2724,10550000,50450000,422,2018
20260424,20262811,"극장판 총집편 걸즈 밴드 크라이 있잖아, 미래.",2026-04-16,3.8,0.5,9748,4043370,91074430,370,8634
20260424,20253289,극장판 귀멸의 칼날: 무한성편,2025-08-22,10.6,0.2,3224,4062000,62828163050,343,5811409
20260424,20252373,넘버원,2026-02-11,85.2,0.0,392,2488000,2687438020,334,280471
20260424,20192680,끝장수사,2026-04-02,20.2,0.1,1494,2066000,826406620,301,89744
20260424,20224667,잠,2023-09-06,100.0,0.0,194,1931000,13896189933,194,1470553
20260424,20200142,소방관,2024-12-04,100.0,0.0,173,1557000,36317581170,173,3859391
20260424,20262541,빨간 나라를 보았니,2026-04-15,8.4,0.1,1983,1566700,20335300,166,1928
20260424,20226489,리바운드,2023-04-05,100.0,0.0,144,1990000,6791983188,144,707568
20260424,20173436,셰이프 오브 워터: 사랑의 모양,2018-02-22,4.9,0.1,2397,1420200,4271500420,118,511954
20260424,20262741,르세라핌 브이알 콘서트 : 인비테이션,2026-04-15,7.7,0.1,1264,3119000,64501000,97,1966
20260424,20138661,케이온,2013-06-13,6.9,0.1,1191,912000,414077931,82,42515
20260424,20250299,고고다이노 극장판: 곤충세계 대모험,2026-01-14,80.0,0.0,100,560000,376981800,80,42186
20260424,20249507,극장판 하이큐!! 쓰레기장의 결전,2024-05-15,72.0,0.0,107,770000,7770881117,77,755710
20260424,20253101,극장판 진격의 거인 완결편 더 라스트 어택,2025-03-13,7.5,0.0,1017,1073000,10762612210,76,1031410
20260424,20247490,누룩,2026-04-15,8.2,0.0,931,953000,40235270,76,5459
20260424,20261666,네가 마지막으로 남긴 노래,2026-04-01,5.0,0.1,1518,744000,814881640,76,81000
20260424,20262101,킬 빌: 더 홀 블러디 어페어,2026-04-01,4.9,0.1,1364,1330400,369591200,67,18639
20260424,20250365,햄넷,2026-02-25,13.3,0.0,488,630500,641741790,65,66835
20260424,20261906,명탐정 코난: 세기말의 마술사,2026-03-27,6.3,0.0,964,684700,980256200,61,95310
20260424,20262463,오피셜히게단디즘 라이브 앳 스타디움 2025,2026-04-02,4.4,0.1,1298,1425000,320258500,57,12820
20260424,20256251,귀멸의 칼날: 합동 강화 훈련 주집결편,2025-08-01,9.5,0.0,453,379000,32758200,43,3079
20260424,20256158,귀멸의 칼날: 도공 마을 이어진 인연편,2025-07-25,9.4,0.0,340,282000,43805500,32,4115
20260424,20247457,신의악단,2025-12-31,9.6,0.0,301,235200,13787291730,29,1448331
20260424,20262343,크라임 101,2026-04-08,4.5,0.0,642,201500,141210510,29,19731
20260424,20257521,프로텍터,2026-03-25,9.2,0.0,272,150000,207965810,25,24908
20260424,20263121,플래닛 어스 : 대자연의 힘,2026-04-22,3.5,0.0,649,274600,1057550,23,90
20260424,20256249,귀멸의 칼날: 합동 강화 훈련 개막편,2025-08-01,8.1,0.0,283,197000,18289300,23,1815
20260424,19980001,미술관 옆 동물원,1998-12-19,44.0,0.0,50,220000,4018000,22,427
20260424,20263142,몸으로 위로해 달라는 여대생,2026-04-24,24.1,0.0,83,100000,100000,20,20
20260424,20263125,터질 듯한 야한 몸매의 여선배,2026-04-24,18.9,0.0,106,100000,100000,20,20
20260424,20124079,"광해, 왕이 된 남자",2012-09-13,5.8,0.0,277,147000,88914119969,16,12324158
20260424,20129370,명량,2014-07-30,3.6,0.0,277,86000,135764720310,10,17616722
20260424,19980157,위대한 유산,1998-06-13,15.5,0.0,58,106000,1613000,9,158
20260424,20060033,오만과 편견,2006-03-24,7.2,0.0,111,88000,5800860100,8,910961
20260424,20030272,4월 이야기,2000-04-08,5.3,0.0,152,75000,147568400,8,19023
20260424,20250586,주희에게,2026-04-15,3.4,0.0,209,55000,24038900,7,2662
20260424,19910340,마루타 디 오리지널: 살인공창,1991-12-19,1.4,0.0,430,52000,193000,6,26
20260424,19990070,인정사정 볼 것 없다,1999-07-31,5.3,0.0,94,52000,6331800,5,693
20260424,20262291,뮤지컬 장수탕 선녀님,2026-03-26,2.9,0.0,105,30000,158438580,3,16303
20260424,20262661,스크림 7,2026-04-01,1.2,0.0,161,18000,31332850,2,2749
20260424,20262327,특별편집판 기동전사 건담 철혈의 오펀스 우르드 헌트 -작은 도전자의 궤적-,2026-04-04,1.3,0.0,157,10000,35922750,2,3518
20260424,20247366,10년만에 찾아온 타락교사에게 길들여진 처자,2026-04-24,1.3,0.0,77,6000,6000,1,1
20260424,20247339,남편을 위해 사장님과 내연 계약한 아내,2026-04-24,1.3,0.0,77,6000,6000,1,1
20260424,20247340,남편의 영정 앞에서 몇번이나 가버린 미망인,2026-04-24,3.2,0.0,31,6000,6000,1,1
20260424,20263153,새아들과의 끝없는 번식본능,2026-04-24,1.2,0.0,83,6000,6000,1,1
20260424,20263154,새엄마 몸 속에 짜내버린 체액,2026-04-24,1.2,0.0,83,6000,6000,1,1
20260424,20247367,싫어하는 시아버지에게 매일 봉사하는 아내,2026-04-24,1.3,0.0,77,6000,6000,1,1
20260424,20247387,싫어하는 전 남친에 속아 쾌락에 빠진 약혼녀,2026-04-24,3.2,0.0,31,6000,6000,1,1
20260424,20263170,씨 없는 남편 앞에서 대물을 맛본 아내,2026-04-24,1.2,0.0,83,6000,6000,1,1
20260424,20247351,약점 잡혀 동료교사에게 마구 가버린 여교사,2026-04-24,1.3,0.0,77,6000,6000,1,1
20260424,20247331,옆집 중년 남자의 물건을 원하는 슬렌더 아내,2026-04-24,1.3,0.0,77,6000,6000,1,1
20260424,20247388,제자의 성욕을 몇번이고 받아주는 거유 여선생,2026-04-24,3.2,0.0,31,6000,6000,1,1
20260424,20247368,체액 범벅 아저씨에 빠진 슬렌더 처자,2026-04-24,3.2,0.0,31,6000,6000,1,1
20260424,20247390,출장 업소를 다니는 거유 여친의 속사정,2026-04-24,3.2,0.0,31,6000,6000,1,1
20260424,20263093,아래가 흠뻑 젖은 엄마친구,2026-04-24,0.5,0.0,195,1000,1000,1,1
20260423,20262811,"극장판 총집편 걸즈 밴드 크라이 있잖아, 미래.",2026-04-16,6.9,0.5,9846,6808840,87031060,680,8264
20260423,20262383,쉘터,2026-04-15,7.5,0.4,6687,2976950,130563050,500,18910
20260423,20262787,원 오크 록 디톡스 투어 인 시네마,2026-04-22,15.3,0.2,2724,10400000,39900000,416,1596
20260423,20253289,극장판 귀멸의 칼날: 무한성편,2025-08-22,9.8,0.2,3272,3502000,62824101050,320,5811066
20260423,20256283,호퍼스,2026-03-04,24.4,0.1,1278,2354800,7487998240,312,759068
20260423,20192680,끝장수사,2026-04-02,14.4,0.1,1460,1770000,824340620,210,89443
20260423,20247457,신의악단,2025-12-31,37.1,0.0,404,1194500,13787056530,150,1448302
20260423,20247490,누룩,2026-04-15,14.4,0.0,984,1393500,39282270,142,5383
20260423,20138661,케이온,2013-06-13,6.1,0.1,1472,905550,413165931,89,42433
20260423,20261906,명탐정 코난: 세기말의 마술사,2026-03-27,8.8,0.0,1002,892700,979571500,88,95249
20260423,20261666,네가 마지막으로 남긴 노래,2026-04-01,5.8,0.1,1521,881800,814137640,88,80924
20260423,20262541,빨간 나라를 보았니,2026-04-15,5.0,0.1,1651,892000,18768600,83,1762
20260423,20262741,르세라핌 브이알 콘서트 : 인비테이션,2026-04-15,6.3,0.1,1264,2553500,61382000,79,1869
20260423,20173436,셰이프 오브 워터: 사랑의 모양,2018-02-22,3.2,0.1,2444,882800,4270080220,78,511836
20260423,20249507,극장판 하이큐!! 쓰레기장의 결전,2024-05-15,7.3,0.0,933,829000,7770111117,68,755633
20260423,20262101,킬 빌: 더 홀 블러디 어페어,2026-04-01,3.9,0.1,1584,1229600,368260800,62,18572
20260423,20126091,관상,2013-09-11,100.0,0.0,58,348000,66009314500,58,9135696
20260423,20262463,오피셜히게단디즘 라이브 앳 스타디움 2025,2026-04-02,3.0,0.1,1605,1200000,318833500,48,12763
20260423,20253101,극장판 진격의 거인 완결편 더 라스트 어택,2025-03-13,4.0,0.0,1017,547600,10761539210,41,1031334
20260423,20262343,크라임 101,2026-04-08,4.9,0.0,553,177500,141009010,27,19702
20260423,20250365,햄넷,2026-02-25,8.7,0.0,266,187000,641111290,23,66770
20260423,20263123,엉덩이 큰 여선생의 유혹,2026-04-23,24.1,0.0,83,100000,100000,20,20
20260423,20263124,여친 몰래 빨아준 옆집여자,2026-04-23,18.9,0.0,106,100000,100000,20,20
20260423,20263121,플래닛 어스 : 대자연의 힘,2026-04-22,2.1,0.0,866,212100,782950,18,67
20260423,20176122,안시성,2018-09-19,7.7,0.0,182,120000,46343959526,14,5441258
20260423,20256082,귀멸의 칼날: 환락의 거리 결전편,2025-07-18,4.2,0.0,283,112000,87605100,12,8600
20260423,20123501,군도: 민란의 시대,2014-07-23,6.0,0.0,182,89000,36993167999,11,4776051
20260423,19980157,위대한 유산,1998-06-13,17.2,0.0,58,98000,1507000,10,149
20260423,19980001,미술관 옆 동물원,1998-12-19,17.3,0.0,52,90000,3798000,9,405
20260423,19910340,마루타 디 오리지널: 살인공창,1991-12-19,1.7,0.0,460,51500,141000,8,20
20260423,20262622,뱅: 킬러 리턴즈,2026-04-09,9.4,0.0,53,30000,807000,5,103
20260423,20167904,라라랜드,2016-12-07,10.0,0.0,40,40000,31491714978,4,3801924
20260423,20250586,주희에게,2026-04-15,2.4,0.0,165,37000,23983900,4,2655
20260423,20256081,귀멸의 칼날: 환락의 거리 잠입편,2025-07-18,2.7,0.0,113,26000,31244500,3,3097
20260423,20060284,라디오 스타,2006-09-28,2.1,0.0,94,20000,9863368600,2,1590936
20260423,20262327,특별편집판 기동전사 건담 철혈의 오펀스 우르드 헌트 -작은 도전자의 궤적-,2026-04-04,1.3,0.0,157,18000,35912750,2,3516
20260423,20256181,귀멸의 칼날: 도공 마을 적습편,2025-07-25,1.8,0.0,113,17000,31966300,2,3109
20260423,20211271,귀멸의 칼날: 주합회의·나비저택 편,2021-12-01,1.8,0.0,113,16000,276070200,2,29346
20260423,20262653,마법 숲 동물 친구들 대모험,2026-04-01,0.9,0.0,112,10000,18826200,1,1996
20260423,20241575,메소드연기,2026-03-18,3.3,0.0,30,9000,578523130,1,62459
20260423,20258484,"미스터김, 영화관에 가다",2026-02-19,0.0,0.0,59,0,9689708,0,1215
20260506,20259791,악마는 프라다를 입는다 2,2026-04-29,6.2,33.1,573231,353401880,9807544670,35509,994624
20260506,20254121,살목지,2026-04-08,5.5,22.0,381422,213027110,29250714920,20988,2857162
20260506,20259773,슈퍼 마리오 갤럭시,2026-04-29,4.5,17.4,300690,129249190,10836414610,13523,1124202
20260506,20261782,프로젝트 헤일메리,2026-03-18,7.9,6.8,117528,105995390,30748412110,9281,2715924
20260506,20240532,짱구,2026-04-22,9.2,4.4,76730,64895270,3300363640,7081,340205
20260506,20242837,왕과 사는 남자,2026-02-04,6.6,2.9,49859,30149800,162241503400,3299,16806832
20260506,20262947,모탈 컴뱃 2,2026-05-06,3.5,4.2,73103,27663250,29157250,2543,2709
20260506,20262775,기동전사 건담: 섬광의 하사웨이 키르케의 마녀,2026-04-22,26.3,0.4,7434,13234400,471698600,1954,37573
20260506,20250630,빌리 아일리시 - 히트 미 하드 앤드 소프트: 더 투어,2026-05-06,2.7,0.9,14967,10100000,23775000,404,951
20260506,20261906,명탐정 코난: 세기말의 마술사,2026-03-27,46.5,0.0,340,1264000,988135450,158,96159
20260505,20259773,슈퍼 마리오 갤럭시,2026-04-29,29.1,41.6,972608,2732284910,10707165420,283280,1110679
20260505,20259791,악마는 프라다를 입는다 2,2026-04-29,22.6,23.6,550806,1270274500,9454142790,124686,959115
20260505,20254121,살목지,2026-04-08,26.8,17.3,403366,1105314490,29037687810,108212,2836174
20260505,20261782,프로젝트 헤일메리,2026-03-18,32.4,4.1,95176,357831060,30642416720,30809,2706643
20260505,20240532,짱구,2026-04-22,23.3,3.5,81620,188177010,3235468370,19000,333124
20260505,20242837,왕과 사는 남자,2026-02-04,26.4,2.2,50371,131301150,162211353600,13309,16803533
20260505,20263327,사랑의 하츄핑 특별판,2026-05-01,11.0,1.3,29952,31415900,117416360,3284,12323
20260505,20262906,극장판 반짝반짝 달님이: 싱어롱 파티,2026-05-01,8.4,1.2,27753,22656650,89495750,2342,9515
20260505,20262775,기동전사 건담: 섬광의 하사웨이 키르케의 마녀,2026-04-22,12.1,0.4,8870,11543050,458464200,1074,35619
20260505,20250630,빌리 아일리시 - 히트 미 하드 앤드 소프트: 더 투어,2026-05-06,66.9,0.0,806,13475000,13675000,539,547
20260504,20259773,슈퍼 마리오 갤럭시,2026-04-29,18.1,33.1,779731,1296316620,7974880510,141462,827399
20260504,20259791,악마는 프라다를 입는다 2,2026-04-29,14.1,29.7,699618,959650750,8183868290,98410,834429
20260504,20254121,살목지,2026-04-08,20.5,19.0,447783,892403820,27932373320,91937,2727962
20260504,20261782,프로젝트 헤일메리,2026-03-18,26.1,4.3,100412,293826210,30284585660,26249,2675834
20260504,20240532,짱구,2026-04-22,18.0,3.7,86709,149130540,3047291360,15623,314124
20260504,20242837,왕과 사는 남자,2026-02-04,22.2,2.0,48365,99629370,162080052450,10724,16790224
20260504,20263327,사랑의 하츄핑 특별판,2026-05-01,6.4,1.0,23530,13780700,86000460,1496,9039
20260504,20262775,기동전사 건담: 섬광의 하사웨이 키르케의 마녀,2026-04-22,12.5,0.5,11529,13365900,446921150,1436,34545
20260504,20262906,극장판 반짝반짝 달님이: 싱어롱 파티,2026-05-01,5.2,1.0,23331,10727800,66839100,1223,7173
20260504,20262657,리 크로닌의 미이라,2026-04-22,11.9,0.1,2935,3580300,388778580,349,35918
20260503,20259773,슈퍼 마리오 갤럭시,2026-04-29,22.8,34.0,816676,1826682060,6678563890,186521,685937
20260503,20259791,악마는 프라다를 입는다 2,2026-04-29,19.6,30.8,739467,1493406370,7224217540,145089,736019
20260503,20254121,살목지,2026-04-08,29.3,17.6,421942,1265932690,27039969500,123702,2636025
20260503,20261782,프로젝트 헤일메리,2026-03-18,34.8,3.8,90530,370072580,29990759450,31520,2649585
20260503,20240532,짱구,2026-04-22,29.2,3.6,85913,252956770,2898160820,25123,298501
20260503,20242837,왕과 사는 남자,2026-02-04,32.4,1.9,45497,145790330,161980423080,14719,16779500
20260503,20263327,사랑의 하츄핑 특별판,2026-05-01,9.0,1.2,27580,23627760,72219760,2471,7543
20260503,20262906,극장판 반짝반짝 달님이: 싱어롱 파티,2026-05-01,6.7,1.1,27425,17458400,56111300,1833,5950
20260503,20262775,기동전사 건담: 섬광의 하사웨이 키르케의 마녀,2026-04-22,15.7,0.5,11260,18906300,433555250,1766,33109
20260503,20247457,신의악단,2025-12-31,95.6,0.0,569,5608000,13797331730,544,1449442
20260502,20259773,슈퍼 마리오 갤럭시,2026-04-29,18.8,34.7,841823,1568221270,4851881830,157833,499416
20260502,20259791,악마는 프라다를 입는다 2,2026-04-29,19.8,32.0,776959,1596603230,5730811170,153936,590930
20260502,20254121,살목지,2026-04-08,31.5,16.8,406504,1320311580,25774036810,128023,2512323
20260502,20261782,프로젝트 헤일메리,2026-03-18,37.8,3.4,83469,376655680,29620686870,31577,2618065
20260502,20240532,짱구,2026-04-22,29.2,3.4,82832,244209220,2645204050,24202,273378
20260502,20242837,왕과 사는 남자,2026-02-04,28.8,1.7,40234,115444720,161834632750,11581,16764781
20260502,20262775,기동전사 건담: 섬광의 하사웨이 키르케의 마녀,2026-04-22,20.0,0.5,11237,24016600,414648950,2250,31343
20260502,20263327,사랑의 하츄핑 특별판,2026-05-01,6.3,1.2,27974,16979450,48592000,1751,5072
20260502,20262906,극장판 반짝반짝 달님이: 싱어롱 파티,2026-05-01,4.7,1.0,25451,11301100,38652900,1204,4117
20260502,20262811,"극장판 총집편 걸즈 밴드 크라이 있잖아, 미래.",2026-04-16,28.1,0.1,2656,7869100,147782650,746,14147
20260501,20259773,슈퍼 마리오 갤럭시,2026-04-29,27.2,35.0,851013,2266937540,3283660560,231103,341583
20260501,20259791,악마는 프라다를 입는다 2,2026-04-29,21.8,34.7,842468,1896598430,4134207940,183788,436994
20260501,20254121,살목지,2026-04-08,42.8,14.1,341589,1513571410,24453725230,146272,2384300
20260501,20261782,프로젝트 헤일메리,2026-03-18,42.9,3.2,76833,395468670,29244031190,32974,2586488
20260501,20240532,짱구,2026-04-22,31.9,3.2,77146,248391180,2400994830,24579,249176
20260501,20242837,왕과 사는 남자,2026-02-04,37.6,1.3,32266,119421970,161719188030,12119,16753200
20260501,20263327,사랑의 하츄핑 특별판,2026-05-01,9.3,1.5,35708,31612550,31612550,3321,3321
20260501,20262775,기동전사 건담: 섬광의 하사웨이 키르케의 마녀,2026-04-22,19.4,0.5,12212,24853100,390632350,2365,29093
20260501,20262906,극장판 반짝반짝 달님이: 싱어롱 파티,2026-05-01,6.8,1.3,31118,19656700,27351800,2119,2913
20260501,20262811,"극장판 총집편 걸즈 밴드 크라이 있잖아, 미래.",2026-04-16,20.8,0.1,2455,5357300,139913550,510,13401
20260430,20254121,살목지,2026-04-08,37.0,12.8,276017,994936100,22940153820,102147,2238028
20260430,20259791,악마는 프라다를 입는다 2,2026-04-29,11.2,42.0,903651,1000524880,2237609510,101438,253206
20260430,20259773,슈퍼 마리오 갤럭시,2026-04-29,8.3,26.3,565892,462243870,1016723020,47020,110480
20260430,20261782,프로젝트 헤일메리,2026-03-18,21.2,3.7,79143,181900540,28848562520,16797,2553514
20260430,20240532,짱구,2026-04-22,17.8,4.2,91453,147456310,2152603650,16278,224597
20260430,20242837,왕과 사는 남자,2026-02-04,17.0,1.8,39111,60838460,161599766060,6652,16741081
20260430,20259626,마이클,2026-05-13,92.1,0.3,6927,60048000,70656000,6378,7002
20260430,20262775,기동전사 건담: 섬광의 하사웨이 키르케의 마녀,2026-04-22,15.8,0.7,15538,19649550,365779250,2456,26728
20260430,20262639,노멀,2026-04-17,31.3,0.1,2980,4968900,122984400,932,19033
20260430,20262811,"극장판 총집편 걸즈 밴드 크라이 있잖아, 미래.",2026-04-16,15.3,0.2,3710,5635400,134556250,567,12891
20260506,20262811,"극장판 총집편 걸즈 밴드 크라이 있잖아, 미래.",2026-04-16,5.5,0.1,2426,1322000,157951530,134,15134
20260506,20262541,빨간 나라를 보았니,2026-04-15,22.2,0.0,527,1291000,33074550,117,3109
20260506,20263162,그림자 내각,2026-06-25,100.0,0.0,115,1035000,5035000,115,515
20260506,20247457,신의악단,2025-12-31,78.7,0.0,127,600000,13797931730,100,1449542
20260506,19980231,트루먼 쇼,1998-10-24,5.5,0.1,1484,904800,360539950,82,38675
20260506,20088147,줄무늬 파자마를 입은 소년,2026-04-23,2.6,0.2,3039,758000,89259600,79,11330
20260506,20226444,극장판 엄마 까투리: 도시로 간 까투리 가족,2022-09-08,35.0,0.0,226,553000,1627216999,79,176530
20260506,20262657,리 크로닌의 미이라,2026-04-22,8.4,0.0,931,813700,393781730,78,36375
20260506,20263327,사랑의 하츄핑 특별판,2026-05-01,2.8,0.2,2726,531200,117947560,76,12399
20260506,20080143,데어 윌 비 블러드,2008-03-06,73.8,0.0,80,590000,103112500,59,14728
20260506,20192680,끝장수사,2026-04-02,14.5,0.0,358,314000,834724120,52,90943
20260506,20262639,노멀,2026-04-17,6.4,0.0,803,277500,127500500,51,19777
20260506,20262907,고트: 더 레전드,2026-04-17,19.8,0.0,252,311000,281566080,50,31926
20260506,20262906,극장판 반짝반짝 달님이: 싱어롱 파티,2026-05-01,2.4,0.1,2016,417000,89912750,49,9564
20260506,20262741,르세라핌 브이알 콘서트 : 인비테이션,2026-04-15,3.5,0.1,1264,1452000,113624000,44,3471
20260506,20250840,바다 탐험대 옥토넛 어보브 앤 비욘드 : 육지생물 구조작전,2026-02-12,93.6,0.0,47,220000,323775200,44,33795
20260506,19980001,미술관 옆 동물원,1998-12-19,36.5,0.0,52,190000,5619000,19,596
20260506,20262463,오피셜히게단디즘 라이브 앳 스타디움 2025,2026-04-02,11.0,0.0,155,425000,343882000,17,13765
20260506,19970209,살인에 관한 짧은 필름,1997-07-05,22.4,0.0,76,102000,11206400,17,1250
20260506,20000141,매그놀리아,2000-04-15,61.5,0.0,26,160000,55115000,16,5916
20260506,20262101,킬 빌: 더 홀 블러디 어페어,2026-04-01,9.4,0.0,160,331000,380103600,15,19174
20260506,19950306,사랑에 관한 짧은 필름,1995-10-14,19.7,0.0,76,90000,15658200,15,1792
20260506,20256757,극장판 체인소 맨: 레제편,2025-09-24,12.4,0.0,113,146500,36335948300,14,3455706
20260506,20250365,햄넷,2026-02-25,8.5,0.0,59,35000,645083790,5,67206
20260506,20258484,"미스터김, 영화관에 가다",2026-02-19,1.7,0.0,230,24000,9784708,4,1229
20260506,20262661,스크림 7,2026-04-01,1.9,0.0,161,27000,31605850,3,2776
20260506,20262383,쉘터,2026-04-15,4.4,0.0,68,21000,151096600,3,21774
20260506,20261666,네가 마지막으로 남긴 노래,2026-04-01,3.9,0.0,51,18000,820475240,2,81593
20260506,19930167,마루타 디 오리지널: 사망열차,1993-07-03,3.0,0.0,66,10000,10000,2,2
20260506,20256397,원 배틀 애프터 어나더,2025-10-01,1.7,0.0,59,7000,5828102420,1,547511
20260506,20262423,2대1 : 새엄마와 두 아들,2026-05-06,0.7,0.0,146,6000,6000,1,1
20260506,20263391,두 남친과 여관방 환상 섹스,2026-05-06,1.2,0.0,83,6000,6000,1,1
20260506,20263402,새엄마와 뜨거운 혼숙,2026-05-06,1.2,0.0,83,6000,6000,1,1
20260506,20263401,유부녀 섹파기록:젖큰 유부녀 미쿠,2026-05-06,1.2,0.0,83,6000,6000,1,1
20260506,20263163,유부녀들 : 홍콩 가는 날,2026-05-06,0.7,0.0,146,6000,6000,1,1
20260506,20247490,누룩,2026-04-15,1.1,0.0,91,4000,46221970,1,6053
20260505,20088147,줄무늬 파자마를 입은 소년,2026-04-23,13.1,0.1,3234,4210650,88501600,422,11251
20260505,20262657,리 크로닌의 미이라,2026-04-22,14.2,0.1,2668,4189450,392968030,379,36297
20260505,20262811,"극장판 총집편 걸즈 밴드 크라이 있잖아, 미래.",2026-04-16,22.5,0.0,1006,2366500,156629530,226,15000
20260505,20262291,뮤지컬 장수탕 선녀님,2026-03-26,16.1,0.0,1157,1816000,173217580,186,17930
20260505,20253060,본회퍼: 목사.스파이.암살자,2025-04-09,98.4,0.0,127,1000000,170710600,125,17116
20260505,20262741,르세라핌 브이알 콘서트 : 인비테이션,2026-04-15,7.7,0.0,1264,3201000,112172000,97,3427
20260505,20192680,끝장수사,2026-04-02,26.9,0.0,342,579000,834410120,92,90891
20260505,20247490,누룩,2026-04-15,23.0,0.0,313,712000,46217970,72,6052
20260505,20138661,케이온,2013-06-13,8.0,0.0,759,676850,429997581,61,43993
20260505,20262383,쉘터,2026-04-15,4.6,0.0,1230,561550,151075600,57,21771
20260505,20250365,햄넷,2026-02-25,11.9,0.0,420,411000,645048790,50,67201
20260505,20080143,데어 윌 비 블러드,2008-03-06,100.0,0.0,40,440000,102522500,40,14669
20260505,20256757,극장판 체인소 맨: 레제편,2025-09-24,17.7,0.0,226,433700,36335801800,40,3455692
20260505,19980231,트루먼 쇼,1998-10-24,32.9,0.0,79,305000,359635150,26,38593
20260505,20000141,매그놀리아,2000-04-15,100.0,0.0,26,286000,54955000,26,5900
20260505,19950306,사랑에 관한 짧은 필름,1995-10-14,25.0,0.0,76,200000,15568200,19,1777
20260505,20256283,호퍼스,2026-03-04,43.9,0.0,41,218500,7526528270,18,763243
20260505,20262639,노멀,2026-04-17,1.7,0.0,1049,162000,127223000,18,19726
20260505,20262463,오피셜히게단디즘 라이브 앳 스타디움 2025,2026-04-02,17.3,0.0,81,350000,343457000,14,13748
20260505,19990070,인정사정 볼 것 없다,1999-07-31,13.8,0.0,94,145000,6587300,13,717
20260505,20262907,고트: 더 레전드,2026-04-17,8.8,0.0,102,60000,281255080,9,31876
20260505,20256397,원 배틀 애프터 어나더,2025-10-01,13.6,0.0,59,67000,5828095420,8,547510
20260505,20250586,주희에게,2026-04-15,2.8,0.0,288,56000,24420900,8,2714
20260505,19970209,살인에 관한 짧은 필름,1997-07-05,9.2,0.0,76,74000,11104400,7,1233
20260505,20262541,빨간 나라를 보았니,2026-04-15,6.7,0.0,105,65000,31783550,7,2992
20260505,20254602,씨너스: 죄인들,2025-05-28,10.2,0.0,59,54000,1165502140,6,100949
20260505,20258484,"미스터김, 영화관에 가다",2026-02-19,5.6,0.0,36,14000,9760708,2,1225
20260505,20262661,스크림 7,2026-04-01,0.6,0.0,161,7000,31578850,1,2773
20260504,20262907,고트: 더 레전드,2026-04-17,35.8,0.0,854,2261500,281195080,306,31867
20260504,20226444,극장판 엄마 까투리: 도시로 간 까투리 가족,2022-09-08,67.5,0.0,354,1576000,1626663999,239,176451
20260504,20262787,원 오크 록 디톡스 투어 인 시네마,2026-04-22,100.0,0.0,194,4850000,94825000,194,3793
20260504,20262811,"극장판 총집편 걸즈 밴드 크라이 있잖아, 미래.",2026-04-16,9.0,0.1,1904,1627300,154263030,171,14774
20260504,20250299,고고다이노 극장판: 곤충세계 대모험,2026-01-14,98.1,0.0,161,948000,378097800,158,42368
20260504,20241082,쿵쿵따 탐험대,2024-06-26,75.8,0.0,194,882000,31637000,147,5227
20260504,20088147,줄무늬 파자마를 입은 소년,2026-04-23,5.2,0.1,2803,1331350,84290950,145,10829
20260504,20256283,호퍼스,2026-03-04,76.2,0.0,147,817000,7526309770,112,763225
20260504,20262741,르세라핌 브이알 콘서트 : 인비테이션,2026-04-15,7.8,0.0,1264,3164500,108971000,98,3330
20260504,20252432,주토피아 2,2025-11-26,74.8,0.0,107,720000,82879995200,80,8611309
20260504,20262291,뮤지컬 장수탕 선녀님,2026-03-26,9.0,0.0,867,761000,171401580,78,17744
20260504,20138661,케이온,2013-06-13,8.0,0.0,892,734900,429320731,71,43932
20260504,20192680,끝장수사,2026-04-02,19.1,0.0,372,442000,833831120,71,90799
20260504,20247490,누룩,2026-04-15,54.5,0.0,112,592000,45505970,61,5980
20260504,20258808,뽀로로 극장판 스위트캐슬 대모험,2025-12-11,83.9,0.0,62,312000,2303967710,52,265819
20260504,20262463,오피셜히게단디즘 라이브 앳 스타디움 2025,2026-04-02,21.2,0.0,236,1250000,343107000,50,13734
20260504,20262639,노멀,2026-04-17,3.0,0.1,1681,381000,127061000,50,19708
20260504,20262541,빨간 나라를 보았니,2026-04-15,2.6,0.1,1778,464950,31718550,47,2985
20260504,20262383,쉘터,2026-04-15,3.0,0.1,1339,421400,150514050,40,21714
20260504,20080143,데어 윌 비 블러드,2008-03-06,90.0,0.0,40,360000,102082500,36,14629
20260504,20247176,드래곤 길들이기,2025-06-06,100.0,0.0,30,300000,17972060490,30,1792620
20260504,20000141,매그놀리아,2000-04-15,100.0,0.0,26,260000,54669000,26,5874
20260504,20250365,햄넷,2026-02-25,8.2,0.0,318,235000,644637790,26,67151
20260504,20262101,킬 빌: 더 홀 블러디 어페어,2026-04-01,22.1,0.0,113,534000,379772600,25,19159
20260504,20225637,뿌까의 짜장면파티,2022-07-04,31.7,0.0,79,150000,258570500,25,42914
20260504,20256757,극장판 체인소 맨: 레제편,2025-09-24,20.4,0.0,113,212000,36335368100,23,3455652
20260504,19980231,트루먼 쇼,1998-10-24,17.7,0.0,79,162000,359330150,14,38567
20260504,20253101,극장판 진격의 거인 완결편 더 라스트 어택,2025-03-13,10.2,0.0,108,91600,10766348610,11,1031701
20260504,20261666,네가 마지막으로 남긴 노래,2026-04-01,20.4,0.0,49,95000,820457240,10,81591
20260504,20250630,빌리 아일리시 - 히트 미 하드 앤드 소프트: 더 투어,2026-05-06,100.0,0.0,8,200000,200000,8,8
20260504,20262661,스크림 7,2026-04-01,2.5,0.0,161,45000,31571850,4,2772
20260504,20250586,주희에게,2026-04-15,1.6,0.0,185,23000,24364900,3,2706
20260504,20241575,메소드연기,2026-03-18,1.3,0.0,77,7000,580468130,1,62749
20260504,20254471,맛있는 사장님 딸 무삭제,2026-05-04,0.7,0.0,146,6000,6000,1,1
20260504,20263478,아버님이 맛보는 가랑이 교육 무삭제판,2026-05-04,0.7,0.0,146,6000,6000,1,1
20260504,20261747,위험한 접대! 몸으로 성사된 계약,2026-05-04,0.7,0.0,146,6000,6000,1,1
20260504,20262846,"탈주 아이돌, 그녀의 사정 리포트",2026-05-04,0.7,0.0,146,6000,6000,1,1
20260504,19900095,그들도 우리처럼,1990-11-10,0.0,0.0,212,0,734000,0,310
20260504,20207443,소울,2021-01-20,0.0,0.0,77,0,19042415480,0,2048915
20260504,19540024,운명의 손,1954-12-14,0.0,0.0,212,0,295000,0,152
20260503,20262811,"극장판 총집편 걸즈 밴드 크라이 있잖아, 미래.",2026-04-16,24.8,0.1,1840,4853080,152635730,456,14603
20260503,20262657,리 크로닌의 미이라,2026-04-22,11.4,0.1,2957,3545050,385198280,336,35569
20260503,20088147,줄무늬 파자마를 입은 소년,2026-04-23,9.2,0.1,3396,2986500,82959600,311,10684
20260503,20138661,케이온,2013-06-13,22.6,0.0,930,2167800,428585831,210,43861
20260503,20262291,뮤지컬 장수탕 선녀님,2026-03-26,9.5,0.0,1259,1184000,170640580,119,17666
20260503,20262741,르세라핌 브이알 콘서트 : 인비테이션,2026-04-15,9.0,0.0,1264,3762000,105806500,114,3232
20260503,20192680,끝장수사,2026-04-02,9.3,0.0,899,516000,833389120,84,90728
20260503,20262639,노멀,2026-04-17,6.8,0.0,1130,556600,126680000,77,19658
20260503,20000141,매그놀리아,2000-04-15,100.0,0.0,66,726000,54409000,66,5848
20260503,20262907,고트: 더 레전드,2026-04-17,10.8,0.0,566,403000,278933580,61,31561
20260503,20247490,누룩,2026-04-15,18.9,0.0,313,577000,44913970,59,5919
20260503,20262383,쉘터,2026-04-15,4.9,0.0,971,505000,150092650,48,21674
20260503,20250365,햄넷,2026-02-25,17.7,0.0,249,356000,644402790,44,67125
20260503,20256397,원 배틀 애프터 어나더,2025-10-01,39.4,0.0,99,423000,5828028420,39,547502
20260503,20256283,호퍼스,2026-03-04,7.7,0.0,389,292500,7525492770,30,763113
20260503,20258709,좀비 랜드 사가: 유메긴가 파라다이스,2026-03-04,31.0,0.0,87,283000,113534970,27,9730
20260503,19980001,미술관 옆 동물원,1998-12-19,40.0,0.0,50,200000,5429000,20,577
20260503,20256757,극장판 체인소 맨: 레제편,2025-09-24,7.1,0.0,170,151000,36335156100,12,3455629
20260503,19980231,트루먼 쇼,1998-10-24,15.2,0.0,79,142000,359168150,12,38553
20260503,20250586,주희에게,2026-04-15,2.9,0.0,345,76000,24341900,10,2703
20260503,20254602,씨너스: 죄인들,2025-05-28,15.3,0.0,59,93000,1165448140,9,100943
20260503,20262463,오피셜히게단디즘 라이브 앳 스타디움 2025,2026-04-02,8.6,0.0,81,175000,341857000,7,13684
20260503,20261666,네가 마지막으로 남긴 노래,2026-04-01,12.2,0.0,49,57000,820362240,6,81581
20260503,20258484,"미스터김, 영화관에 가다",2026-02-19,13.9,0.0,36,40000,9746708,5,1223
20260503,20262541,빨간 나라를 보았니,2026-04-15,2.8,0.0,141,27000,31253600,4,2938
20260503,20262661,스크림 7,2026-04-01,0.7,0.0,455,37000,31526850,3,2768
20260503,20250840,바다 탐험대 옥토넛 어보브 앤 비욘드 : 육지생물 구조작전,2026-02-12,4.3,0.0,70,25000,323555200,3,33751
20260502,20262657,리 크로닌의 미이라,2026-04-22,16.1,0.1,2611,4596200,381653230,421,35233
20260502,20262741,르세라핌 브이알 콘서트 : 인비테이션,2026-04-15,29.9,0.0,1264,12416500,102044500,378,3118
20260502,20138661,케이온,2013-06-13,37.8,0.0,690,3166050,426418031,261,43651
20260502,20088147,줄무늬 파자마를 입은 소년,2026-04-23,8.2,0.1,3059,2545800,79973100,250,10373
20260502,20262639,노멀,2026-04-17,13.7,0.0,1063,1023800,126123400,146,19581
20260502,20262291,뮤지컬 장수탕 선녀님,2026-03-26,5.3,0.1,1432,746000,169456580,76,17547
20260502,20192680,끝장수사,2026-04-02,7.9,0.0,899,447000,832873120,71,90644
20260502,20247490,누룩,2026-04-15,30.4,0.0,184,573000,44336970,56,5860
20260502,20250365,햄넷,2026-02-25,12.4,0.0,429,525000,644046790,53,67081
20260502,20262463,오피셜히게단디즘 라이브 앳 스타디움 2025,2026-04-02,20.3,0.0,236,1200000,341682000,48,13677
20260502,20262907,고트: 더 레전드,2026-04-17,11.4,0.0,421,333000,278530580,48,31500
20260502,20262383,쉘터,2026-04-15,3.1,0.1,1353,369150,149587650,42,21626
20260502,20080143,데어 윌 비 블러드,2008-03-06,85.0,0.0,40,374000,101722500,34,14593
20260502,20256757,극장판 체인소 맨: 레제편,2025-09-24,14.6,0.0,226,335000,36335005100,33,3455617
20260502,20261666,네가 마지막으로 남긴 노래,2026-04-01,22.1,0.0,122,240000,820305240,27,81575
20260502,20000141,매그놀리아,2000-04-15,88.5,0.0,26,253000,53683000,23,5782
20260502,19980231,트루먼 쇼,1998-10-24,25.3,0.0,79,204200,359026150,20,38541
20260502,19980001,미술관 옆 동물원,1998-12-19,36.5,0.0,52,190000,5229000,19,557
20260502,20254602,씨너스: 죄인들,2025-05-28,27.1,0.0,59,146000,1165355140,16,100934
20260502,20256283,호퍼스,2026-03-04,31.7,0.0,41,154000,7525200270,13,763083
20260502,20258709,좀비 랜드 사가: 유메긴가 파라다이스,2026-03-04,14.9,0.0,87,140000,113251970,13,9703
20260502,20060284,라디오 스타,2006-09-28,10.6,0.0,94,102000,9863568100,10,1590954
20260502,20262541,빨간 나라를 보았니,2026-04-15,1.0,0.0,892,65000,31226600,9,2934
20260502,20246777,더 폴: 디렉터스 컷,2024-12-25,21.9,0.0,32,70000,1968066400,7,190459
20260502,20253101,극장판 진격의 거인 완결편 더 라스트 어택,2025-03-13,5.6,0.0,108,50800,10766257010,6,1031690
20260502,20256397,원 배틀 애프터 어나더,2025-10-01,3.5,0.0,144,35000,5827605420,5,547463
20260502,20262661,스크림 7,2026-04-01,0.6,0.0,161,15000,31489850,1,2765
20260501,20262657,리 크로닌의 미이라,2026-04-22,17.1,0.1,2537,4572900,377057030,433,34812
20260501,20262639,노멀,2026-04-17,23.2,0.1,1731,2115200,125099600,402,19435
20260501,20088147,줄무늬 파자마를 입은 소년,2026-04-23,9.7,0.2,3633,3678550,77427300,354,10123
20260501,20262291,뮤지컬 장수탕 선녀님,2026-03-26,10.8,0.1,1863,2002000,168710580,202,17471
20260501,20262741,르세라핌 브이알 콘서트 : 인비테이션,2026-04-15,10.8,0.0,1264,4389000,89628000,136,2740
20260501,20257521,프로텍터,2026-03-25,35.1,0.0,362,874000,209139810,127,25085
20260501,20247490,누룩,2026-04-15,17.1,0.0,444,731000,43763970,76,5804
20260501,20080143,데어 윌 비 블러드,2008-03-06,92.5,0.0,80,814000,101348500,74,14559
20260501,20262907,고트: 더 레전드,2026-04-17,15.4,0.0,460,467000,278197580,71,31452
20260501,20192680,끝장수사,2026-04-02,19.6,0.0,358,429000,832426120,70,90573
20260501,20138661,케이온,2013-06-13,8.8,0.0,713,646650,423251981,63,43390
20260501,20262383,쉘터,2026-04-15,3.4,0.1,1606,524700,149218500,54,21584
20260501,20262101,킬 빌: 더 홀 블러디 어페어,2026-04-01,46.9,0.0,113,1159000,379238600,53,19134
20260501,20256283,호퍼스,2026-03-04,16.7,0.0,299,505000,7525046270,50,763070
20260501,20262541,빨간 나라를 보았니,2026-04-15,25.4,0.0,193,296000,31161600,49,2925
20260501,20000141,매그놀리아,2000-04-15,100.0,0.0,26,286000,53430000,26,5759
20260501,19980231,트루먼 쇼,1998-10-24,31.7,0.0,79,316300,358821950,25,38521
20260501,19980001,미술관 옆 동물원,1998-12-19,40.4,0.0,52,210000,5039000,21,538
20260501,20262463,오피셜히게단디즘 라이브 앳 스타디움 2025,2026-04-02,10.2,0.0,157,400000,340482000,16,13629
20260501,20256397,원 배틀 애프터 어나더,2025-10-01,20.3,0.0,59,126000,5827570420,12,547458
20260501,20254602,씨너스: 죄인들,2025-05-28,18.6,0.0,59,100000,1165209140,11,100918
20260501,20250365,햄넷,2026-02-25,6.3,0.0,160,104000,643521790,10,67028
20260501,20261666,네가 마지막으로 남긴 노래,2026-04-01,12.2,0.0,49,57000,820065240,6,81548
20260501,20250586,주희에게,2026-04-15,3.1,0.0,163,27000,24265900,5,2693
20260501,20258484,"미스터김, 영화관에 가다",2026-02-19,8.3,0.0,36,17000,9706708,3,1218
20260430,20262541,빨간 나라를 보았니,2026-04-15,24.1,0.1,2183,6087100,30865600,527,2876
20260430,20262657,리 크로닌의 미이라,2026-04-22,9.7,0.2,4201,4249850,372484130,409,34379
20260430,20262291,뮤지컬 장수탕 선녀님,2026-03-26,70.8,0.0,415,2352000,166708580,294,17269
20260430,20256283,호퍼스,2026-03-04,72.4,0.0,369,1988000,7524541270,267,763020
20260430,20225637,뿌까의 짜장면파티,2022-07-04,71.5,0.0,326,1398000,258420500,233,42889
20260430,20263162,그림자 내각,2026-06-25,70.4,0.0,284,2000000,4000000,200,400
20260430,20262907,고트: 더 레전드,2026-04-17,37.6,0.0,447,1164000,277730580,168,31381
20260430,20210684,두다다쿵: 후후섬의 비밀,2023-02-15,53.2,0.0,314,1169000,1144407650,167,127138
20260430,20138661,케이온,2013-06-13,10.0,0.1,1476,1540350,422605331,147,43327
20260430,20226444,극장판 엄마 까투리: 도시로 간 까투리 가족,2022-09-08,48.1,0.0,260,875000,1625087999,125,176212
20260430,20088147,줄무늬 파자마를 입은 소년,2026-04-23,4.0,0.1,3076,1187200,73748750,122,9769
20260430,20262741,르세라핌 브이알 콘서트 : 인비테이션,2026-04-15,8.4,0.1,1264,3453000,85239000,106,2604
20260430,20262383,쉘터,2026-04-15,3.9,0.1,2043,566800,148693800,79,21530
20260430,20247457,신의악단,2025-12-31,62.2,0.0,98,427000,13791723730,61,1448898
20260430,20167904,라라랜드,2016-12-07,89.2,0.0,65,605000,31494217978,58,3802166
20260430,20192680,끝장수사,2026-04-02,15.6,0.0,358,334000,831997120,56,90503
20260430,19980231,트루먼 쇼,1998-10-24,12.6,0.0,397,485400,358505650,50,38496
20260430,20247490,누룩,2026-04-15,14.4,0.0,334,456000,43032970,48,5728
20260430,20261666,네가 마지막으로 남긴 노래,2026-04-01,16.0,0.0,287,451000,820008240,46,81542
20260430,20262101,킬 빌: 더 홀 블러디 어페어,2026-04-01,15.0,0.0,220,676000,378079600,33,19081
20260430,20262463,오피셜히게단디즘 라이브 앳 스타디움 2025,2026-04-02,6.8,0.0,309,525000,340082000,21,13613
20260430,20173436,셰이프 오브 워터: 사랑의 모양,2018-02-22,23.3,0.0,86,251500,4275824720,20,512323
20260430,20256158,귀멸의 칼날: 도공 마을 이어진 인연편,2025-07-25,14.2,0.0,113,149000,44419500,16,4181
20260430,19980001,미술관 옆 동물원,1998-12-19,28.9,0.0,52,142000,4829000,15,517
20260430,20256251,귀멸의 칼날: 합동 강화 훈련 주집결편,2025-08-01,8.0,0.0,113,70000,33401200,9,3155
20260430,19990070,인정사정 볼 것 없다,1999-07-31,5.3,0.0,94,49000,6442300,5,704
20260430,20250365,햄넷,2026-02-25,3.6,0.0,138,30000,643417790,5,67018
20260430,20262661,스크림 7,2026-04-01,1.2,0.0,161,22000,31474850,2,2764
20260430,20250840,바다 탐험대 옥토넛 어보브 앤 비욘드 : 육지생물 구조작전,2026-02-12,5.0,0.0,40,16000,323530200,2,33748
20260430,20250586,주희에게,2026-04-15,1.3,0.0,157,14000,24238900,2,2688
20260430,20256397,원 배틀 애프터 어나더,2025-10-01,1.2,0.0,85,8000,5827444420,1,547446
20260430,20262804,사위 사랑은 장모 5,2026-04-30,0.7,0.0,146,6000,6000,1,1
20260513,20259626,마이클,2026-05-13,10.7,49.1,931338,1048765650,1239101650,99902,118488
20260513,20259791,악마는 프라다를 입는다 2,2026-04-29,10.4,15.2,287872,292037450,12926203460,29970,1299732
20260513,20254121,살목지,2026-04-08,7.6,11.4,217072,158754100,31411235490,16441,3067157
20260513,20261782,프로젝트 헤일메리,2026-03-18,11.7,3.2,60422,70766810,31825944130,7048,2804575
20260513,20259773,슈퍼 마리오 갤럭시,2026-04-29,7.1,4.8,92014,59740620,12929971620,6561,1339807
20260513,20242837,왕과 사는 남자,2026-02-04,12.5,2.0,36905,37597000,162613237550,4625,16846467
20260513,20240532,짱구,2026-04-22,6.9,2.5,47646,30379100,3785166230,3306,388532
20260513,20040695,이프 온리,2004-10-29,8.7,1.8,34453,30361050,6983325760,2988,1040634
20260513,20194376,탑건: 매버릭,2022-06-22,11.3,1.3,24059,27551250,88564987444,2718,8252163
20260513,20262775,기동전사 건담: 섬광의 하사웨이 키르케의 마녀,2026-04-22,14.2,0.2,3864,6046600,517162950,550,42686
20260512,20259791,악마는 프라다를 입는다 2,2026-04-29,4.5,32.6,515830,233015130,12634166010,23289,1269762
20260512,20254121,살목지,2026-04-08,3.9,21.9,345395,135801390,31252481390,13398,3050716
20260512,20261782,프로젝트 헤일메리,2026-03-18,5.2,9.1,143264,92794180,31755177320,7512,2797527
20260512,20259773,슈퍼 마리오 갤럭시,2026-04-29,3.4,13.8,217853,72908300,12870231000,7350,1333246
20260512,20242837,왕과 사는 남자,2026-02-04,7.2,4.3,67717,42324220,162575640550,4875,16841842
20260512,20240532,짱구,2026-04-22,4.9,5.4,84640,41101850,3754787130,4170,385226
20260512,20262947,모탈 컴뱃 2,2026-05-06,2.3,3.3,52024,12890900,161543190,1216,14433
20260512,20262775,기동전사 건담: 섬광의 하사웨이 키르케의 마녀,2026-04-22,7.7,0.4,6708,3888350,511116350,517,42136
20260512,20250630,빌리 아일리시 - 히트 미 하드 앤드 소프트: 더 투어,2026-05-06,2.1,0.8,12870,6850000,68106000,274,2725
20260512,20210684,두다다쿵: 후후섬의 비밀,2023-02-15,78.9,0.0,322,1778000,1146997650,254,127508
20260511,20259791,악마는 프라다를 입는다 2,2026-04-29,4.8,33.0,520563,250692610,12401150880,24856,1246473
20260511,20254121,살목지,2026-04-08,4.2,22.1,348687,149637230,31116680000,14561,3037318
20260511,20259773,슈퍼 마리오 갤럭시,2026-04-29,3.2,14.4,226572,72856350,12797322700,7191,1325896
20260511,20261782,프로젝트 헤일메리,2026-03-18,5.0,9.0,141520,86328020,31662383140,7049,2790015
20260511,20240532,짱구,2026-04-22,5.3,5.3,84037,43781220,3713685280,4447,381056
20260511,20242837,왕과 사는 남자,2026-02-04,5.5,4.0,63242,31877200,162533316330,3446,16836967
20260511,20259626,마이클,2026-05-13,100.0,0.1,1506,16200000,188341000,1506,18371
20260511,20262947,모탈 컴뱃 2,2026-05-06,2.2,3.3,52783,12540250,148652290,1168,13217
20260511,20262775,기동전사 건담: 섬광의 하사웨이 키르케의 마녀,2026-04-22,4.9,0.4,7033,3097100,507228000,345,41619
20260511,20250630,빌리 아일리시 - 히트 미 하드 앤드 소프트: 더 투어,2026-05-06,1.8,0.6,10091,4525000,61256000,181,2451
20260510,20259773,슈퍼 마리오 갤럭시,2026-04-29,13.7,27.7,603248,799922360,12724466350,82482,1318705
20260510,20259791,악마는 프라다를 입는다 2,2026-04-29,12.3,25.5,554851,709762320,12150458270,68336,1221617
20260510,20254121,살목지,2026-04-08,11.7,22.1,479972,581454750,30967042770,56204,3022757
20260510,20261782,프로젝트 헤일메리,2026-03-18,13.8,6.9,150943,257972810,31576055120,20769,2782966
20260510,20240532,짱구,2026-04-22,13.0,4.3,93931,125904100,3669904060,12231,376609
20260510,20242837,왕과 사는 남자,2026-02-04,13.1,2.9,63368,83398400,162501439130,8286,16833521
20260510,20262947,모탈 컴뱃 2,2026-05-06,4.8,2.2,48678,27477950,136112040,2340,12049
20260510,20262775,기동전사 건담: 섬광의 하사웨이 키르케의 마녀,2026-04-22,12.6,0.3,6497,8243550,504130900,819,41274
20260510,20262906,극장판 반짝반짝 달님이: 싱어롱 파티,2026-05-01,4.9,0.7,16186,7076700,103032550,793,11054
20260510,20259626,마이클,2026-05-13,100.0,0.0,756,12852000,172141000,756,16865
20260509,20259791,악마는 프라다를 입는다 2,2026-04-29,14.3,25.7,589821,880958490,11440695950,84302,1153281
20260509,20259773,슈퍼 마리오 갤럭시,2026-04-29,13.4,27.4,626915,817825580,11924543990,84026,1236223
20260509,20254121,살목지,2026-04-08,12.6,22.5,515030,672255250,30385588020,64731,2966553
20260509,20261782,프로젝트 헤일메리,2026-03-18,15.9,6.9,158826,319634340,31318082310,25296,2762197
20260509,20240532,짱구,2026-04-22,13.4,4.2,96512,132699780,3543999960,12913,364378
20260509,20242837,왕과 사는 남자,2026-02-04,12.8,2.9,67418,87749830,162418040730,8658,16825235
20260509,20262947,모탈 컴뱃 2,2026-05-06,5.8,2.4,54427,37534140,108634090,3159,9709
20260509,20262775,기동전사 건담: 섬광의 하사웨이 키르케의 마녀,2026-04-22,17.0,0.3,6768,10738450,495887350,1149,40455
20260509,20259626,마이클,2026-05-13,100.0,0.0,994,15232000,159289000,994,16109
20260509,20262811,"극장판 총집편 걸즈 밴드 크라이 있잖아, 미래.",2026-04-16,30.8,0.1,1876,6239050,171264040,578,16414
20260508,20259791,악마는 프라다를 입는다 2,2026-04-29,7.3,31.6,587098,439076090,10559737460,42875,1068979
20260508,20254121,살목지,2026-04-08,6.1,23.1,429508,276930830,29713332770,26377,2901822
20260508,20259773,슈퍼 마리오 갤럭시,2026-04-29,5.7,16.6,307878,168721020,11106718410,17524,1152197
20260508,20261782,프로젝트 헤일메리,2026-03-18,8.8,7.7,142261,151858280,30998447970,12485,2736901
20260508,20240532,짱구,2026-04-22,7.0,4.7,87653,61352800,3411300180,6118,351465
20260508,20242837,왕과 사는 남자,2026-02-04,8.6,3.6,67691,54004050,162330290900,5823,16816577
20260508,20262947,모탈 컴뱃 2,2026-05-06,3.4,3.4,63475,24040050,71099950,2135,6550
20260508,20262775,기동전사 건담: 섬광의 하사웨이 키르케의 마녀,2026-04-22,10.3,0.4,7348,6347700,485148900,757,39306
20260508,20262907,고트: 더 레전드,2026-04-17,60.6,0.1,1249,5567000,289434080,757,32972
20260508,20262343,크라임 101,2026-04-08,75.0,0.0,412,2163000,144135910,309,20138
20260507,20259791,악마는 프라다를 입는다 2,2026-04-29,5.7,32.8,552665,313116700,10120661370,31480,1026104
20260507,20254121,살목지,2026-04-08,5.1,21.4,361125,185687020,29436401940,18283,2875445
20260507,20259773,슈퍼 마리오 갤럭시,2026-04-29,3.9,15.9,267596,101582780,10937997390,10471,1134673
20260507,20261782,프로젝트 헤일메리,2026-03-18,6.8,7.5,125781,98177580,30846589690,8492,2724416
20260507,20259626,마이클,2026-05-13,99.8,0.5,8129,73401000,144057000,8113,15115
20260507,20240532,짱구,2026-04-22,6.5,4.7,79630,49583740,3349947380,5142,345347
20260507,20242837,왕과 사는 남자,2026-02-04,6.9,3.4,57074,34783450,162276286850,3922,16810754
20260507,20262947,모탈 컴뱃 2,2026-05-06,2.7,3.7,62479,17902650,47059900,1706,4415
20260507,20262775,기동전사 건담: 섬광의 하사웨이 키르케의 마녀,2026-04-22,13.7,0.4,7143,7102600,478801200,976,38549
20260507,20262811,"극장판 총집편 걸즈 밴드 크라이 있잖아, 미래.",2026-04-16,17.3,0.2,2966,5077700,163029230,513,15647
20260513,20263222,극장판 호빵맨: 세균맨과 그림책의 루룬,2026-05-23,100.0,0.0,401,2807000,2807000,401,401
20260513,20262947,모탈 컴뱃 2,2026-05-06,3.4,0.4,7112,1970040,163513230,238,14671
20260513,20250630,빌리 아일리시 - 히트 미 하드 앤드 소프트: 더 투어,2026-05-06,90.3,0.0,206,4650000,72756000,186,2911
20260513,20263512,이상한 과자 가게 전천당,2026-05-29,100.0,0.0,152,1368000,1368000,152,152
20260513,20252402,군체,2026-05-21,100.0,0.0,124,1116000,3810000,124,406
20260513,20262653,마법 숲 동물 친구들 대모험,2026-04-01,79.6,0.0,132,525000,19574200,105,2120
20260513,20263147,데몬 샤크 헌터스,2026-05-13,5.5,0.1,1323,627000,627000,73,73
20260513,20241575,메소드연기,2026-03-18,98.6,0.0,71,630000,581108130,70,62821
20260513,20088147,줄무늬 파자마를 입은 소년,2026-04-23,5.5,0.1,1061,545600,97629600,58,12218
20260513,20262541,빨간 나라를 보았니,2026-04-15,38.1,0.0,134,588000,39277550,51,3738
20260513,20262811,"극장판 총집편 걸즈 밴드 크라이 있잖아, 미래.",2026-04-16,9.4,0.0,540,514100,178371890,51,17083
20260513,20000141,매그놀리아,2000-04-15,77.3,0.0,66,510000,57472000,51,6140
20260513,20261424,오펀스: 복수자들,2026-05-13,6.0,0.0,841,300000,300000,50,50
20260513,20226444,극장판 엄마 까투리: 도시로 간 까투리 가족,2022-09-08,36.2,0.0,130,329000,1628025999,47,176637
20260513,20248494,우당탕탕 운동회,2024-04-03,53.4,0.0,88,282000,48291500,47,8025
20260513,20262741,르세라핌 브이알 콘서트 : 인비테이션,2026-04-15,4.0,0.0,948,1056000,127942500,38,3911
20260513,20263327,사랑의 하츄핑 특별판,2026-05-01,6.9,0.0,393,201000,132607810,27,13997
20260513,19970209,살인에 관한 짧은 필름,1997-07-05,35.5,0.0,76,189000,11425400,27,1280
20260513,19950306,사랑에 관한 짧은 필름,1995-10-14,34.2,0.0,76,182000,15923200,26,1826
20260513,20262906,극장판 반짝반짝 달님이: 싱어롱 파티,2026-05-01,1.7,0.0,958,137000,103721550,16,11150
20260513,20262657,리 크로닌의 미이라,2026-04-22,6.1,0.0,245,145800,399705330,15,36917
20260513,20256757,극장판 체인소 맨: 레제편,2025-09-24,7.1,0.0,113,80000,36337096700,8,3455810
20260513,20261666,네가 마지막으로 남긴 노래,2026-04-01,10.2,0.0,49,50000,820619740,5,81608
20260513,19930167,마루타 디 오리지널: 사망열차,1993-07-03,9.3,0.0,43,28000,205000,4,28
20260513,20262101,킬 빌: 더 홀 블러디 어페어,2026-04-01,1.9,0.0,160,65000,381429600,3,19234
20260513,20247490,누룩,2026-04-15,3.3,0.0,91,18000,48644970,3,6285
20260513,20253101,극장판 진격의 거인 완결편 더 라스트 어택,2025-03-13,2.7,0.0,74,15800,10766364410,2,1031703
20260513,20262661,스크림 7,2026-04-01,0.8,0.0,255,12000,31771850,2,2790
20260513,20250586,주희에게,2026-04-15,0.5,0.0,398,4000,24958900,2,2807
20260513,20263682,거근 채운 젖은 가랑이,2026-05-13,0.7,0.0,146,6000,6000,1,1
20260513,20263164,먹고 싶은 여자들,2026-05-13,0.7,0.0,146,6000,6000,1,1
20260513,20262410,여자 마사지사 : 홍콩가는 남자들,2026-05-13,0.7,0.0,146,6000,6000,1,1
20260512,20259626,마이클,2026-05-13,87.4,0.0,246,1995000,190336000,215,18586
20260512,20252402,군체,2026-05-21,100.0,0.0,156,1560000,2694000,156,282
20260512,20241266,휴민트,2026-02-11,42.2,0.0,289,674000,19999225360,122,1981865
20260512,20088147,줄무늬 파자마를 입은 소년,2026-04-23,3.4,0.2,2810,876750,97084000,94,12160
20260512,20262811,"극장판 총집편 걸즈 밴드 크라이 있잖아, 미래.",2026-04-16,7.5,0.1,1101,837700,177857790,83,17032
20260512,20250586,주희에게,2026-04-15,13.7,0.0,607,490000,24954900,83,2805
20260512,19980231,트루먼 쇼,1998-10-24,6.0,0.1,1309,868000,369143000,79,39443
20260512,20263327,사랑의 하츄핑 특별판,2026-05-01,4.1,0.1,1787,541900,132406810,74,13970
20260512,20262291,뮤지컬 장수탕 선녀님,2026-03-26,31.4,0.0,220,448000,174599580,69,18101
20260512,20250188,하트맨,2026-01-14,74.2,0.0,93,414000,2306074270,69,247956
20260512,20262657,리 크로닌의 미이라,2026-04-22,5.2,0.1,1144,639250,399559530,59,36902
20260512,20262906,극장판 반짝반짝 달님이: 싱어롱 파티,2026-05-01,3.6,0.1,1558,352000,103584550,56,11134
20260512,20262541,빨간 나라를 보았니,2026-04-15,16.8,0.0,238,459000,38689550,40,3687
20260512,20080143,데어 윌 비 블러드,2008-03-06,95.0,0.0,40,380000,104347500,38,14848
20260512,20249255,만약에 우리,2025-12-31,100.0,0.0,36,252000,25509850820,36,2602798
20260512,20262741,르세라핌 브이알 콘서트 : 인비테이션,2026-04-15,2.2,0.1,1106,792000,126886500,24,3873
20260512,20256757,극장판 체인소 맨: 레제편,2025-09-24,8.9,0.0,226,225800,36337016700,20,3455802
20260512,20254602,씨너스: 죄인들,2025-05-28,19.2,0.0,99,181000,1166020140,19,101003
20260512,20262639,노멀,2026-04-17,2.3,0.0,521,116100,129405600,12,20102
20260512,20000141,매그놀리아,2000-04-15,42.3,0.0,26,110000,56962000,11,6089
20260512,20262101,킬 빌: 더 홀 블러디 어페어,2026-04-01,6.3,0.0,160,215000,381364600,10,19231
20260512,20262463,오피셜히게단디즘 라이브 앳 스타디움 2025,2026-04-02,3.5,0.0,261,225000,344107000,9,13774
20260512,19980001,미술관 옆 동물원,1998-12-19,7.0,0.0,100,70000,6559000,7,690
20260512,20256397,원 배틀 애프터 어나더,2025-10-01,3.5,0.0,144,36000,5828813420,5,547583
20260512,20262661,스크림 7,2026-04-01,1.0,0.0,416,40000,31759850,4,2788
20260512,20250365,햄넷,2026-02-25,6.8,0.0,59,28000,645879790,4,67292
20260512,20262383,쉘터,2026-04-15,5.9,0.0,34,14000,151187600,2,21787
20260512,20247490,누룩,2026-04-15,0.2,0.0,551,7000,48626970,1,6282
20260512,20263543,가랑이 벌린 밤,2026-05-12,0.7,0.0,146,6000,6000,1,1
20260512,20262967,그녀의 분홍색 속살,2026-05-12,0.7,0.0,146,6000,6000,1,1
20260512,20262134,뚫려버린 그녀의 꽃잎,2026-05-12,0.7,0.0,146,6000,6000,1,1
20260512,20262969,먹고 보는 그녀의 가랑이,2026-05-12,0.7,0.0,146,6000,6000,1,1
20260512,20262136,몸으로 증명하는 그녀,2026-05-12,0.7,0.0,146,6000,6000,1,1
20260512,20262135,무너지는 그녀의 경계,2026-05-12,0.7,0.0,146,6000,6000,1,1
20260512,20262968,벌리니 삼키는 그녀의 가랑이,2026-05-12,0.7,0.0,146,6000,6000,1,1
20260512,20262132,서로를 삼킨 격한 숨소리,2026-05-12,0.7,0.0,146,6000,6000,1,1
20260512,20262970,언제든지 벌려주는 거유녀,2026-05-12,0.7,0.0,146,6000,6000,1,1
20260512,20262949,엉덩이로 삼켜버린 그녀,2026-05-12,0.7,0.0,146,6000,6000,1,1
20260512,20262951,참기 힘든 그녀의 명기,2026-05-12,0.7,0.0,146,6000,6000,1,1
20260512,20262143,침대 위 거친 숨결,2026-05-12,0.7,0.0,146,6000,6000,1,1
20260512,20262142,침대 위에서 벌어진 실수,2026-05-12,0.7,0.0,146,6000,6000,1,1
20260512,20262950,한손으로 못잡는 그녀의 거유,2026-05-12,0.7,0.0,146,6000,6000,1,1
20260512,20262948,헐떡이는 숨결의 여자,2026-05-12,0.7,0.0,146,6000,6000,1,1
20260511,20262907,고트: 더 레전드,2026-04-17,80.6,0.0,180,2030000,292145080,145,33219
20260511,20252402,군체,2026-05-21,100.0,0.0,126,1134000,1134000,126,126
20260511,20088147,줄무늬 파자마를 입은 소년,2026-04-23,3.2,0.2,3082,907350,96207250,99,12066
20260511,20262811,"극장판 총집편 걸즈 밴드 크라이 있잖아, 미래.",2026-04-16,8.6,0.1,1116,912400,177020090,96,16949
20260511,20263162,그림자 내각,2026-06-25,77.2,0.0,123,855000,10805000,95,1125
20260511,19980231,트루먼 쇼,1998-10-24,5.7,0.1,1279,809000,368275000,73,39364
20260511,20263327,사랑의 하츄핑 특별판,2026-05-01,4.4,0.1,1422,485600,131864910,62,13896
20260511,20262541,빨간 나라를 보았니,2026-04-15,13.5,0.0,430,635000,38230550,58,3647
20260511,20262657,리 크로닌의 미이라,2026-04-22,3.7,0.1,1042,371600,398920280,38,36843
20260511,20262327,특별편집판 기동전사 건담 철혈의 오펀스 우르드 헌트 -작은 도전자의 궤적-,2026-04-04,53.9,0.0,52,364000,36296750,28,3547
20260511,20262906,극장판 반짝반짝 달님이: 싱어롱 파티,2026-05-01,1.1,0.1,2148,200000,103232550,24,11078
20260511,20262741,르세라핌 브이알 콘서트 : 인비테이션,2026-04-15,1.7,0.1,1264,726000,126094500,22,3849
20260511,20000141,매그놀리아,2000-04-15,73.1,0.0,26,190000,56852000,19,6078
20260511,19980001,미술관 옆 동물원,1998-12-19,17.0,0.0,100,170000,6489000,17,683
20260511,20262639,노멀,2026-04-17,1.8,0.0,616,82000,129289500,11,20090
20260511,20262101,킬 빌: 더 홀 블러디 어페어,2026-04-01,4.4,0.0,160,149000,381149600,7,19221
20260511,20256757,극장판 체인소 맨: 레제편,2025-09-24,5.3,0.0,113,75000,36336790900,6,3455782
20260511,20250586,주희에게,2026-04-15,0.6,0.0,355,7000,24464900,2,2722
20260511,20262661,스크림 7,2026-04-01,0.4,0.0,255,14000,31719850,1,2784
20260511,19930167,마루타 디 오리지널: 사망열차,1993-07-03,1.5,0.0,66,10000,177000,1,24
20260511,20261666,네가 마지막으로 남긴 노래,2026-04-01,2.0,0.0,51,9000,820569740,1,81603
20260511,20247490,누룩,2026-04-15,2.8,0.0,36,6000,48619970,1,6281
20260511,20263570,딸 대신 씨받는 젊은장모,2026-05-11,1.2,0.0,83,6000,6000,1,1
20260511,20263582,시간 멈춰 남직원 물뽑는 아카리,2026-05-11,1.2,0.0,83,6000,6000,1,1
20260511,20263572,씨 받고 싶어 구멍 연 생과부,2026-05-11,1.2,0.0,83,6000,6000,1,1
20260511,20257513,야한 새엄마는 첫사랑 선생님 무삭제,2026-05-11,0.7,0.0,146,6000,6000,1,1
20260511,20263584,잘 대주는 여비서,2026-05-11,1.2,0.0,83,6000,6000,1,1
20260511,20232949,대도시의 사랑법,2024-10-01,1.2,0.0,85,5000,8305246930,1,879244
20260511,20249255,만약에 우리,2025-12-31,1.2,0.0,85,5000,25509598820,1,2602762
20260511,19900095,그들도 우리처럼,1990-11-10,0.0,0.0,212,0,734000,0,310
20260511,19540024,운명의 손,1954-12-14,0.0,0.0,212,0,295000,0,152
20260510,20263327,사랑의 하츄핑 특별판,2026-05-01,4.9,0.6,13554,6594550,131379310,662,13834
20260510,20247457,신의악단,2025-12-31,75.7,0.0,845,5933000,13804634730,640,1450259
20260510,20250630,빌리 아일리시 - 히트 미 하드 앤드 소프트: 더 투어,2026-05-06,3.8,0.6,12137,11374000,56731000,455,2270
20260510,20262811,"극장판 총집편 걸즈 밴드 크라이 있잖아, 미래.",2026-04-16,24.2,0.1,1814,4843650,176107690,439,16853
20260510,20088147,줄무늬 파자마를 입은 소년,2026-04-23,6.9,0.1,2817,1967300,95299900,195,11967
20260510,20263162,그림자 내각,2026-06-25,100.0,0.0,171,1710000,9950000,171,1030
20260510,19980231,트루먼 쇼,1998-10-24,13.9,0.0,999,1612200,367466000,139,39291
20260510,20247490,누룩,2026-04-15,33.8,0.0,361,1615000,48613970,122,6280
20260510,20256283,호퍼스,2026-03-04,42.3,0.0,265,1142000,7530399010,112,763723
20260510,20262657,리 크로닌의 미이라,2026-04-22,9.5,0.0,1145,1192550,398548680,109,36805
20260510,20262741,르세라핌 브이알 콘서트 : 인비테이션,2026-04-15,7.9,0.1,1368,3564000,125368500,108,3827
20260510,20262541,빨간 나라를 보았니,2026-04-15,40.5,0.0,257,1130000,37595550,104,3589
20260510,20138661,케이온,2013-06-13,47.6,0.0,187,1057300,432434731,89,44212
20260510,20000141,매그놀리아,2000-04-15,82.5,0.0,40,363000,56662000,33,6059
20260510,20262291,뮤지컬 장수탕 선녀님,2026-03-26,18.4,0.0,163,289000,174151580,30,18032
20260510,20250365,햄넷,2026-02-25,22.5,0.0,111,259000,645851790,25,67288
20260510,20256757,극장판 체인소 맨: 레제편,2025-09-24,16.8,0.0,113,246000,36336715900,19,3455776
20260510,19980001,미술관 옆 동물원,1998-12-19,38.0,0.0,50,190000,6319000,19,666
20260510,20258709,좀비 랜드 사가: 유메긴가 파라다이스,2026-03-04,20.7,0.0,87,187870,114327840,18,9829
20260510,20262639,노멀,2026-04-17,2.6,0.0,382,76000,129207500,10,20079
20260510,19930167,마루타 디 오리지널: 사망열차,1993-07-03,6.1,0.0,164,70000,167000,10,23
20260510,19950306,사랑에 관한 짧은 필름,1995-10-14,10.5,0.0,76,83000,15741200,8,1800
20260510,20262101,킬 빌: 더 홀 블러디 어페어,2026-04-01,5.3,0.0,113,138000,381000600,6,19214
20260510,20256397,원 배틀 애프터 어나더,2025-10-01,8.5,0.0,59,40000,5828777420,5,547578
20260510,20258484,"미스터김, 영화관에 가다",2026-02-19,13.9,0.0,36,37000,9829708,5,1235
20260510,20060284,라디오 스타,2006-09-28,4.3,0.0,94,38500,9863606600,4,1590958
20260510,20262383,쉘터,2026-04-15,11.8,0.0,34,28000,151173600,4,21785
20260510,20250586,주희에게,2026-04-15,1.6,0.0,254,25000,24457900,4,2720
20260510,20262661,스크림 7,2026-04-01,1.0,0.0,304,45000,31705850,3,2783
20260510,19970209,살인에 관한 짧은 필름,1997-07-05,4.0,0.0,76,30000,11236400,3,1253
20260510,20254602,씨너스: 죄인들,2025-05-28,5.1,0.0,59,24000,1165839140,3,100984
20260510,20261666,네가 마지막으로 남긴 노래,2026-04-01,3.9,0.0,51,14500,820560740,2,81602
20260510,20241575,메소드연기,2026-03-18,2.6,0.0,77,10000,580478130,2,62751
20260510,20262907,고트: 더 레전드,2026-04-17,2.3,0.0,43,7000,290115080,1,33074
20260509,20263327,사랑의 하츄핑 특별판,2026-05-01,5.0,0.5,11493,5414400,124784760,573,13172
20260509,20262906,극장판 반짝반짝 달님이: 싱어롱 파티,2026-05-01,3.4,0.6,14890,4740800,95955850,509,10261
20260509,20250630,빌리 아일리시 - 히트 미 하드 앤드 소프트: 더 투어,2026-05-06,3.1,0.6,12822,10075000,45357000,403,1815
20260509,20262787,원 오크 록 디톡스 투어 인 시네마,2026-04-22,93.7,0.0,380,8900000,103725000,356,4149
20260509,20262541,빨간 나라를 보았니,2026-04-15,60.0,0.0,335,2010000,36465550,201,3485
20260509,19980231,트루먼 쇼,1998-10-24,17.3,0.0,1035,2066900,365853800,179,39152
20260509,20088147,줄무늬 파자마를 입은 소년,2026-04-23,4.7,0.1,3161,1539150,93332600,149,11772
20260509,20262657,리 크로닌의 미이라,2026-04-22,11.3,0.1,1263,1596300,397356130,143,36696
20260509,20138661,케이온,2013-06-13,46.8,0.0,278,1379850,431377431,130,44123
20260509,20262741,르세라핌 브이알 콘서트 : 인비테이션,2026-04-15,7.0,0.1,1744,4022500,121804500,122,3719
20260509,20263162,그림자 내각,2026-06-25,100.0,0.0,109,1090000,8240000,109,859
20260509,20262907,고트: 더 레전드,2026-04-17,28.9,0.0,349,674000,290108080,101,33073
20260509,20247490,누룩,2026-04-15,18.9,0.0,525,747000,46998970,99,6158
20260509,20256283,호퍼스,2026-03-04,43.9,0.0,198,480740,7529257010,87,763611
20260509,20258709,좀비 랜드 사가: 유메긴가 파라다이스,2026-03-04,51.9,0.0,156,605000,114139970,81,9811
20260509,20000141,매그놀리아,2000-04-15,89.4,0.0,66,649000,56299000,59,6026
20260509,20256397,원 배틀 애프터 어나더,2025-10-01,38.4,0.0,99,400000,5828737420,38,547573
20260509,20254275,킹 오브 킹스,2025-07-16,97.4,0.0,39,228000,12431293626,38,1318522
20260509,20262291,뮤지컬 장수탕 선녀님,2026-03-26,10.8,0.0,325,341000,173862580,35,18002
20260509,19980001,미술관 옆 동물원,1998-12-19,64.0,0.0,50,320000,6129000,32,647
20260509,20256757,극장판 체인소 맨: 레제편,2025-09-24,12.0,0.0,226,279600,36336469900,27,3455757
20260509,20262101,킬 빌: 더 홀 블러디 어페어,2026-04-01,14.4,0.0,160,525000,380862600,23,19208
20260509,20250365,햄넷,2026-02-25,14.4,0.0,111,164000,645592790,16,67263
20260509,20254602,씨너스: 죄인들,2025-05-28,27.1,0.0,59,137000,1165815140,16,100981
20260509,20262639,노멀,2026-04-17,2.0,0.0,501,119500,129131500,10,20069
20260509,20262383,쉘터,2026-04-15,20.6,0.0,34,49000,151145600,7,21781
20260509,19930167,마루타 디 오리지널: 사망열차,1993-07-03,4.1,0.0,121,33000,97000,5,13
20260509,20262661,스크림 7,2026-04-01,1.2,0.0,161,25000,31660850,2,2780
20260509,20261666,네가 마지막으로 남긴 노래,2026-04-01,3.9,0.0,51,21000,820546240,2,81600
20260509,20246777,더 폴: 디렉터스 컷,2024-12-25,3.1,0.0,32,10000,1968076400,1,190460
20260509,20250586,주희에게,2026-04-15,2.8,0.0,36,5000,24432900,1,2716
20260508,20250630,빌리 아일리시 - 히트 미 하드 앤드 소프트: 더 투어,2026-05-06,1.7,0.8,13988,5957000,35282000,239,1412
20260508,19980231,트루먼 쇼,1998-10-24,14.1,0.1,1433,2165750,363786900,202,38973
20260508,20262811,"극장판 총집편 걸즈 밴드 크라이 있잖아, 미래.",2026-04-16,10.3,0.1,1840,1995760,165024990,189,15836
20260508,20262639,노멀,2026-04-17,16.6,0.0,911,803500,129012000,151,20059
20260508,20262906,극장판 반짝반짝 달님이: 싱어롱 파티,2026-05-01,3.6,0.2,4037,937500,91215050,147,9752
20260508,20262541,빨간 나라를 보았니,2026-04-15,25.6,0.0,523,1013000,34455550,134,3284
20260508,20263327,사랑의 하츄핑 특별판,2026-05-01,4.5,0.2,2927,901500,119370360,133,12599
20260508,20262657,리 크로닌의 미이라,2026-04-22,15.6,0.0,737,1355150,395759830,115,36553
20260508,20256283,호퍼스,2026-03-04,76.3,0.0,135,824000,7528776270,103,763524
20260508,20262741,르세라핌 브이알 콘서트 : 인비테이션,2026-04-15,5.5,0.1,1466,2673000,117782000,81,3597
20260508,20247457,신의악단,2025-12-31,98.7,0.0,78,770000,13798701730,77,1449619
20260508,20088147,줄무늬 파자마를 입은 소년,2026-04-23,2.7,0.2,2894,745300,91793450,77,11623
20260508,20210684,두다다쿵: 후후섬의 비밀,2023-02-15,33.6,0.0,226,532000,1145219650,76,127254
20260508,20226489,리바운드,2023-04-05,23.5,0.0,238,392000,6793511188,56,707766
20260508,20080143,데어 윌 비 블러드,2008-03-06,87.5,0.0,40,385000,103967500,35,14810
20260508,20262291,뮤지컬 장수탕 선녀님,2026-03-26,20.4,0.0,172,284000,173521580,35,17967
20260508,20000141,매그놀리아,2000-04-15,96.2,0.0,26,275000,55650000,25,5967
20260508,20254602,씨너스: 죄인들,2025-05-28,40.0,0.0,40,176000,1165678140,16,100965
20260508,20256757,극장판 체인소 맨: 레제편,2025-09-24,5.8,0.0,226,137500,36336190300,13,3455730
20260508,19980001,미술관 옆 동물원,1998-12-19,12.5,0.0,104,130000,5809000,13,615
20260508,20250365,햄넷,2026-02-25,15.3,0.0,59,78000,645428790,9,67247
20260508,20262101,킬 빌: 더 홀 블러디 어페어,2026-04-01,3.8,0.0,160,138000,380337600,6,19185
20260508,19930167,마루타 디 오리지널: 사망열차,1993-07-03,3.3,0.0,121,34000,64000,4,8
20260508,19990070,인정사정 볼 것 없다,1999-07-31,3.2,0.0,94,29500,6616800,3,720
20260508,20262661,스크림 7,2026-04-01,1.2,0.0,161,30000,31635850,2,2778
20260508,20261666,네가 마지막으로 남긴 노래,2026-04-01,3.9,0.0,51,21000,820525240,2,81598
20260508,20247490,누룩,2026-04-15,5.6,0.0,36,10000,46251970,2,6059
20260508,20258484,"미스터김, 영화관에 가다",2026-02-19,2.8,0.0,36,8000,9792708,1,1230
20260508,20263023,자매전쟁 무삭제,2026-05-08,1.2,0.0,83,6000,6000,1,1
20260508,20256204,나 맛있지 3,2026-05-08,1.1,0.0,91,1000,1000,1,1
20260507,20262907,고트: 더 레전드,2026-04-17,81.2,0.0,356,2301000,283867080,289,32215
20260507,20263162,그림자 내각,2026-06-25,100.0,0.0,235,2115000,7150000,235,750
20260507,20250630,빌리 아일리시 - 히트 미 하드 앤드 소프트: 더 투어,2026-05-06,1.7,0.8,13294,5550000,29325000,222,1173
20260507,20088147,줄무늬 파자마를 입은 소년,2026-04-23,6.5,0.2,3315,1788550,91048150,216,11546
20260507,20262941,한복 입은 남자,2026-05-21,106.3,0.0,192,1836000,1836000,204,204
20260507,20256283,호퍼스,2026-03-04,83.2,0.0,214,1424000,7527952270,178,763421
20260507,20262639,노멀,2026-04-17,10.7,0.1,1226,708000,128208500,131,19908
20260507,20262631,5월18일생,2026-05-14,100.0,0.0,126,1134000,6033000,126,587
20260507,20150972,굿바이 싱글,2016-06-29,60.6,0.0,165,600000,16913882195,100,2108661
20260507,19980231,트루먼 쇼,1998-10-24,6.4,0.1,1501,1081200,361621150,96,38771
20260507,20232639,극장판 슈퍼윙스: 맥시멈 스피드,2023-07-20,38.1,0.0,226,602000,1199482958,86,137039
20260507,20263327,사랑의 하츄핑 특별판,2026-05-01,3.2,0.1,2100,521300,118468860,67,12466
20260507,20262657,리 크로닌의 미이라,2026-04-22,7.4,0.0,857,622950,394404680,63,36438
20260507,20226444,극장판 엄마 까투리: 도시로 간 까투리 가족,2022-09-08,76.9,0.0,78,480000,1627696999,60,176590
20260507,20129370,명량,2014-07-30,98.3,0.0,59,348000,135765176310,58,17616791
20260507,20192680,끝장수사,2026-04-02,14.8,0.0,358,321000,835045120,53,90996
20260507,20060045,스윙걸즈,2006-03-23,54.4,0.0,92,500000,549105100,50,80289
20260507,20080143,데어 윌 비 블러드,2008-03-06,58.8,0.0,80,470000,103582500,47,14775
20260507,20262741,르세라핌 브이알 콘서트 : 인비테이션,2026-04-15,3.6,0.1,1264,1485000,115109000,45,3516
20260507,20262541,빨간 나라를 보았니,2026-04-15,4.3,0.1,947,368000,33442550,41,3150
20260507,20262906,극장판 반짝반짝 달님이: 싱어롱 파티,2026-05-01,1.4,0.2,2857,364800,90277550,41,9605
20260507,20210684,두다다쿵: 후후섬의 비밀,2023-02-15,22.6,0.0,177,280000,1144687650,40,127178
20260507,20250365,햄넷,2026-02-25,27.6,0.0,116,267000,645350790,32,67238
20260507,20198317,인생은 아름다워,2022-09-28,100.0,0.0,30,420000,10928749019,30,1176461
20260507,20000141,매그놀리아,2000-04-15,100.0,0.0,26,260000,55375000,26,5942
20260507,20256397,원 배틀 애프터 어나더,2025-10-01,13.0,0.0,184,235000,5828337420,24,547535
20260507,20256757,극장판 체인소 맨: 레제편,2025-09-24,9.7,0.0,113,104500,36336052800,11,3455717
20260507,19980001,미술관 옆 동물원,1998-12-19,5.8,0.0,104,60000,5679000,6,602
20260507,20262101,킬 빌: 더 홀 블러디 어페어,2026-04-01,3.1,0.0,160,96000,380199600,5,19179
20260507,20247490,누룩,2026-04-15,1.7,0.0,232,20000,46241970,4,6057
20260507,20261666,네가 마지막으로 남긴 노래,2026-04-01,5.9,0.0,51,29000,820504240,3,81596
20260507,19930167,마루타 디 오리지널: 사망열차,1993-07-03,3.0,0.0,66,20000,30000,2,4
20260507,20262291,뮤지컬 장수탕 선녀님,2026-03-26,2.3,0.0,86,20000,173237580,2,17932
20260507,20250840,바다 탐험대 옥토넛 어보브 앤 비욘드 : 육지생물 구조작전,2026-02-12,5.0,0.0,40,16000,323791200,2,33797
20260507,20250586,주희에게,2026-04-15,1.4,0.0,72,7000,24427900,1,2715
20260507,20263560,소개팅 앱 섹파투어 G컵녀 하즈키,2026-05-07,1.2,0.0,83,6000,6000,1,1
20260507,20263571,젖은 여비서 맛 보는 상사,2026-05-07,1.2,0.0,83,6000,6000,1,1
20260507,20263581,출장중 아내가 부장에게 임신당했다,2026-05-07,1.2,0.0,83,6000,6000,1,1
20260507,20263583,하숙생 물빼는 예쁜 아줌마,2026-05-07,1.2,0.0,83,6000,6000,1,1
20260507,20204117,모가디슈,2021-07-28,0.0,0.0,120,0,34607764926,0,3619998
20260520,20259626,마이클,2026-05-13,6.0,46.3,809321,522751410,8744154060,48844,778419
20260520,20259791,악마는 프라다를 입는다 2,2026-04-29,5.9,15.4,269577,169166720,14991957340,15939,1488185
20260520,20252402,군체,2026-05-21,95.4,0.8,14897,135623000,180993000,14212,18512
20260520,20262975,신극장판 은혼: 요시와라 대염상,2026-05-20,11.2,6.0,104324,131275280,152998450,11687,13475
20260520,20254121,살목지,2026-04-08,5.6,9.8,170580,101787700,32825306210,9620,3196094
20260520,20261782,프로젝트 헤일메리,2026-03-18,7.1,4.0,69925,52963600,32439949230,4949,2859808
20260520,20259773,슈퍼 마리오 갤럭시,2026-04-29,6.3,3.4,59254,34344910,14341453980,3741,1480759
20260520,20242837,왕과 사는 남자,2026-02-04,9.4,2.1,37349,31056600,162866291340,3521,16872840
20260520,20194376,탑건: 매버릭,2022-06-22,9.1,1.2,20943,22155540,88858881134,1915,8275966
20260520,20040695,이프 온리,2004-10-29,7.4,1.2,21614,17257870,7213887840,1589,1060842
20260519,20259626,마이클,2026-05-13,4.9,47.0,784314,410894860,8221402650,38030,729575
20260519,20259791,악마는 프라다를 입는다 2,2026-04-29,5.0,16.6,277452,144264530,14822790620,13783,1472246
20260519,20254121,살목지,2026-04-08,4.5,10.5,176006,85084100,32723518510,7973,3186474
20260519,20259773,슈퍼 마리오 갤럭시,2026-04-29,5.1,4.6,76868,36829940,14307109070,3890,1477018
20260519,20261782,프로젝트 헤일메리,2026-03-18,5.2,4.4,72742,41028280,32386985630,3750,2854859
20260519,20242837,왕과 사는 남자,2026-02-04,7.8,2.3,38647,26663250,162835234740,3014,16869319
20260519,20240532,짱구,2026-04-22,5.5,2.3,38734,19875800,3980982120,2144,407791
20260519,20252402,군체,2026-05-21,100.0,0.1,1953,21062000,45370000,1953,4300
20260519,20040695,이프 온리,2004-10-29,5.7,1.9,32095,20509050,7196629970,1833,1059253
20260519,20194376,탑건: 매버릭,2022-06-22,6.5,1.7,28150,21837720,88836725594,1830,8274051
20260518,20259626,마이클,2026-05-13,5.4,47.4,805113,479831820,7810507790,43653,691545
20260518,20259791,악마는 프라다를 입는다 2,2026-04-29,5.1,16.5,280683,151073870,14678526090,14277,1458463
20260518,20254121,살목지,2026-04-08,4.8,10.8,182513,95426650,32638434410,8793,3178501
20260518,20261782,프로젝트 헤일메리,2026-03-18,5.5,4.3,72573,43297140,32345957350,3965,2851109
20260518,20259773,슈퍼 마리오 갤럭시,2026-04-29,4.7,4.6,78194,36799980,14270279130,3642,1473128
20260518,20248252,와일드 씽,2026-06-03,100.0,0.1,2440,22216000,24210000,2440,2652
20260518,20242837,왕과 사는 남자,2026-02-04,6.4,2.2,37774,22702700,162808571490,2426,16866305
20260518,20252402,군체,2026-05-21,100.0,0.1,1941,20498000,24308000,1941,2347
20260518,20040695,이프 온리,2004-10-29,5.7,1.9,32105,20203150,7176120920,1830,1057420
20260518,20240532,짱구,2026-04-22,4.5,2.3,39666,17974100,3961106320,1790,405647
20260517,20259626,마이클,2026-05-13,18.5,45.3,969552,2041192250,7330675970,179025,647892
20260517,20259773,슈퍼 마리오 갤럭시,2026-04-29,23.7,11.7,249722,597054380,14233479150,59067,1469486
20260517,20259791,악마는 프라다를 입는다 2,2026-04-29,13.1,14.3,306102,450656330,14527452220,40144,1444186
20260517,20254121,살목지,2026-04-08,13.7,11.0,234788,353002090,32543007760,32131,3169708
20260517,20261782,프로젝트 헤일메리,2026-03-18,18.1,3.4,72724,146776040,32302660210,13124,2847144
20260517,20194376,탑건: 매버릭,2022-06-22,20.8,1.4,29034,74198600,88794591954,6030,8270540
20260517,20242837,왕과 사는 남자,2026-02-04,13.6,1.7,35670,50713170,162785868790,4854,16863879
20260517,20040695,이프 온리,2004-10-29,15.0,1.5,32183,55535390,7155917770,4820,1055590
20260517,20240532,짱구,2026-04-22,11.2,2.0,41676,49453400,3943132220,4676,403857
20260517,20262975,신극장판 은혼: 요시와라 대염상,2026-05-20,77.3,0.0,803,8510400,21723170,621,1788
20260516,20259626,마이클,2026-05-13,19.9,45.8,1025960,2384957140,5289483720,204422,468867
20260516,20259773,슈퍼 마리오 갤럭시,2026-04-29,21.9,11.3,252765,559033840,13636424770,55266,1410419
20260516,20259791,악마는 프라다를 입는다 2,2026-04-29,15.4,14.4,323273,562367290,14076795890,49883,1404042
20260516,20254121,살목지,2026-04-08,15.2,11.4,254747,432101080,32190005670,38823,3137577
20260516,20261782,프로젝트 헤일메리,2026-03-18,21.0,3.4,75451,180963400,32155884170,15867,2834020
20260516,20194376,탑건: 매버릭,2022-06-22,23.4,1.4,30754,90978610,88720393354,7199,8264510
20260516,20240532,짱구,2026-04-22,11.2,1.9,41960,49866370,3893678820,4684,399181
20260516,20242837,왕과 사는 남자,2026-02-04,13.5,1.5,34581,49144000,162735155620,4664,16859025
20260516,20040695,이프 온리,2004-10-29,14.3,1.4,31359,51651810,7100382380,4475,1050770
20260516,20262975,신극장판 은혼: 요시와라 대염상,2026-05-20,75.7,0.0,890,8907770,13212770,674,1167
20260515,20259626,마이클,2026-05-13,9.2,47.5,948474,1011694630,2904526580,86922,264445
20260515,20259791,악마는 프라다를 입는다 2,2026-04-29,9.8,15.7,312787,335660670,13514428600,30518,1354159
20260515,20254121,살목지,2026-04-08,8.6,11.7,232600,221876930,31757904590,20009,3098754
20260515,20259773,슈퍼 마리오 갤럭시,2026-04-29,8.7,5.3,105690,90325930,13077390930,9229,1355153
20260515,20261782,프로젝트 헤일메리,2026-03-18,11.4,3.7,73791,92849590,31974920770,8386,2818153
20260515,20242837,왕과 사는 남자,2026-02-04,10.7,2.0,38883,39141120,162686011620,4155,16854361
20260515,20040695,이프 온리,2004-10-29,8.7,1.8,36463,37642710,7048730570,3187,1046295
20260515,20240532,짱구,2026-04-22,6.5,2.4,47423,31154620,3843812450,3080,394497
20260515,20194376,탑건: 매버릭,2022-06-22,10.2,1.5,29924,39314500,88629414744,3061,8257311
20260515,20262775,기동전사 건담: 섬광의 하사웨이 키르케의 마녀,2026-04-22,8.5,0.2,3808,4026500,526250600,325,43448
20260514,20259626,마이클,2026-05-13,6.8,47.4,870492,653730300,1892831950,59035,177523
20260514,20259791,악마는 프라다를 입는다 2,2026-04-29,8.3,15.6,286608,252564470,13178767930,23909,1323641
20260514,20254121,살목지,2026-04-08,5.6,11.4,208956,124792170,31536027660,11588,3078745
20260514,20259773,슈퍼 마리오 갤럭시,2026-04-29,6.7,4.9,90826,57093380,12987065000,6117,1345924
20260514,20261782,프로젝트 헤일메리,2026-03-18,8.3,3.4,62955,56127050,31882071180,5192,2809767
20260514,20242837,왕과 사는 남자,2026-02-04,10.6,1.9,35155,33632950,162646870500,3739,16850206
20260514,20240532,짱구,2026-04-22,6.6,2.4,43595,27491600,3812657830,2885,391417
20260514,20040695,이프 온리,2004-10-29,7.1,1.9,34870,27762100,7011087860,2474,1043108
20260514,20194376,탑건: 매버릭,2022-06-22,7.1,1.6,29619,25112800,88590100244,2087,8254250
20260514,20262975,신극장판 은혼: 요시와라 대염상,2026-05-20,100.0,0.0,460,4140000,4305000,460,493
20260520,20240532,짱구,2026-04-22,4.6,1.6,27131,12501000,3993483120,1241,409032
20260520,20262775,기동전사 건담: 섬광의 하사웨이 키르케의 마녀,2026-04-22,11.0,0.1,2165,2814350,547400800,239,45202
20260520,20248218,반칙왕 몽키,2026-05-20,6.5,0.1,2388,1412000,1917000,154,210
20260520,20262947,모탈 컴뱃 2,2026-05-06,4.5,0.1,1999,731000,178166180,89,16259
20260520,20262741,르세라핌 브이알 콘서트 : 인비테이션,2026-04-15,6.1,0.1,1106,1716000,144366000,67,4535
20260520,20000141,매그놀리아,2000-04-15,89.4,0.0,66,583000,59131000,59,6301
20260520,20137048,국제시장,2014-12-17,59.3,0.0,86,306000,110979357230,51,14269368
20260520,20262631,5월18일생,2026-05-14,3.0,0.1,1147,312000,12172650,34,1250
20260520,20263327,사랑의 하츄핑 특별판,2026-05-01,14.8,0.0,182,180000,136605110,27,14524
20260520,19950306,사랑에 관한 짧은 필름,1995-10-14,32.9,0.0,76,150000,16112200,25,1855
20260520,20080143,데어 윌 비 블러드,2008-03-06,60.0,0.0,40,240000,106594500,24,15058
20260520,20263670,연하남친이 귀여운 아줌마,2026-05-20,13.4,0.0,149,100000,100000,20,20
20260520,20263684,쫄깃한 맛의 육덕진 아줌마,2026-05-20,24.1,0.0,83,100000,100000,20,20
20260520,20088147,줄무늬 파자마를 입은 소년,2026-04-23,9.0,0.0,212,133000,100565850,19,12526
20260520,19970209,살인에 관한 짧은 필름,1997-07-05,23.7,0.0,76,108000,11599400,18,1305
20260520,19980001,미술관 옆 동물원,1998-12-19,32.7,0.0,52,170000,6962000,17,733
20260520,20262906,극장판 반짝반짝 달님이: 싱어롱 파티,2026-05-01,1.5,0.0,939,137000,109826150,14,11734
20260520,20262811,"극장판 총집편 걸즈 밴드 크라이 있잖아, 미래.",2026-04-16,4.4,0.0,226,134000,181457190,10,17343
20260520,20262657,리 크로닌의 미이라,2026-04-22,3.0,0.0,296,97500,400995630,9,37027
20260520,20183782,기생충,2019-05-30,11.5,0.0,52,60000,87506113295,6,10317307
20260520,20263597,최후의 만찬,2026-06-04,3.3,0.0,90,22000,1022000,3,103
20260520,20263722,몰래한 불륜 : 유부녀들,2026-05-20,0.7,0.0,146,6000,6000,1,1
20260519,20258236,만달로리안과 그로구,2026-05-27,100.0,0.1,1392,24096000,24096000,1392,1392
20260519,20262541,빨간 나라를 보았니,2026-04-15,61.8,0.0,550,3783000,48006550,340,4511
20260519,20262775,기동전사 건담: 섬광의 하사웨이 키르케의 마녀,2026-04-22,5.2,0.2,4064,2413700,544586450,210,44963
20260519,20262947,모탈 컴뱃 2,2026-05-06,2.6,0.3,5198,1255900,177435180,134,16170
20260519,20192680,끝장수사,2026-04-02,62.9,0.0,175,1430000,838623120,110,91324
20260519,20252373,넘버원,2026-02-11,84.7,0.0,111,658000,2688096020,94,280565
20260519,20256283,호퍼스,2026-03-04,77.4,0.0,93,504000,7532886010,72,764048
20260519,20248218,반칙왕 몽키,2026-05-20,73.7,0.0,76,505000,505000,56,56
20260519,20250365,햄넷,2026-02-25,36.7,0.0,109,385000,646378790,40,67344
20260519,20080143,데어 윌 비 블러드,2008-03-06,97.5,0.0,40,390000,106354500,39,15034
20260519,20088147,줄무늬 파자마를 입은 소년,2026-04-23,5.7,0.0,655,380350,100432850,37,12507
20260519,20262631,5월18일생,2026-05-14,2.0,0.1,1737,279000,11860650,34,1216
20260519,20232639,극장판 슈퍼윙스: 맥시멈 스피드,2023-07-20,37.0,0.0,92,238000,1199720958,34,137073
20260519,20256397,원 배틀 애프터 어나더,2025-10-01,32.3,0.0,99,317000,5829616420,32,547662
20260519,20262741,르세라핌 브이알 콘서트 : 인비테이션,2026-04-15,3.2,0.1,948,920500,142650000,30,4468
20260519,20000141,매그놀리아,2000-04-15,96.2,0.0,26,250000,58548000,25,6242
20260519,20263327,사랑의 하츄핑 특별판,2026-05-01,6.9,0.0,348,190000,136425110,24,14497
20260519,20256757,극장판 체인소 맨: 레제편,2025-09-24,8.9,0.0,226,250000,36338570000,20,3455932
20260519,20262811,"극장판 총집편 걸즈 밴드 크라이 있잖아, 미래.",2026-04-16,4.6,0.0,411,176400,181323190,19,17333
20260519,20060045,스윙걸즈,2006-03-23,42.9,0.0,42,180000,549893100,18,80363
20260519,19910234,신경쇠약 직전의 여자,1991-06-22,31.0,0.0,42,130000,4989000,13,535
20260519,20262906,극장판 반짝반짝 달님이: 싱어롱 파티,2026-05-01,1.0,0.1,921,96000,109689150,9,11720
20260519,20262101,킬 빌: 더 홀 블러디 어페어,2026-04-01,6.2,0.0,113,137000,382271600,7,19273
20260519,20262657,리 크로닌의 미이라,2026-04-22,1.8,0.0,274,57000,400898130,5,37018
20260519,20247490,누룩,2026-04-15,2.4,0.0,167,27000,49728970,4,6393
20260519,20262661,스크림 7,2026-04-01,1.9,0.0,161,42000,31917350,3,2804
20260519,20261666,네가 마지막으로 남긴 노래,2026-04-01,1.9,0.0,159,23800,820803540,3,81629
20260519,20262463,오피셜히게단디즘 라이브 앳 스타디움 2025,2026-04-02,1.2,0.0,86,25000,345057000,1,13842
20260519,20258484,"미스터김, 영화관에 가다",2026-02-19,2.8,0.0,36,5000,9881708,1,1244
20260519,20263381,돈 없어 몸으로 갚는 유부녀,2026-05-19,0.5,0.0,194,1000,1000,1,1
20260519,20212867,란제리 유부녀의 속옷유혹,2026-05-19,0.7,0.0,140,1000,1000,1,1
20260519,20263505,미친 골반의 형수,2026-05-19,0.7,0.0,140,1000,1000,1,1
20260519,20263382,변태였던 에어컨 수리기사,2026-05-19,0.7,0.0,140,1000,1000,1,1
20260519,20252474,새엄마의 땀냄새에 이성을 잃고,2026-05-19,1.1,0.0,91,1000,1000,1,1
20260519,20252535,얌전하던 여직원이 실은 음란거유녀,2026-05-19,0.5,0.0,194,1000,1000,1,1
20260519,20252475,인생처음 여자를 알게 해준 엄마친구,2026-05-19,1.1,0.0,91,1000,1000,1,1
20260519,20252520,인형이 된 여상사를 장난질하는 사무실,2026-05-19,0.5,0.0,194,1000,1000,1,1
20260519,20252491,하도 졸라대는 처형을 벗기니 몸매가 눈부시다,2026-05-19,1.1,0.0,91,1000,1000,1,1
20260518,20194376,탑건: 매버릭,2022-06-22,6.5,1.5,25935,20295920,88814887874,1681,8272221
20260518,20262541,빨간 나라를 보았니,2026-04-15,66.6,0.0,641,4899000,44223550,427,4171
20260518,20262775,기동전사 건담: 섬광의 하사웨이 키르케의 마녀,2026-04-22,5.5,0.2,3991,2612000,542172750,221,44753
20260518,20262947,모탈 컴뱃 2,2026-05-06,3.2,0.3,4708,1469100,176179280,152,16036
20260518,20192680,끝장수사,2026-04-02,68.6,0.0,175,1560000,837193120,120,91214
20260518,20256283,호퍼스,2026-03-04,75.0,0.0,120,720000,7532382010,90,763976
20260518,20088147,줄무늬 파자마를 입은 소년,2026-04-23,6.7,0.1,1083,654350,100052500,72,12470
20260518,20262741,르세라핌 브이알 콘서트 : 인비테이션,2026-04-15,4.8,0.1,1106,1320000,141729500,53,4438
20260518,20262631,5월18일생,2026-05-14,1.8,0.1,2449,432500,11581650,43,1182
20260518,20250840,바다 탐험대 옥토넛 어보브 앤 비욘드 : 육지생물 구조작전,2026-02-12,42.9,0.0,70,210000,325317200,30,33987
20260518,20262811,"극장판 총집편 걸즈 밴드 크라이 있잖아, 미래.",2026-04-16,4.5,0.0,445,226600,181146790,20,17314
20260518,20262906,극장판 반짝반짝 달님이: 싱어롱 파티,2026-05-01,1.3,0.1,1044,132000,109593150,14,11711
20260518,20262657,리 크로닌의 미이라,2026-04-22,5.3,0.0,245,152600,400841130,13,37013
20260518,20256757,극장판 체인소 맨: 레제편,2025-09-24,4.9,0.0,226,139500,36338320000,11,3455912
20260518,20183782,기생충,2019-05-30,18.0,0.0,50,90000,87506053295,9,10317301
20260518,19990070,인정사정 볼 것 없다,1999-07-31,6.4,0.0,94,71000,6687800,6,726
20260518,20247490,누룩,2026-04-15,4.6,0.0,108,34000,49701970,5,6389
20260518,20241941,좀비딸,2025-07-30,1.2,0.0,424,25000,53151135990,5,5641774
20260518,20262101,킬 빌: 더 홀 블러디 어페어,2026-04-01,3.5,0.0,113,80000,382134600,4,19266
20260518,20261666,네가 마지막으로 남긴 노래,2026-04-01,5.3,0.0,76,29800,820779740,4,81626
20260518,19980001,미술관 옆 동물원,1998-12-19,5.8,0.0,52,21000,6792000,3,716
20260518,20211791,하이파이브,2025-05-30,1.4,0.0,212,15000,17546172020,3,1893705
20260518,20262463,오피셜히게단디즘 라이브 앳 스타디움 2025,2026-04-02,2.3,0.0,86,50000,345032000,2,13841
20260518,20262291,뮤지컬 장수탕 선녀님,2026-03-26,6.3,0.0,32,20000,175283580,2,18180
20260518,20249255,만약에 우리,2025-12-31,2.4,0.0,85,10000,25510034820,2,2602829
20260518,20263327,사랑의 하츄핑 특별판,2026-05-01,0.5,0.0,206,14000,136235110,1,14473
20260518,20250586,주희에게,2026-04-15,0.9,0.0,108,8000,25983900,1,2915
20260518,20255128,10일간 음란 섹스레슨 무삭제,2026-05-18,0.7,0.0,146,6000,6000,1,1
20260518,20262848,아내는 누드모델 2 - 뒤틀린 섹스 욕망,2026-05-18,0.7,0.0,146,6000,6000,1,1
20260518,20262847,한여름 밤 벌어진 소꿉친구의 허벅지,2026-05-18,0.7,0.0,146,6000,6000,1,1
20260518,20252273,남편은 출장중 새엄마가 안은 젊은 육체,2026-05-18,1.1,0.0,91,1000,1000,1,1
20260518,20252492,민감한 성감대 자극이 특기인 새엄마,2026-05-18,0.7,0.0,140,1000,1000,1,1
20260518,20252321,새엄마와는 한달에 오직 한 번입니다,2026-05-18,0.5,0.0,194,1000,1000,1,1
20260518,20252304,실은 찰떡 속궁합인 처형과 몰래데이트,2026-05-18,1.1,0.0,91,1000,1000,1,1
20260518,20252286,어린 장모님의 극상몸매에 터져버린 욕구,2026-05-18,1.1,0.0,91,1000,1000,1,1
20260518,20252396,오로지 강인한 남자가 좋다는 친구엄마,2026-05-18,0.7,0.0,140,1000,1000,1,1
20260518,20252476,자기를 좋아해도 된다는 거유형수는 실은 자기가 욕구불만,2026-05-18,0.7,0.0,140,1000,1000,1,1
20260518,20252280,진심으로 나를 사랑한 새엄마,2026-05-18,1.1,0.0,91,1000,1000,1,1
20260518,20252395,청초한 처형이 빨아준 속옷과 나의 마음,2026-05-18,0.5,0.0,194,1000,1000,1,1
20260517,20262775,기동전사 건담: 섬광의 하사웨이 키르케의 마녀,2026-04-22,10.7,0.2,3975,5177450,539560750,424,44532
20260517,20262947,모탈 컴뱃 2,2026-05-06,6.2,0.3,5615,3149000,174710180,349,15884
20260517,20262906,극장판 반짝반짝 달님이: 싱어롱 파티,2026-05-01,4.3,0.3,6583,2986400,109461150,284,11697
20260517,20262741,르세라핌 브이알 콘서트 : 인비테이션,2026-04-15,8.3,0.1,1744,3729000,140409500,145,4385
20260517,20138661,케이온,2013-06-13,52.8,0.0,267,1794900,435945981,141,44486
20260517,20164844,불한당: 나쁜 놈들의 세상,2017-05-17,100.0,0.0,132,1848000,7783953425,132,967062
20260517,20263327,사랑의 하츄핑 특별판,2026-05-01,9.4,0.1,1389,1172400,136221110,130,14472
20260517,20247457,신의악단,2025-12-31,92.4,0.0,132,1086000,13810761730,122,1451084
20260517,20263597,최후의 만찬,2026-06-04,87.7,0.0,114,1000000,1000000,100,100
20260517,20262631,5월18일생,2026-05-14,3.1,0.1,2423,719900,11149150,76,1139
20260517,20262811,"극장판 총집편 걸즈 밴드 크라이 있잖아, 미래.",2026-04-16,7.4,0.0,824,788800,180920190,61,17294
20260517,20262463,오피셜히게단디즘 라이브 앳 스타디움 2025,2026-04-02,30.3,0.0,178,600000,344982000,54,13839
20260517,20247490,누룩,2026-04-15,26.9,0.0,186,484000,49667970,50,6384
20260517,20088147,줄무늬 파자마를 입은 소년,2026-04-23,5.1,0.0,811,385350,99398150,41,12398
20260517,20080143,데어 윌 비 블러드,2008-03-06,95.0,0.0,40,418000,105964500,38,14995
20260517,19910234,신경쇠약 직전의 여자,1991-06-22,75.0,0.0,40,318000,4859000,30,522
20260517,20060045,스윙걸즈,2006-03-23,72.5,0.0,40,317000,549713100,29,80345
20260517,20256757,극장판 체인소 맨: 레제편,2025-09-24,9.9,0.0,273,316000,36338180500,27,3455901
20260517,20262657,리 크로닌의 미이라,2026-04-22,8.0,0.0,274,281300,400688530,22,37000
20260517,20262291,뮤지컬 장수탕 선녀님,2026-03-26,8.8,0.0,227,200000,175263580,20,18178
20260517,20000141,매그놀리아,2000-04-15,57.7,0.0,26,165000,58298000,15,6217
20260517,19980001,미술관 옆 동물원,1998-12-19,28.0,0.0,50,140000,6771000,14,713
20260517,20262101,킬 빌: 더 홀 블러디 어페어,2026-04-01,8.9,0.0,113,226000,382054600,10,19262
20260517,20254602,씨너스: 죄인들,2025-05-28,11.9,0.0,59,73000,1166565140,7,101056
20260517,20262383,쉘터,2026-04-15,16.3,0.0,43,49000,151257600,7,21797
20260517,20256283,호퍼스,2026-03-04,10.0,0.0,60,80000,7531662010,6,763886
20260517,20256397,원 배틀 애프터 어나더,2025-10-01,10.2,0.0,59,66000,5829299420,6,547630
20260517,20258484,"미스터김, 영화관에 가다",2026-02-19,16.7,0.0,36,37000,9876708,6,1243
20260517,20217573,굴뚝마을의 푸펠,2021-05-26,10.3,0.0,58,36000,206148860,6,23743
20260517,20209654,헤어질 결심,2022-06-29,16.7,0.0,30,60000,19802250678,5,1910515
20260517,20060284,라디오 스타,2006-09-28,5.3,0.0,94,55300,9863671900,5,1590964
20260517,20250365,햄넷,2026-02-25,8.5,0.0,59,40000,645993790,5,67304
20260517,20261666,네가 마지막으로 남긴 노래,2026-04-01,2.0,0.0,51,9000,820749940,1,81622
20260517,20253101,극장판 진격의 거인 완결편 더 라스트 어택,2025-03-13,0.9,0.0,108,7800,10766389210,1,1031706
20260517,19930167,마루타 디 오리지널: 사망열차,1993-07-03,2.3,0.0,43,7000,261000,1,36
20260517,20245802,돌아온 처형 박살난 신혼의 꿈,2026-05-17,0.7,0.0,146,6000,6000,1,1
20260517,20244503,불륜 현장에는 벌거벗은 내 아내가 있었다,2026-05-17,0.7,0.0,146,6000,6000,1,1
20260517,20262661,스크림 7,2026-04-01,0.3,0.0,304,5000,31875350,1,2801
20260517,20250586,주희에게,2026-04-15,2.8,0.0,36,5000,25975900,1,2914
20260516,20262775,기동전사 건담: 섬광의 하사웨이 키르케의 마녀,2026-04-22,17.3,0.2,3807,8132700,534383300,660,44108
20260516,20262947,모탈 컴뱃 2,2026-05-06,6.7,0.2,5533,3584250,171561180,373,15535
20260516,20124054,늑대소년,2012-10-31,100.0,0.0,320,4764000,46602781400,320,6655821
20260516,20247457,신의악단,2025-12-31,56.2,0.0,505,2591000,13809675730,284,1450962
20260516,20262906,극장판 반짝반짝 달님이: 싱어롱 파티,2026-05-01,3.2,0.3,7540,2519200,106474750,238,11413
20260516,20262741,르세라핌 브이알 콘서트 : 인비테이션,2026-04-15,11.9,0.1,1526,4653000,136680500,182,4240
20260516,20263845,정뱅이,2026-06-24,88.4,0.0,172,1520000,1520000,152,152
20260516,20138661,케이온,2013-06-13,49.8,0.0,267,1716350,434151081,133,44345
20260516,20256283,호퍼스,2026-03-04,58.5,0.0,195,925000,7531582010,114,763880
20260516,20263327,사랑의 하츄핑 특별판,2026-05-01,6.7,0.1,1402,943900,135048710,94,14342
20260516,20262631,5월18일생,2026-05-14,3.3,0.1,2461,816000,10429250,82,1063
20260516,20262811,"극장판 총집편 걸즈 밴드 크라이 있잖아, 미래.",2026-04-16,7.3,0.0,713,605600,180131390,52,17233
20260516,20247490,누룩,2026-04-15,64.5,0.0,76,539000,49183970,49,6334
20260516,20080143,데어 윌 비 블러드,2008-03-06,97.5,0.0,40,429000,105546500,39,14957
20260516,20088147,줄무늬 파자마를 입은 소년,2026-04-23,4.2,0.0,915,363850,99012800,38,12357
20260516,19910234,신경쇠약 직전의 여자,1991-06-22,83.3,0.0,42,385000,4541000,35,492
20260516,20262657,리 크로닌의 미이라,2026-04-22,13.1,0.0,245,369300,400407230,32,36978
20260516,20256757,극장판 체인소 맨: 레제편,2025-09-24,9.4,0.0,330,364500,36337864500,31,3455874
20260516,20060045,스윙걸즈,2006-03-23,64.3,0.0,42,291000,549396100,27,80316
20260516,20258709,좀비 랜드 사가: 유메긴가 파라다이스,2026-03-04,34.4,0.0,64,175000,114502840,22,9851
20260516,20000141,매그놀리아,2000-04-15,80.8,0.0,26,231000,58133000,21,6202
20260516,20262907,고트: 더 레전드,2026-04-17,45.7,0.0,35,112000,292597080,16,33288
20260516,20256397,원 배틀 애프터 어나더,2025-10-01,9.7,0.0,144,148000,5829233420,14,547624
20260516,20263147,데몬 샤크 헌터스,2026-05-13,7.0,0.0,143,60000,687000,10,83
20260516,20183782,기생충,2019-05-30,13.5,0.0,52,70000,87505963295,7,10317292
20260516,20262463,오피셜히게단디즘 라이브 앳 스타디움 2025,2026-04-02,7.0,0.0,86,150000,344382000,6,13785
20260516,20262101,킬 빌: 더 홀 블러디 어페어,2026-04-01,5.3,0.0,113,134000,381828600,6,19252
20260516,20262661,스크림 7,2026-04-01,2.5,0.0,161,50000,31870350,4,2800
20260516,20254602,씨너스: 죄인들,2025-05-28,6.8,0.0,59,40000,1166492140,4,101049
20260516,20261666,네가 마지막으로 남긴 노래,2026-04-01,7.8,0.0,51,35000,820740940,4,81621
20260516,20262291,뮤지컬 장수탕 선녀님,2026-03-26,8.0,0.0,25,20000,175063580,2,18158
20260516,19930167,마루타 디 오리지널: 사망열차,1993-07-03,4.7,0.0,43,14000,254000,2,35
20260516,20262383,쉘터,2026-04-15,4.7,0.0,43,14000,151208600,2,21790
20260516,20262541,빨간 나라를 보았니,2026-04-15,0.7,0.0,144,8000,39324550,1,3744
20260516,20262892,4일 참고 하루에 다 쏟아붓는 남자,2026-05-16,3.2,0.0,31,6000,6000,1,1
20260516,20262150,꼬여있는 족보 물면 안 놓치는 외숙모,2026-05-16,1.3,0.0,77,6000,6000,1,1
20260516,20262879,마누라 옆 이불 속 불륜,2026-05-16,3.2,0.0,31,6000,6000,1,1
20260516,20262878,몰래 한 서비스 불만족한 유부녀,2026-05-16,1.3,0.0,77,6000,6000,1,1
20260516,20262895,밤 뉴스 끝나고 핥아주는 아나운서,2026-05-16,3.2,0.0,31,6000,6000,1,1
20260516,20262151,보육원 선생님께 매일 사정 관리,2026-05-16,1.3,0.0,77,6000,6000,1,1
20260516,20262167,여성용 음란 마사지 부른 여대생,2026-05-16,1.3,0.0,77,6000,6000,1,1
20260516,20262152,오감 만족 미인 요리사가 만든 물,2026-05-16,1.3,0.0,77,6000,6000,1,1
20260516,20262894,편의점 인스턴트 불륜,2026-05-16,3.2,0.0,31,6000,6000,1,1
20260516,20262880,환자 이불 속 텐트 빨아주는 간호사,2026-05-16,3.2,0.0,31,6000,6000,1,1
20260516,20250586,주희에게,2026-04-15,0.5,0.0,199,2000,25970900,1,2913
20260515,20262947,모탈 컴뱃 2,2026-05-06,5.0,0.3,5902,2618200,167976930,294,15162
20260515,20241941,좀비딸,2025-07-30,75.3,0.0,223,1176000,53151110990,168,5641769
20260515,20250840,바다 탐험대 옥토넛 어보브 앤 비욘드 : 육지생물 구조작전,2026-02-12,100.0,0.0,160,1316000,325107200,160,33957
20260515,20250586,주희에게,2026-04-15,34.5,0.0,299,1006000,25968900,103,2912
20260515,20262741,르세라핌 브이알 콘서트 : 인비테이션,2026-04-15,4.7,0.1,1624,1980000,132027500,77,4058
20260515,20080143,데어 윌 비 블러드,2008-03-06,87.5,0.0,80,770000,105117500,70,14918
20260515,20262907,고트: 더 레전드,2026-04-17,70.7,0.0,75,340000,292485080,53,33272
20260515,20262811,"극장판 총집편 걸즈 밴드 크라이 있잖아, 미래.",2026-04-16,6.9,0.0,757,630800,179525790,52,17181
20260515,20262631,5월18일생,2026-05-14,2.3,0.1,2155,559200,9613250,50,981
20260515,20210684,두다다쿵: 후후섬의 비밀,2023-02-15,63.3,0.0,79,350000,1148278650,50,127691
20260515,20241266,휴민트,2026-02-11,49.5,0.0,99,296000,19999851360,49,1981980
20260515,20088147,줄무늬 파자마를 입은 소년,2026-04-23,5.1,0.0,900,519000,98648950,46,12319
20260515,20262291,뮤지컬 장수탕 선녀님,2026-03-26,23.5,0.0,162,308000,175043580,38,18156
20260515,20263327,사랑의 하츄핑 특별판,2026-05-01,10.8,0.0,286,167000,134104810,31,14248
20260515,20249255,만약에 우리,2025-12-31,82.9,0.0,35,174000,25510024820,29,2602827
20260515,20262657,리 크로닌의 미이라,2026-04-22,10.6,0.0,245,293600,400037930,26,36946
20260515,20256757,극장판 체인소 맨: 레제편,2025-09-24,9.7,0.0,226,271500,36337500000,22,3455843
20260515,20000141,매그놀리아,2000-04-15,76.9,0.0,26,220000,57902000,20,6181
20260515,20245000,핑크퐁과 호기: 새 친구 니니모 1부,2025-03-08,47.5,0.0,40,133000,3236000,19,462
20260515,20254602,씨너스: 죄인들,2025-05-28,20.3,0.0,59,132000,1166452140,12,101045
20260515,20262906,극장판 반짝반짝 달님이: 싱어롱 파티,2026-05-01,1.2,0.0,812,103000,103955550,10,11175
20260515,20250299,고고다이노 극장판: 곤충세계 대모험,2026-01-14,12.9,0.0,70,63000,378160800,9,42377
20260515,20256397,원 배틀 애프터 어나더,2025-10-01,11.9,0.0,59,77000,5829085420,7,547610
20260515,20250365,햄넷,2026-02-25,11.9,0.0,59,74000,645953790,7,67299
20260515,20262101,킬 빌: 더 홀 블러디 어페어,2026-04-01,3.8,0.0,160,130000,381694600,6,19246
20260515,20262661,스크림 7,2026-04-01,1.4,0.0,416,48500,31820350,6,2796
20260515,19980001,미술관 옆 동물원,1998-12-19,11.5,0.0,52,42000,6631000,6,699
20260515,20261666,네가 마지막으로 남긴 노래,2026-04-01,3.0,0.0,132,39200,820705940,4,81617
20260515,20262541,빨간 나라를 보았니,2026-04-15,7.3,0.0,55,31000,39316550,4,3743
20260515,19930167,마루타 디 오리지널: 사망열차,1993-07-03,9.3,0.0,43,28000,240000,4,33
20260515,20262463,오피셜히게단디즘 라이브 앳 스타디움 2025,2026-04-02,3.5,0.0,86,75000,344232000,3,13779
20260515,20253101,극장판 진격의 거인 완결편 더 라스트 어택,2025-03-13,1.9,0.0,105,17000,10766381410,2,1031705
20260515,20258484,"미스터김, 영화관에 가다",2026-02-19,5.6,0.0,36,10000,9839708,2,1237
20260515,20262911,안마방 창녀들 무삭제,2026-05-15,1.2,0.0,83,6000,6000,1,1
20260514,20262775,기동전사 건담: 섬광의 하사웨이 키르케의 마녀,2026-04-22,11.0,0.2,3963,5061150,522224100,437,43123
20260514,20247457,신의악단,2025-12-31,68.0,0.0,616,2450000,13807084730,419,1450678
20260514,20262631,5월18일생,2026-05-14,9.7,0.2,3536,3021050,9054050,344,931
20260514,20263327,사랑의 하츄핑 특별판,2026-05-01,36.9,0.0,597,1330000,133937810,220,14217
20260514,20262947,모탈 컴뱃 2,2026-05-06,3.3,0.3,6039,1845500,165358730,197,14868
20260514,20210684,두다다쿵: 후후섬의 비밀,2023-02-15,72.3,0.0,184,931000,1147928650,133,127641
20260514,20192680,끝장수사,2026-04-02,100.0,0.0,98,588000,835633120,98,91094
20260514,20262741,르세라핌 브이알 콘서트 : 인비테이션,2026-04-15,6.3,0.1,1106,2105000,130047500,70,3981
20260514,20241266,휴민트,2026-02-11,34.7,0.0,190,330000,19999555360,66,1981931
20260514,20088147,줄무늬 파자마를 입은 소년,2026-04-23,4.0,0.1,1370,500350,98129950,55,12273
20260514,20262811,"극장판 총집편 걸즈 밴드 크라이 있잖아, 미래.",2026-04-16,7.6,0.0,602,523100,178894990,46,17129
20260514,20256283,호퍼스,2026-03-04,47.3,0.0,91,258000,7530657010,43,763766
20260514,20226444,극장판 엄마 까투리: 도시로 간 까투리 가족,2022-09-08,33.0,0.0,109,252000,1628277999,36,176673
20260514,20254602,씨너스: 죄인들,2025-05-28,75.0,0.0,40,300000,1166320140,30,101033
20260514,20000141,매그놀리아,2000-04-15,80.8,0.0,26,210000,57682000,21,6161
20260514,20256397,원 배틀 애프터 어나더,2025-10-01,16.0,0.0,125,195000,5829008420,20,547603
20260514,20225637,뿌까의 짜장면파티,2022-07-04,13.3,0.0,143,114000,258684500,19,42933
20260514,20262291,뮤지컬 장수탕 선녀님,2026-03-26,18.9,0.0,90,136000,174735580,17,18118
20260514,20262906,극장판 반짝반짝 달님이: 싱어롱 파티,2026-05-01,1.1,0.1,1429,131000,103852550,15,11165
20260514,20256757,극장판 체인소 맨: 레제편,2025-09-24,4.9,0.0,226,131800,36337228500,11,3455821
20260514,19970209,살인에 관한 짧은 필름,1997-07-05,9.2,0.0,76,66000,11491400,7,1287
20260514,20262101,킬 빌: 더 홀 블러디 어페어,2026-04-01,3.8,0.0,160,135000,381564600,6,19240
20260514,20261666,네가 마지막으로 남긴 노래,2026-04-01,10.2,0.0,49,47000,820666740,5,81613
20260514,19950306,사랑에 관한 짧은 필름,1995-10-14,5.3,0.0,76,39000,15962200,4,1830
20260514,20262657,리 크로닌의 미이라,2026-04-22,3.4,0.0,88,39000,399744330,3,36920
20260514,19980001,미술관 옆 동물원,1998-12-19,6.0,0.0,50,30000,6589000,3,693
20260514,20262463,오피셜히게단디즘 라이브 앳 스타디움 2025,2026-04-02,2.3,0.0,86,50000,344157000,2,13776
20260514,20250586,주희에게,2026-04-15,0.5,0.0,398,4000,24962900,2,2809
20260514,20060284,라디오 스타,2006-09-28,1.1,0.0,94,10000,9863616600,1,1590959
20260514,20262541,빨간 나라를 보았니,2026-04-15,2.8,0.0,36,8000,39285550,1,3739
20260514,19930167,마루타 디 오리지널: 사망열차,1993-07-03,2.3,0.0,43,7000,212000,1,29
20260514,20262383,쉘터,2026-04-15,2.3,0.0,43,7000,151194600,1,21788
20260527,20252402,군체,2026-05-21,21.2,50.3,990091,2017347160,25931674060,209405,2378489
20260527,20259626,마이클,2026-05-13,13.9,12.6,248251,339208030,13795126600,34487,1239668
20260527,20258236,만달로리안과 그로구,2026-05-27,9.3,14.3,282334,290204530,314300530,26242,27634
20260527,20259791,악마는 프라다를 입는다 2,2026-04-29,9.9,2.7,53764,52984700,15894123890,5333,1569730
20260527,20262975,신극장판 은혼: 요시와라 대염상,2026-05-20,14.4,1.0,20399,30452850,621725210,2935,54997
20260527,20261782,프로젝트 헤일메리,2026-03-18,8.5,0.8,16496,14555450,32747312940,1398,2887013
20260527,20263644,미세스 그린 애플 매지컬 10주년 기념 라이브 ~피오르드~ 온 스크린,2026-05-27,57.8,0.1,2214,31975000,31975000,1279,1279
20260527,20254121,살목지,2026-04-08,5.1,1.2,23691,11558200,33250479100,1201,3234029
20260527,20259773,슈퍼 마리오 갤럭시,2026-04-29,10.0,0.5,9309,7135520,15329954280,935,1579037
20260527,20242837,왕과 사는 남자,2026-02-04,11.4,0.4,7654,7452500,162990047610,869,16885849
20260526,20252402,군체,2026-05-21,13.5,60.0,1116780,1585100740,23914326900,150488,2169084
20260526,20259626,마이클,2026-05-13,6.2,17.8,330322,212201670,13455918570,20593,1205181
20260526,20259791,악마는 프라다를 입는다 2,2026-04-29,5.0,6.2,116135,62754630,15841139190,5821,1564397
20260526,20254121,살목지,2026-04-08,4.4,2.7,50163,24665900,33238920900,2196,3232828
20260526,20261782,프로젝트 헤일메리,2026-03-18,6.3,1.8,33559,23103620,32732757490,2107,2885615
20260526,20262975,신극장판 은혼: 요시와라 대염상,2026-05-20,3.9,2.8,51295,21791930,591272360,2006,52062
20260526,20259773,슈퍼 마리오 갤럭시,2026-04-29,5.5,1.2,21818,11154100,15322818760,1198,1578102
20260526,20242837,왕과 사는 남자,2026-02-04,7.5,0.8,15791,10669250,162982595110,1181,16884980
20260526,20040695,이프 온리,2004-10-29,5.9,0.5,8943,5751550,7280059240,526,1066630
20260526,20263253,극장판 내 마음의 위험한 녀석,2026-05-21,3.3,0.8,14924,5341500,221891070,494,18964
20260525,20252402,군체,2026-05-21,40.3,59.6,1281811,5669364710,22329226160,516980,2018596
20260525,20259626,마이클,2026-05-13,30.3,16.8,360705,1189096280,13243716900,109377,1184588
20260525,20259773,슈퍼 마리오 갤럭시,2026-04-29,34.1,5.2,111725,386686540,15311664660,38095,1576904
20260525,20259791,악마는 프라다를 입는다 2,2026-04-29,17.9,4.2,90994,181207340,15778384560,16318,1558576
20260525,20254121,살목지,2026-04-08,14.5,2.6,56124,90076350,33214255000,8147,3230632
20260525,20262975,신극장판 은혼: 요시와라 대염상,2026-05-20,14.0,2.4,52319,81767710,569480430,7308,50056
20260525,20261782,프로젝트 헤일메리,2026-03-18,26.7,1.2,25810,76218220,32709653870,6880,2883508
20260525,20263222,극장판 호빵맨: 세균맨과 그림책의 루룬,2026-05-23,18.4,1.7,36319,61517600,169854200,6682,19146
20260525,20242837,왕과 사는 남자,2026-02-04,18.8,0.7,14933,27949860,162971925860,2802,16883799
20260525,20263253,극장판 내 마음의 위험한 녀석,2026-05-21,15.5,0.8,17598,29552150,216549570,2730,18470
20260524,20252402,군체,2026-05-21,42.5,59.9,1357704,6429675700,16659861450,577520,1501616
20260524,20259626,마이클,2026-05-13,32.5,16.7,377774,1372312100,12054620620,122847,1075211
20260524,20259773,슈퍼 마리오 갤럭시,2026-04-29,24.3,5.0,113691,282533780,14924978120,27591,1538809
20260524,20259791,악마는 프라다를 입는다 2,2026-04-29,17.8,4.2,95537,191649900,15597177220,16996,1542258
20260524,20254121,살목지,2026-04-08,16.5,2.7,60445,113065900,33124178650,9998,3222485
20260524,20262975,신극장판 은혼: 요시와라 대염상,2026-05-20,16.0,2.4,54452,98825670,487712720,8702,42748
20260524,20261782,프로젝트 헤일메리,2026-03-18,27.5,1.1,25352,80397000,32633435650,6975,2876628
20260524,20263222,극장판 호빵맨: 세균맨과 그림책의 루룬,2026-05-23,14.8,1.6,36095,47976700,108336600,5355,12464
20260524,20263253,극장판 내 마음의 위험한 녀석,2026-05-21,23.7,0.8,18659,54555100,186997420,4429,15740
20260524,20242837,왕과 사는 남자,2026-02-04,16.6,0.7,15072,25936600,162943976000,2503,16880997
20260523,20252402,군체,2026-05-21,34.9,60.1,1361699,5335378380,10230185750,475783,924096
20260523,20259626,마이클,2026-05-13,28.3,16.2,366118,1168618310,10682308520,103652,952364
20260523,20259773,슈퍼 마리오 갤럭시,2026-04-29,21.8,4.9,111703,247923560,14642444340,24347,1511218
20260523,20259791,악마는 프라다를 입는다 2,2026-04-29,16.1,4.4,99166,181320550,15405527320,15980,1525262
20260523,20262975,신극장판 은혼: 요시와라 대염상,2026-05-20,20.2,2.6,57846,133851900,388887050,11699,34046
20260523,20254121,살목지,2026-04-08,14.2,2.7,60847,97702190,33011112750,8638,3212487
20260523,20263222,극장판 호빵맨: 세균맨과 그림책의 루룬,2026-05-23,17.5,1.7,38284,57552900,60359900,6708,7109
20260523,20261782,프로젝트 헤일메리,2026-03-18,21.2,1.2,25948,63618250,32553038650,5490,2869653
20260523,20263253,극장판 내 마음의 위험한 녀석,2026-05-21,26.0,0.8,18748,59098130,132442320,4873,11311
20260523,20242837,왕과 사는 남자,2026-02-04,12.5,0.6,14618,18883410,162918039400,1820,16878494
20260522,20252402,군체,2026-05-21,18.7,59.2,1229116,2579467970,4894807370,230039,448313
20260522,20259626,마이클,2026-05-13,11.1,17.7,368133,463522440,9513690210,41008,848712
20260522,20259791,악마는 프라다를 입는다 2,2026-04-29,8.7,6.5,134232,131440680,15224206770,11684,1509282
20260522,20254121,살목지,2026-04-08,6.6,3.5,73548,56039500,32913410560,4841,3203849
20260522,20262975,신극장판 은혼: 요시와라 대염상,2026-05-20,7.3,3.2,65625,56722090,255035150,4779,22347
20260522,20259773,슈퍼 마리오 갤럭시,2026-04-29,11.5,1.5,31394,33194200,14394520780,3594,1486871
20260522,20261782,프로젝트 헤일메리,2026-03-18,9.7,1.3,27370,30616450,32489420400,2654,2864163
20260522,20263253,극장판 내 마음의 위험한 녀석,2026-05-21,13.6,0.9,18665,29917080,73344190,2543,6438
20260522,20242837,왕과 사는 남자,2026-02-04,9.4,0.8,15910,14060700,162899155990,1500,16876674
20260522,20040695,이프 온리,2004-10-29,10.3,0.4,7745,9321450,7230861540,800,1062334
20260521,20252402,군체,2026-05-21,17.2,59.0,1159991,2134346400,2315339400,199762,218274
20260521,20259626,마이클,2026-05-13,8.5,17.5,343220,306013710,9050167770,29285,807704
20260521,20259791,악마는 프라다를 입는다 2,2026-04-29,7.4,6.5,127416,100808750,15092766090,9413,1497598
20260521,20262975,신극장판 은혼: 요시와라 대염상,2026-05-20,6.1,3.4,66764,45314610,198313060,4093,17568
20260521,20263253,극장판 내 마음의 위험한 녀석,2026-05-21,18.9,1.0,20631,43427110,43427110,3895,3895
20260521,20263363,리마인더스 오브 힘,2026-05-27,99.4,0.2,3017,21000000,21000000,3000,3000
20260521,20254121,살목지,2026-04-08,4.8,3.1,60915,32064850,32857371060,2914,3199008
20260521,20259773,슈퍼 마리오 갤럭시,2026-04-29,9.9,1.3,25329,19872600,14361326580,2518,1483277
20260521,20242837,왕과 사는 남자,2026-02-04,13.6,0.9,17161,18803950,162885095290,2334,16875174
20260521,20261782,프로젝트 헤일메리,2026-03-18,7.3,1.2,23228,18854720,32458803950,1701,2861509
20260527,20263645,미세스 그린 애플 매지컬 10주년 다큐멘터리 필름 ~디 오리진~,2026-05-27,29.8,0.1,2214,16500000,16500000,660,660
20260527,20263253,극장판 내 마음의 위험한 녀석,2026-05-21,4.0,0.4,8942,3700700,225591770,359,19323
20260527,20263222,극장판 호빵맨: 세균맨과 그림책의 루룬,2026-05-23,3.8,0.4,7850,2538650,175962450,296,19931
20260527,20040695,이프 온리,2004-10-29,10.7,0.1,2757,2734600,7282793840,295,1066925
20260527,20263597,최후의 만찬,2026-06-04,87.7,0.0,114,900000,6243000,100,625
20260527,20248218,반칙왕 몽키,2026-05-20,18.7,0.0,518,702000,7921400,97,878
20260527,20263432,더 파이터: 리벤지,2026-05-27,5.9,0.1,1259,633000,633000,74,74
20260527,20262291,뮤지컬 장수탕 선녀님,2026-03-26,22.3,0.0,251,405000,176530580,56,18336
20260527,20263363,리마인더스 오브 힘,2026-05-27,2.4,0.1,2263,504800,21504800,55,3055
20260527,20206946,시민덕희,2024-01-24,89.3,0.0,56,450000,16192576097,50,1717596
20260527,20256283,호퍼스,2026-03-04,100.0,0.0,50,400000,7537774010,50,764562
20260527,20225637,뿌까의 짜장면파티,2022-07-04,34.0,0.0,141,288000,259500500,48,43069
20260527,20240532,짱구,2026-04-22,8.9,0.0,437,264600,4004789740,39,410148
20260527,20080143,데어 윌 비 블러드,2008-03-06,95.0,0.0,40,266000,108189500,38,15221
20260527,20262941,한복 입은 남자,2026-05-21,3.3,0.1,1107,331000,4641300,36,519
20260527,20000141,매그놀리아,2000-04-15,92.3,0.0,26,168000,61169000,24,6500
20260527,20262631,5월18일생,2026-05-14,40.8,0.0,49,140000,12578650,20,1309
20260527,19910234,신경쇠약 직전의 여자,1991-06-22,27.5,0.0,40,77000,5359000,11,573
20260527,20246091,이인,2026-05-27,5.4,0.0,186,95000,2289000,10,248
20260527,20262639,노멀,2026-04-17,4.6,0.0,220,50000,129455600,10,20112
20260527,20262811,"극장판 총집편 걸즈 밴드 크라이 있잖아, 미래.",2026-04-16,4.7,0.0,148,84800,183843830,7,17529
20260527,20258484,"미스터김, 영화관에 가다",2026-02-19,3.0,0.0,230,48000,10297708,7,1301
20260527,20262906,극장판 반짝반짝 달님이: 싱어롱 파티,2026-05-01,1.1,0.0,353,36000,111684150,4,11944
20260527,20247490,누룩,2026-04-15,11.1,0.0,36,16000,50771970,4,6501
20260527,20262541,빨간 나라를 보았니,2026-04-15,11.1,0.0,36,16000,50205550,4,4734
20260527,20088147,줄무늬 파자마를 입은 소년,2026-04-23,10.0,0.0,30,27000,101336850,3,12635
20260527,20060045,스윙걸즈,2006-03-23,3.3,0.0,90,21000,550320100,3,80404
20260527,20254602,씨너스: 죄인들,2025-05-28,3.4,0.0,59,11000,1166636140,2,101064
20260527,20256526,브레드이발소: 베이커리타운의 악당들,2025-09-27,1.5,0.0,138,10000,2494637600,2,282482
20260527,20262947,모탈 컴뱃 2,2026-05-06,1.1,0.0,88,10000,179900980,1,16462
20260527,20263512,이상한 과자 가게 전천당,2026-05-29,1.1,0.0,91,10000,22002350,1,1941
20260527,20263733,아내와 별거 중 나타난 단백질 도둑녀,2026-05-27,1.2,0.0,83,6000,6000,1,1
20260527,20263723,여자들 : 절대 잊을 수 없는 섹스,2026-05-27,0.7,0.0,146,6000,6000,1,1
20260527,20263720,의붓아들에게 뒷문까지 바친 새엄마,2026-05-27,1.2,0.0,83,6000,6000,1,1
20260527,20162869,택시운전사,2017-08-02,0.0,0.0,166,0,95873490149,0,12189988
20260526,20263222,극장판 호빵맨: 세균맨과 그림책의 루룬,2026-05-23,6.3,0.4,7713,3569600,173423800,489,19635
20260526,20248252,와일드 씽,2026-06-03,100.0,0.0,437,3933000,28143000,437,3089
20260526,20262541,빨간 나라를 보았니,2026-04-15,51.5,0.0,425,2183000,50189550,219,4730
20260526,20262168,아이엠 포포,2026-05-21,57.1,0.0,378,1912000,8125100,216,780
20260526,20263597,최후의 만찬,2026-06-04,100.0,0.0,190,1710000,5343000,190,525
20260526,20194376,탑건: 매버릭,2022-06-22,9.4,0.1,1952,2118500,88917293884,184,8280685
20260526,20262775,기동전사 건담: 섬광의 하사웨이 키르케의 마녀,2026-04-22,8.9,0.1,1933,2031650,562787700,171,46506
20260526,20263327,사랑의 하츄핑 특별판,2026-05-01,100.0,0.0,146,1022000,138063110,146,14727
20260526,20262741,르세라핌 브이알 콘서트 : 인비테이션,2026-04-15,10.0,0.1,1264,3399000,162208500,126,5217
20260526,20248218,반칙왕 몽키,2026-05-20,4.4,0.1,2254,882650,7219400,100,781
20260526,20240532,짱구,2026-04-22,3.2,0.2,2981,858000,4004525140,95,410109
20260526,20262907,고트: 더 레전드,2026-04-17,58.2,0.0,153,445000,293042080,89,33377
20260526,20192680,끝장수사,2026-04-02,52.6,0.0,152,560000,839213120,80,91408
20260526,20262291,뮤지컬 장수탕 선녀님,2026-03-26,26.0,0.0,277,577000,176125580,72,18280
20260526,20262906,극장판 반짝반짝 달님이: 싱어롱 파티,2026-05-01,83.3,0.0,54,315000,111648150,45,11940
20260526,20000141,매그놀리아,2000-04-15,73.1,0.0,26,190000,61001000,19,6476
20260526,20262941,한복 입은 남자,2026-05-21,1.2,0.1,1265,126000,4310300,15,483
20260526,20060045,스윙걸즈,2006-03-23,20.0,0.0,40,80000,550299100,8,80401
20260526,20262947,모탈 컴뱃 2,2026-05-06,2.6,0.0,234,51000,179890980,6,16461
20260526,20256397,원 배틀 애프터 어나더,2025-10-01,1.4,0.0,144,18000,5830527420,2,547746
20260526,20262631,5월18일생,2026-05-14,4.3,0.0,47,14000,12438650,2,1289
20260526,20262811,"극장판 총집편 걸즈 밴드 크라이 있잖아, 미래.",2026-04-16,0.9,0.0,113,9000,183759030,1,17522
20260526,20250365,햄넷,2026-02-25,1.7,0.0,59,7000,646520790,1,67358
20260526,20247490,누룩,2026-04-15,2.8,0.0,36,6000,50755970,1,6497
20260526,20255186,처제의 은밀한 위로 무삭제,2026-05-26,0.7,0.0,146,6000,6000,1,1
20260526,20250586,주희에게,2026-04-15,2.8,0.0,36,5000,26056900,1,2928
20260526,20088147,줄무늬 파자마를 입은 소년,2026-04-23,1.4,0.0,72,5000,101309850,1,12632
20260526,20263462,남편친구는 특제 물건 소유자,2026-05-26,1.1,0.0,91,1000,1000,1,1
20260526,20263524,유부녀 같지 않은 새엄마,2026-05-26,1.1,0.0,91,1000,1000,1,1
20260526,20263394,전남친과 남편 몰래 추억섹스,2026-05-26,1.1,0.0,91,1000,1000,1,1
20260526,20243561,어쩔수가없다,2025-09-24,0.0,0.0,55,0,28769575430,0,2942822
20260525,20194376,탑건: 매버릭,2022-06-22,44.7,0.2,3448,19029650,88915175384,1541,8280501
20260525,20263512,이상한 과자 가게 전천당,2026-05-29,51.5,0.1,2604,15472200,21992350,1340,1940
20260525,20040695,이프 온리,2004-10-29,18.8,0.3,6755,14618500,7274307690,1272,1066104
20260525,20234722,마이 샤이니 월드,2023-11-03,28.0,0.1,1463,6150000,601539200,410,27657
20260525,20262775,기동전사 건담: 섬광의 하사웨이 키르케의 마녀,2026-04-22,15.2,0.1,1836,3371400,560756050,279,46335
20260525,20240532,짱구,2026-04-22,4.8,0.2,3494,1797350,4003667140,167,410014
20260525,20262741,르세라핌 브이알 콘서트 : 인비테이션,2026-04-15,12.1,0.1,1264,4055500,158809500,153,5091
20260525,20248218,반칙왕 몽키,2026-05-20,5.4,0.1,1665,854050,6336750,89,681
20260525,20262906,극장판 반짝반짝 달님이: 싱어롱 파티,2026-05-01,4.3,0.1,1309,507000,111333150,56,11895
20260525,20262941,한복 입은 남자,2026-05-21,2.9,0.1,1631,351500,4184300,48,468
20260525,20262947,모탈 컴뱃 2,2026-05-06,7.3,0.0,607,401500,179839980,44,16455
20260525,20247457,신의악단,2025-12-31,80.8,0.0,52,366000,13816606730,42,1451823
20260525,20080143,데어 윌 비 블러드,2008-03-06,95.0,0.0,40,401000,107923500,38,15183
20260525,20000141,매그놀리아,2000-04-15,75.0,0.0,40,316000,60811000,30,6457
20260525,19980001,미술관 옆 동물원,1998-12-19,52.0,0.0,50,260000,7264000,26,765
20260525,20263327,사랑의 하츄핑 특별판,2026-05-01,12.9,0.0,202,197000,137041110,26,14581
20260525,20250586,주희에게,2026-04-15,8.5,0.0,141,68000,26051900,12,2927
20260525,20211791,하이파이브,2025-05-30,2.8,0.0,424,60000,17546232020,12,1893717
20260525,20183782,기생충,2019-05-30,14.0,0.0,50,70000,87506223295,7,10317318
20260525,20262168,아이엠 포포,2026-05-21,1.1,0.0,568,60500,6213100,6,564
20260525,20241941,좀비딸,2025-07-30,2.8,0.0,212,30000,53151165990,6,5641780
20260525,20088147,줄무늬 파자마를 입은 소년,2026-04-23,6.9,0.0,72,37000,101304850,5,12631
20260525,20262811,"극장판 총집편 걸즈 밴드 크라이 있잖아, 미래.",2026-04-16,3.5,0.0,113,56000,183750030,4,17521
20260525,20247490,누룩,2026-04-15,11.1,0.0,36,25000,50749970,4,6496
20260525,20262291,뮤지컬 장수탕 선녀님,2026-03-26,0.7,0.0,137,5000,175548580,1,18208
20260525,20263466,결국 형에게 열려버린 제수씨,2026-05-25,1.1,0.0,91,1000,1000,1,1
20260525,20263464,나는 사장 딸 남편은 직원,2026-05-25,1.1,0.0,91,1000,1000,1,1
20260525,20263383,남편 앞에서 폭풍섹스,2026-05-25,1.1,0.0,91,1000,1000,1,1
20260525,20263465,남편몰래 남친과 맺는 내아내,2026-05-25,1.1,0.0,91,1000,1000,1,1
20260525,20263404,남편상사의 노리개가 된 아내,2026-05-25,0.7,0.0,140,1000,1000,1,1
20260525,20263467,노팬티의 여상사에게 끌려간 이유,2026-05-25,0.5,0.0,194,1000,1000,1,1
20260525,20263523,새엄마와 약탈 상간,2026-05-25,0.5,0.0,194,1000,1000,1,1
20260525,20263384,아들의 담임선생님 발정난 유부녀,2026-05-25,0.7,0.0,140,1000,1000,1,1
20260525,20263522,장모님에게 작살난 몸정,2026-05-25,0.5,0.0,194,1000,1000,1,1
20260525,20263393,헤프닝바에 빠진 아내,2026-05-25,0.7,0.0,140,1000,1000,1,1
20260524,20194376,탑건: 매버릭,2022-06-22,38.1,0.2,3460,16532000,88896145734,1318,8278960
20260524,20040695,이프 온리,2004-10-29,17.7,0.3,7445,15156700,7259689190,1315,1064832
20260524,20263512,이상한 과자 가게 전천당,2026-05-29,30.8,0.0,960,3396900,6520150,296,600
20260524,20226692,아라시 20주년 투어 콘서트 5✕20,2022-08-31,98.7,0.0,298,5292000,106247000,294,7214
20260524,20262775,기동전사 건담: 섬광의 하사웨이 키르케의 마녀,2026-04-22,14.3,0.1,1814,3013850,557384650,259,46056
20260524,20234722,마이 샤이니 월드,2023-11-03,20.2,0.0,1006,3045000,595389200,203,27247
20260524,20240532,짱구,2026-04-22,4.1,0.2,4400,1930400,4001869790,179,409847
20260524,20247457,신의악단,2025-12-31,87.8,0.0,196,1350000,13816240730,172,1451781
20260524,20138661,케이온,2013-06-13,87.7,0.0,187,2067450,440130081,164,44820
20260524,20254275,킹 오브 킹스,2025-07-16,100.0,0.0,156,1560000,12432853626,156,1318678
20260524,20248218,반칙왕 몽키,2026-05-20,6.3,0.1,2277,1381000,5482700,144,592
20260524,20262741,르세라핌 브이알 콘서트 : 인비테이션,2026-04-15,9.8,0.1,1264,3135000,154754000,124,4938
20260524,20247490,누룩,2026-04-15,26.1,0.0,222,570000,50724970,58,6492
20260524,20262941,한복 입은 남자,2026-05-21,2.8,0.1,1758,487000,3832800,50,420
20260524,20262811,"극장판 총집편 걸즈 밴드 크라이 있잖아, 미래.",2026-04-16,15.2,0.0,323,601000,183694030,49,17517
20260524,20262947,모탈 컴뱃 2,2026-05-06,9.0,0.0,544,404000,179438480,49,16411
20260524,20050314,베를린 천사의 시,1993-05-15,50.0,0.0,90,360000,14327000,45,1893
20260524,20088147,줄무늬 파자마를 입은 소년,2026-04-23,13.9,0.0,324,326000,101267850,45,12626
20260524,20256397,원 배틀 애프터 어나더,2025-10-01,39.4,0.0,99,429000,5830509420,39,547744
20260524,20080143,데어 윌 비 블러드,2008-03-06,75.0,0.0,40,330000,107522500,30,15145
20260524,20000141,매그놀리아,2000-04-15,100.0,0.0,26,286000,60495000,26,6427
20260524,20262906,극장판 반짝반짝 달님이: 싱어롱 파티,2026-05-01,2.4,0.0,1052,236000,110826150,25,11839
20260524,20060045,스윙걸즈,2006-03-23,50.0,0.0,40,216000,550219100,20,80393
20260524,20262168,아이엠 포포,2026-05-21,1.4,0.1,1317,189600,6152600,19,558
20260524,20263327,사랑의 하츄핑 특별판,2026-05-01,14.4,0.0,132,147000,136844110,19,14555
20260524,20262631,5월18일생,2026-05-14,16.5,0.0,109,122000,12424650,18,1287
20260524,19910234,신경쇠약 직전의 여자,1991-06-22,33.3,0.0,42,154000,5282000,14,562
20260524,20250365,햄넷,2026-02-25,15.3,0.0,59,95000,646513790,9,67357
20260524,19980001,미술관 옆 동물원,1998-12-19,11.5,0.0,52,42000,7004000,6,739
20260524,20209654,헤어질 결심,2022-06-29,16.7,0.0,30,60000,19802310678,5,1910520
20260524,20262657,리 크로닌의 미이라,2026-04-22,4.6,0.0,110,54000,401133630,5,37039
20260524,20183782,기생충,2019-05-30,7.7,0.0,52,40000,87506153295,4,10317311
20260524,20192680,끝장수사,2026-04-02,0.6,0.0,541,22000,838653120,3,91328
20260524,20262291,뮤지컬 장수탕 선녀님,2026-03-26,0.7,0.0,137,5000,175543580,1,18207
20260523,20194376,탑건: 매버릭,2022-06-22,34.7,0.2,3678,15935000,88879613734,1277,8277642
20260523,20040695,이프 온리,2004-10-29,17.7,0.3,6700,13670950,7244532490,1183,1063517
20260523,20247457,신의악단,2025-12-31,90.4,0.0,544,3898000,13814890730,492,1451609
20260523,20234722,마이 샤이니 월드,2023-11-03,23.9,0.1,1509,5415000,592344200,361,27044
20260523,20262775,기동전사 건담: 섬광의 하사웨이 키르케의 마녀,2026-04-22,12.2,0.1,1899,2693200,554370800,231,45797
20260523,20263262,맘보 점보,2026-06-03,100.0,0.0,218,1962000,1962000,218,218
20260523,20240532,짱구,2026-04-22,4.9,0.2,4125,2333720,3999939390,203,409668
20260523,20138661,케이온,2013-06-13,61.2,0.0,278,2116650,438062631,170,44656
20260523,20263512,이상한 과자 가게 전천당,2026-05-29,19.1,0.0,796,1755250,3123250,152,304
20260523,20130566,무뢰한,2015-05-27,100.0,0.0,141,1833000,3285533531,141,417041
20260523,20263597,최후의 만찬,2026-06-04,100.0,0.0,131,1703000,3633000,131,335
20260523,20262741,르세라핌 브이알 콘서트 : 인비테이션,2026-04-15,9.9,0.1,1264,3128000,151619000,125,4814
20260523,20248218,반칙왕 몽키,2026-05-20,6.1,0.1,1803,1058700,4101700,110,448
20260523,20262811,"극장판 총집편 걸즈 밴드 크라이 있잖아, 미래.",2026-04-16,33.8,0.0,323,1447140,183093030,109,17468
20260523,20080691,고래사냥,1984-03-31,34.4,0.0,230,540000,5235500,79,593
20260523,20262787,원 오크 록 디톡스 투어 인 시네마,2026-04-22,100.0,0.0,72,1800000,105525000,72,4221
20260523,20262947,모탈 컴뱃 2,2026-05-06,14.2,0.0,416,499500,179034480,59,16362
20260523,20262906,극장판 반짝반짝 달님이: 싱어롱 파티,2026-05-01,2.8,0.1,1739,521000,110590150,49,11814
20260523,20256397,원 배틀 애프터 어나더,2025-10-01,40.4,0.0,99,437000,5830080420,40,547705
20260523,20247490,누룩,2026-04-15,47.4,0.0,76,396000,50154970,36,6434
20260523,20262941,한복 입은 남자,2026-05-21,1.9,0.1,1689,284500,3345800,32,370
20260523,20080143,데어 윌 비 블러드,2008-03-06,70.0,0.0,40,308000,107192500,28,15115
20260523,20000141,매그놀리아,2000-04-15,88.5,0.0,26,253000,60209000,23,6401
20260523,19910234,신경쇠약 직전의 여자,1991-06-22,31.0,0.0,42,139000,5128000,13,548
20260523,20262168,아이엠 포포,2026-05-21,1.5,0.0,818,101000,5963000,12,539
20260523,20263327,사랑의 하츄핑 특별판,2026-05-01,7.6,0.0,132,76000,136697110,10,14536
20260523,20262631,5월18일생,2026-05-14,10.6,0.0,47,35000,12302650,5,1269
20260523,20262383,쉘터,2026-04-15,10.2,0.0,49,30000,151944600,5,21880
20260523,20262657,리 크로닌의 미이라,2026-04-22,5.8,0.0,52,36000,401079630,3,37034
20260523,20254602,씨너스: 죄인들,2025-05-28,3.4,0.0,59,22000,1166625140,2,101062
20260523,20192680,끝장수사,2026-04-02,0.2,0.0,541,8000,838631120,1,91325
20260523,20262291,뮤지컬 장수탕 선녀님,2026-03-26,0.7,0.0,137,5000,175538580,1,18206
20260522,20256283,호퍼스,2026-03-04,80.1,0.0,532,4260000,7537374010,426,764512
20260522,20262168,아이엠 포포,2026-05-21,19.9,0.1,1548,3663000,5862000,308,527
20260522,20240532,짱구,2026-04-22,4.9,0.2,4792,2195050,3997605670,234,409465
20260522,20246091,이인,2026-05-27,100.0,0.0,186,1674000,2194000,186,238
20260522,20262775,기동전사 건담: 섬광의 하사웨이 키르케의 마녀,2026-04-22,9.3,0.1,1962,2177050,551677600,182,45566
20260522,20194376,탑건: 매버릭,2022-06-22,6.4,0.1,2796,2396500,88863678734,180,8276365
20260522,20119138,아파치요새,1971-05-01,15.7,0.0,759,381000,16980500,119,7612
20260522,20262741,르세라핌 브이알 콘서트 : 인비테이션,2026-04-15,5.9,0.1,1264,2013000,148491000,74,4689
20260522,20262941,한복 입은 남자,2026-05-21,3.5,0.1,1888,603000,3061300,66,338
20260522,20000141,매그놀리아,2000-04-15,83.3,0.0,66,605000,59956000,55,6378
20260522,20248218,반칙왕 몽키,2026-05-20,2.8,0.1,1914,442300,3043000,53,338
20260522,20258484,"미스터김, 영화관에 가다",2026-02-19,21.7,0.0,230,368000,10249708,50,1294
20260522,20246361,뽀로로 극장판 바닷속 대모험,2025-01-01,42.7,0.0,96,287000,3689555210,41,431110
20260522,20258945,너만 보이는 날,2026-06-24,100.0,0.0,40,440000,440000,40,40
20260522,20262947,모탈 컴뱃 2,2026-05-06,4.2,0.0,720,241000,178534980,30,16303
20260522,20088147,줄무늬 파자마를 입은 소년,2026-04-23,8.4,0.0,356,227000,100941850,30,12581
20260522,20262906,극장판 반짝반짝 달님이: 싱어롱 파티,2026-05-01,5.6,0.0,468,199000,110069150,26,11765
20260522,20262291,뮤지컬 장수탕 선녀님,2026-03-26,26.0,0.0,96,250000,175533580,25,18205
20260522,20263673,쉽게 젖고 분수 뿜는 청순녀,2026-05-22,13.4,0.0,149,100000,100000,20,20
20260522,20263674,찐하게 휘둘려진 대물 방망이,2026-05-22,24.1,0.0,83,100000,100000,20,20
20260522,19950306,사랑에 관한 짧은 필름,1995-10-14,22.4,0.0,76,174000,16286200,17,1872
20260522,20060045,스윙걸즈,2006-03-23,25.0,0.0,40,110000,550003100,10,80373
20260522,19970209,살인에 관한 짧은 필름,1997-07-05,11.8,0.0,76,72000,11671400,9,1314
20260522,20262811,"극장판 총집편 걸즈 밴드 크라이 있잖아, 미래.",2026-04-16,4.4,0.0,113,55000,181645890,5,17359
20260522,20247490,누룩,2026-04-15,4.8,0.0,105,30000,49758970,5,6398
20260522,20262383,쉘터,2026-04-15,8.8,0.0,57,30000,151914600,5,21875
20260522,20254602,씨너스: 죄인들,2025-05-28,6.8,0.0,59,38000,1166603140,4,101060
20260522,20256397,원 배틀 애프터 어나더,2025-10-01,5.1,0.0,59,27000,5829643420,3,547665
20260522,20262657,리 크로닌의 미이라,2026-04-22,0.8,0.0,126,13000,401043630,1,37031
20260522,20263392,돌싱맘의 싸가지 마사지,2026-05-22,1.1,0.0,91,1000,1000,1,1
20260522,20263395,보육여교사가 사랑한 학부형,2026-05-22,0.5,0.0,194,1000,1000,1,1
20260522,20263405,복숭아 엉덩이 아내를 바치다,2026-05-22,1.1,0.0,91,1000,1000,1,1
20260522,20263367,엄마친구의 발정기사정,2026-05-22,0.7,0.0,140,1000,1000,1,1
20260522,20263366,여상사와 새엄마의 비밀,2026-05-22,1.1,0.0,91,1000,1000,1,1
20260522,20263340,의사가 준 처방에 녹은 아내,2026-05-22,0.7,0.0,140,1000,1000,1,1
20260522,20263463,전남친에게 벌려버린 아내,2026-05-22,0.7,0.0,140,1000,1000,1,1
20260522,20263408,전남친의 씨를 잉태한 침대,2026-05-22,0.5,0.0,194,1000,1000,1,1
20260522,20263406,전남편의 지옥 사채빚,2026-05-22,0.5,0.0,194,1000,1000,1,1
20260522,20263339,제대로 중독된 모델녀와 섹스,2026-05-22,1.1,0.0,91,1000,1000,1,1
20260521,20040695,이프 온리,2004-10-29,8.5,0.4,8182,7652250,7221540090,692,1061534
20260521,20194376,탑건: 매버릭,2022-06-22,7.1,0.2,3097,2401100,88861282234,219,8276185
20260521,20262168,아이엠 포포,2026-05-21,23.0,0.0,953,2199000,2199000,219,219
20260521,20240532,짱구,2026-04-22,3.1,0.3,6342,1927500,3995410620,199,409231
20260521,20262775,기동전사 건담: 섬광의 하사웨이 키르케의 마녀,2026-04-22,9.6,0.1,1893,2099750,549500550,182,45384
20260521,20252432,주토피아 2,2025-11-26,74.4,0.0,176,1048000,82881043200,131,8611440
20260521,20119138,아파치요새,1971-05-01,14.4,0.0,759,534000,16599500,109,7493
20260521,20263597,최후의 만찬,2026-06-04,60.8,0.0,166,908000,1930000,101,204
20260521,20252373,넘버원,2026-02-11,93.1,0.0,102,665000,2688761020,95,280660
20260521,20225637,뿌까의 짜장면파티,2022-07-04,65.7,0.0,134,528000,259212500,88,43021
20260521,20262741,르세라핌 브이알 콘서트 : 인비테이션,2026-04-15,6.3,0.1,1264,2112000,146478000,80,4615
20260521,20248218,반칙왕 몽키,2026-05-20,3.7,0.1,2045,683700,2600700,75,285
20260521,20262383,쉘터,2026-04-15,5.8,0.1,1259,627000,151884600,73,21870
20260521,20262941,한복 입은 남자,2026-05-21,4.1,0.1,1661,622300,2458300,68,272
20260521,20241575,메소드연기,2026-03-18,100.0,0.0,39,273000,581381130,39,62860
20260521,20256283,호퍼스,2026-03-04,97.4,0.0,39,228000,7533114010,38,764086
20260521,20247457,신의악단,2025-12-31,76.7,0.0,43,231000,13810992730,33,1451117
20260521,20080143,데어 윌 비 블러드,2008-03-06,72.5,0.0,40,290000,106884500,29,15087
20260521,20088147,줄무늬 파자마를 입은 소년,2026-04-23,11.8,0.0,212,149000,100714850,25,12551
20260521,20000141,매그놀리아,2000-04-15,84.6,0.0,26,220000,59351000,22,6323
20260521,20263671,너무 헤픈 자취녀,2026-05-21,13.4,0.0,149,100000,100000,20,20
20260521,20263672,오르가슴에 눈 돌아간 유부녀,2026-05-21,24.1,0.0,83,100000,100000,20,20
20260521,20050314,베를린 천사의 시,1993-05-15,34.6,0.0,52,144000,13967000,18,1848
20260521,20262947,모탈 컴뱃 2,2026-05-06,4.7,0.0,301,127800,178293980,14,16273
20260521,20262631,5월18일생,2026-05-14,8.3,0.0,169,95000,12267650,14,1264
20260521,20262811,"극장판 총집편 걸즈 밴드 크라이 있잖아, 미래.",2026-04-16,7.4,0.0,148,133700,181590890,11,17354
20260521,20262906,극장판 반짝반짝 달님이: 싱어롱 파티,2026-05-01,3.4,0.0,149,44000,109870150,5,11739
20260521,20250365,햄넷,2026-02-25,6.8,0.0,59,40000,646418790,4,67348
20260521,20262657,리 크로닌의 미이라,2026-04-22,2.1,0.0,143,35000,401030630,3,37030
20260521,20259641,송 썽 블루,2026-01-14,5.8,0.0,52,23000,113975500,3,14840
20260521,20263327,사랑의 하츄핑 특별판,2026-05-01,5.0,0.0,40,16000,136621110,2,14526
20260603,20252402,군체,2026-05-21,40.7,35.9,815459,3341068720,43129427420,331469,4043755
20260603,20248252,와일드 씽,2026-06-03,21.2,33.4,759196,1547446960,1747844870,160756,182077
20260603,20259626,마이클,2026-05-13,41.2,4.0,90155,384637210,16226300020,37148,1467939
20260603,20263512,이상한 과자 가게 전천당,2026-05-29,40.2,3.3,75451,274439010,881565450,30346,95811
20260603,20258236,만달로리안과 그로구,2026-05-27,33.1,2.4,53943,230458320,1900454370,17876,156483
20260603,20263761,플레이브 아시아 투어 [대쉬: 퀀텀 리프] 앙코르 인 시네마,2026-06-03,74.0,0.7,15542,264470000,266126000,11499,11571
20260603,20259773,슈퍼 마리오 갤럭시,2026-04-29,50.9,1.0,22384,111860290,15717653990,11396,1618765
20260603,20262975,신극장판 은혼: 요시와라 대염상,2026-05-20,46.3,0.3,7501,35994570,789225800,3475,70388
20260603,20263262,맘보 점보,2026-06-03,9.8,1.0,22085,21301550,23263550,2172,2390
20260603,20263222,극장판 호빵맨: 세균맨과 그림책의 루룬,2026-05-23,19.5,0.5,10404,17114950,271803550,2024,32546
20260602,20252402,군체,2026-05-21,12.7,53.0,1062547,1317421020,39788358700,135387,3712286
20260602,20259626,마이클,2026-05-13,10.1,10.4,209107,205796710,15841662810,21071,1430791
20260602,20258236,만달로리안과 그로구,2026-05-27,8.1,8.4,169370,151445420,1669996050,13751,138607
20260602,20263512,이상한 과자 가게 전천당,2026-05-29,6.3,2.4,47514,24879540,607126440,3005,65465
20260602,20259791,악마는 프라다를 입는다 2,2026-04-29,8.6,1.6,32654,27144850,16112488320,2797,1590300
20260602,20261782,프로젝트 헤일메리,2026-03-18,11.1,0.8,16288,17916550,32852451690,1804,2896778
20260602,20242837,왕과 사는 남자,2026-02-04,16.8,0.4,7089,9564150,163034430880,1191,16891138
20260602,20248252,와일드 씽,2026-06-03,79.2,0.1,1503,10710000,200397910,1190,21321
20260602,20262975,신극장판 은혼: 요시와라 대염상,2026-05-20,6.6,0.7,13709,9472730,753231230,904,66913
20260602,20254121,살목지,2026-04-08,4.5,0.7,13213,6054350,33305441750,592,3239093
20260601,20252402,군체,2026-05-21,10.3,52.8,994190,1001853570,38470937680,101982,3576899
20260601,20259626,마이클,2026-05-13,7.3,10.7,201563,144152970,15635866100,14792,1409720
20260601,20258236,만달로리안과 그로구,2026-05-27,5.1,8.5,160286,95106040,1518550630,8136,124856
20260601,20259791,악마는 프라다를 입는다 2,2026-04-29,6.8,1.6,30847,20968700,16085343470,2098,1587503
20260601,20263512,이상한 과자 가게 전천당,2026-05-29,4.2,2.6,48164,17079100,582246900,2039,62460
20260601,20262975,신극장판 은혼: 요시와라 대염상,2026-05-20,6.7,0.8,14138,10055100,743758500,950,66009
20260601,20261782,프로젝트 헤일메리,2026-03-18,6.1,0.8,15004,9407150,32834535140,921,2894974
20260601,20242837,왕과 사는 남자,2026-02-04,14.5,0.3,6170,6944200,163024866730,893,16889947
20260601,20263521,카드캡터 체리 극장판,2026-05-28,3.6,0.8,14733,5391400,123530690,530,11580
20260601,20254121,살목지,2026-04-08,3.7,0.7,12968,5139700,33299387400,473,3238501
20260531,20252402,군체,2026-05-21,31.8,52.8,1148527,3743279750,37469084110,365458,3474917
20260531,20259626,마이클,2026-05-13,25.9,9.8,213509,595519380,15491713130,55194,1394928
20260531,20258236,만달로리안과 그로구,2026-05-27,16.4,7.9,172400,346068670,1423444590,28241,116720
20260531,20263512,이상한 과자 가게 전천당,2026-05-29,31.6,4.0,87280,255206580,565167800,27551,60421
20260531,20259773,슈퍼 마리오 갤럭시,2026-04-29,24.7,2.4,52675,127807430,15597084100,12984,1606327
20260531,20263222,극장판 호빵맨: 세균맨과 그림책의 루룬,2026-05-23,20.3,1.1,24034,35612550,253256350,4876,30336
20260531,20248252,와일드 씽,2026-06-03,43.2,0.4,8615,34592150,188337910,3724,19981
20260531,20259791,악마는 프라다를 입는다 2,2026-04-29,18.2,0.9,19220,37310900,16064374770,3502,1585405
20260531,20262975,신극장판 은혼: 요시와라 대염상,2026-05-20,24.3,0.6,13857,36631100,733703400,3368,65059
20260531,20261782,프로젝트 헤일메리,2026-03-18,21.2,0.4,9410,21707500,32825127990,1997,2894053
20260530,20252402,군체,2026-05-21,34.6,53.8,1223248,4520456510,33725804360,423314,3109459
20260530,20259626,마이클,2026-05-13,25.7,10.0,226322,645717010,14896193750,58073,1339734
20260530,20258236,만달로리안과 그로구,2026-05-27,18.1,8.2,186359,429094260,1077375920,33808,88479
20260530,20263512,이상한 과자 가게 전천당,2026-05-29,26.5,4.0,91537,229950070,309961220,24240,32870
20260530,20259773,슈퍼 마리오 갤럭시,2026-04-29,20.6,2.6,59042,121608290,15469276670,12164,1593343
20260530,20248252,와일드 씽,2026-06-03,52.6,0.4,9430,45752760,153745760,4963,16257
20260530,20259791,악마는 프라다를 입는다 2,2026-04-29,20.0,0.9,21130,46850140,16027063870,4223,1581903
20260530,20263222,극장판 호빵맨: 세균맨과 그림책의 루룬,2026-05-23,18.1,1.0,22117,32217200,217643800,4012,25460
20260530,20262975,신극장판 은혼: 요시와라 대염상,2026-05-20,25.5,0.6,13974,39978870,697072300,3563,61691
20260530,20263521,카드캡터 체리 극장판,2026-05-28,16.5,0.9,20562,36001620,98903980,3390,9209
20260529,20252402,군체,2026-05-21,17.3,50.6,1052697,1976592280,29205347850,182224,2686145
20260529,20259626,마이클,2026-05-13,9.7,11.7,242693,261377230,14250476740,23414,1281661
20260529,20258236,만달로리안과 그로구,2026-05-27,6.6,10.9,227581,191356780,648281660,15000,54671
20260529,20263512,이상한 과자 가게 전천당,2026-05-29,8.7,3.7,76846,57947950,80011150,6683,8630
20260529,20248252,와일드 씽,2026-06-03,91.1,0.3,6823,61953000,107993000,6217,11294
20260529,20259791,악마는 프라다를 입는다 2,2026-04-29,9.1,2.3,47022,47553490,15980213730,4255,1577680
20260529,20262975,신극장판 은혼: 요시와라 대염상,2026-05-20,10.1,0.8,16056,18956200,657093430,1628,58128
20260529,20261782,프로젝트 헤일메리,2026-03-18,8.8,0.8,15942,16170350,32779290340,1395,2889926
20260529,20263521,카드캡터 체리 극장판,2026-05-28,6.4,1.0,21207,15019250,62902360,1363,5819
20260529,20263222,극장판 호빵맨: 세균맨과 그림책의 루룬,2026-05-23,19.5,0.3,6865,8047850,185426600,1338,21448
20260528,20252402,군체,2026-05-21,12.8,50.5,978570,1297081510,27228755570,125432,2503921
20260528,20259626,마이클,2026-05-13,7.8,12.4,239483,193972910,13989099510,18579,1258247
20260528,20258236,만달로리안과 그로구,2026-05-27,5.1,12.2,236290,142624350,456924880,12037,39671
20260528,20263521,카드캡터 체리 극장판,2026-05-28,17.4,1.3,25681,47883110,47883110,4456,4456
20260528,20259791,악마는 프라다를 입는다 2,2026-04-29,7.6,2.5,48444,38536350,15932660240,3695,1573425
20260528,20248252,와일드 씽,2026-06-03,100.0,0.1,1988,17897000,46040000,1988,5077
20260528,20261782,프로젝트 헤일메리,2026-03-18,8.4,0.9,17993,15807050,32763119990,1518,2888531
20260528,20262975,신극장판 은혼: 요시와라 대염상,2026-05-20,8.1,1.0,18552,16412020,638137230,1503,56500
20260528,20263253,극장판 내 마음의 위험한 녀석,2026-05-21,11.1,0.5,10538,12150300,237742070,1173,20496
20260528,20259773,슈퍼 마리오 갤럭시,2026-04-29,13.2,0.4,8281,9073800,15339028080,1092,1580129
20260603,20263521,카드캡터 체리 극장판,2026-05-28,13.6,0.4,9646,13851770,142159780,1313,13364
20260603,20261782,프로젝트 헤일메리,2026-03-18,51.2,0.1,2329,12558050,32865009740,1192,2897970
20260603,20259791,악마는 프라다를 입는다 2,2026-04-29,37.9,0.1,2670,10836450,16123324770,1011,1591311
20260603,20263644,미세스 그린 애플 매지컬 10주년 기념 라이브 ~피오르드~ 온 스크린,2026-05-27,47.9,0.1,1857,22250000,197975000,890,7919
20260603,20263253,극장판 내 마음의 위험한 녀석,2026-05-21,14.9,0.2,3653,5832170,284781410,544,24951
20260603,20242837,왕과 사는 남자,2026-02-04,16.8,0.1,2729,4045700,163038476580,458,16891596
20260603,20263645,미세스 그린 애플 매지컬 10주년 다큐멘터리 필름 ~디 오리진~,2026-05-27,22.6,0.1,1623,9150000,77307000,366,3054
20260603,20254121,살목지,2026-04-08,8.8,0.1,2390,2178350,33307620100,211,3239304
20260603,20040695,이프 온리,2004-10-29,24.7,0.0,502,1398700,7297067690,124,1068291
20260603,20262787,원 오크 록 디톡스 투어 인 시네마,2026-04-22,100.0,0.0,114,2850000,108375000,114,4335
20260603,20262463,오피셜히게단디즘 라이브 앳 스타디움 2025,2026-04-02,80.4,0.0,92,1850000,347932000,74,13957
20260603,20100509,피아골,1955-09-23,19.1,0.0,340,155000,3534000,65,1633
20260603,19990147,부기나이트,1999-03-20,85.0,0.0,40,368000,5384000,34,818
20260603,20020106,복수는 나의 것,2002-03-28,100.0,0.0,26,276000,25333500,26,3066
20260603,20248218,반칙왕 몽키,2026-05-20,6.3,0.0,350,151000,11379400,22,1292
20260603,20247490,누룩,2026-04-15,16.7,0.0,114,121000,50953970,19,6529
20260603,20060045,스윙걸즈,2006-03-23,45.0,0.0,40,190000,551662100,18,80545
20260603,20263327,사랑의 하츄핑 특별판,2026-05-01,37.5,0.0,40,123000,141394610,15,15208
20260603,20263597,최후의 만찬,2026-06-04,5.6,0.0,198,104000,12037000,11,1094
20260603,20262906,극장판 반짝반짝 달님이: 싱어롱 파티,2026-05-01,2.5,0.0,158,40000,112691650,4,12048
20260603,20263363,리마인더스 오브 힘,2026-05-27,2.3,0.0,88,16000,23261300,2,3242
20260603,20262541,빨간 나라를 보았니,2026-04-15,3.3,0.0,60,14000,50467550,2,4777
20260603,20262947,모탈 컴뱃 2,2026-05-06,2.2,0.0,93,12000,180169980,2,16488
20260603,20262811,"극장판 총집편 걸즈 밴드 크라이 있잖아, 미래.",2026-04-16,0.9,0.0,113,11000,187533730,1,17829
20260603,20263983,은밀한 출장 서비스 대신 박아드립니다,2026-06-02,1.1,0.0,91,1000,2000,1,2
20260602,20259773,슈퍼 마리오 갤럭시,2026-04-29,9.8,0.3,5848,4637000,15605793700,575,1607369
20260602,20263521,카드캡터 체리 극장판,2026-05-28,3.6,0.7,13254,4777320,128308010,471,12051
20260602,20263644,미세스 그린 애플 매지컬 10주년 기념 라이브 ~피오르드~ 온 스크린,2026-05-27,20.0,0.1,1835,9175000,175725000,367,7029
20260602,20263253,극장판 내 마음의 위험한 녀석,2026-05-21,3.7,0.4,7032,2764200,278949240,259,24407
20260602,20040695,이프 온리,2004-10-29,6.5,0.1,2438,1636300,7295668990,159,1068167
20260602,20263222,극장판 호빵맨: 세균맨과 그림책의 루룬,2026-05-23,4.6,0.1,2881,996200,254688600,132,30522
20260602,20263941,마스터즈 오브 유니버스,2026-06-05,100.0,0.0,126,1134000,1134000,126,126
20260602,20248218,반칙왕 몽키,2026-05-20,7.7,0.1,1237,705000,11228400,95,1270
20260602,20263645,미세스 그린 애플 매지컬 10주년 다큐멘터리 필름 ~디 오리진~,2026-05-27,5.1,0.1,1762,2250000,68157000,90,2688
20260602,20262941,한복 입은 남자,2026-05-21,97.8,0.0,92,690000,5632300,90,640
20260602,20100509,피아골,1955-09-23,22.7,0.0,340,279000,3379000,77,1568
20260602,20050148,친절한 금자씨,2005-07-29,100.0,0.0,40,393000,20499885493,40,3121359
20260602,20256283,호퍼스,2026-03-04,50.0,0.0,66,175000,7539403010,33,764809
20260602,20020106,복수는 나의 것,2002-03-28,100.0,0.0,26,254000,25057500,26,3040
20260602,20263363,리마인더스 오브 힘,2026-05-27,1.6,0.1,1409,220300,23245300,23,3240
20260602,20246091,이인,2026-05-27,8.1,0.0,186,148000,2933000,15,315
20260602,19910234,신경쇠약 직전의 여자,1991-06-22,26.2,0.0,42,77000,5567000,11,597
20260602,20262639,노멀,2026-04-17,12.1,0.0,83,50000,129568600,10,20130
20260602,19980001,미술관 옆 동물원,1998-12-19,14.0,0.0,50,70000,7614000,7,800
20260602,20262811,"극장판 총집편 걸즈 밴드 크라이 있잖아, 미래.",2026-04-16,4.4,0.0,113,48500,187522730,5,17828
20260602,20262541,빨간 나라를 보았니,2026-04-15,6.7,0.0,60,24000,50453550,4,4775
20260602,20240532,짱구,2026-04-22,5.0,0.0,60,36000,4011135740,3,410995
20260602,20262947,모탈 컴뱃 2,2026-05-06,3.4,0.0,88,35000,180157980,3,16486
20260602,20247490,누룩,2026-04-15,2.6,0.0,114,21000,50832970,3,6510
20260602,20262291,뮤지컬 장수탕 선녀님,2026-03-26,1.5,0.0,135,20000,176630580,2,18348
20260602,20263983,은밀한 출장 서비스 대신 박아드립니다,2026-06-02,1.1,0.0,91,1000,1000,1,1
20260601,20259773,슈퍼 마리오 갤럭시,2026-04-29,8.4,0.3,5576,4072600,15601156700,467,1606794
20260601,20263644,미세스 그린 애플 매지컬 10주년 기념 라이브 ~피오르드~ 온 스크린,2026-05-27,17.1,0.1,2110,9000000,166550000,360,6662
20260601,20263253,극장판 내 마음의 위험한 녀석,2026-05-21,4.2,0.4,6548,2777400,276185040,273,24148
20260601,20248252,와일드 씽,2026-06-03,81.5,0.0,184,1350000,189687910,150,20131
20260601,20040695,이프 온리,2004-10-29,5.6,0.1,2079,1214500,7294032690,117,1068008
20260601,20263510,스페이스 타임,2026-05-29,99.1,0.0,113,784000,1411000,112,185
20260601,20263645,미세스 그린 애플 매지컬 10주년 다큐멘터리 필름 ~디 오리진~,2026-05-27,4.7,0.1,1928,2275000,65907000,91,2598
20260601,20263761,플레이브 아시아 투어 [대쉬: 퀀텀 리프] 앙코르 인 시네마,2026-06-03,100.0,0.0,72,1656000,1656000,72,72
20260601,20100509,피아골,1955-09-23,19.4,0.0,340,212000,3100000,66,1491
20260601,20050148,친절한 금자씨,2005-07-29,95.5,0.0,66,605000,20499492493,63,3121319
20260601,20263222,극장판 호빵맨: 세균맨과 그림책의 루룬,2026-05-23,3.0,0.1,1791,436050,253692400,54,30390
20260601,20263327,사랑의 하츄핑 특별판,2026-05-01,74.1,0.0,58,215000,141271610,43,15193
20260601,20020106,복수는 나의 것,2002-03-28,100.0,0.0,40,385000,24803500,40,3014
20260601,20263363,리마인더스 오브 힘,2026-05-27,1.8,0.1,1714,248600,23025000,30,3217
20260601,20248218,반칙왕 몽키,2026-05-20,2.0,0.0,1007,171000,10523400,20,1175
20260601,20262811,"극장판 총집편 걸즈 밴드 크라이 있잖아, 미래.",2026-04-16,8.9,0.0,113,122000,187474230,10,17823
20260601,20264001,검객 생과사,2026-05-28,5.6,0.0,179,60000,705000,10,86
20260601,20246091,이인,2026-05-27,4.3,0.0,186,80000,2785000,8,300
20260601,20262541,빨간 나라를 보았니,2026-04-15,7.3,0.0,96,44000,50429550,7,4771
20260601,20262291,뮤지컬 장수탕 선녀님,2026-03-26,1.6,0.0,380,60000,176610580,6,18346
20260601,20060045,스윙걸즈,2006-03-23,11.5,0.0,52,60000,551472100,6,80527
20260601,20262906,극장판 반짝반짝 달님이: 싱어롱 파티,2026-05-01,1.2,0.0,161,17000,112651650,2,12044
20260601,20247490,누룩,2026-04-15,5.6,0.0,36,12000,50811970,2,6507
20260601,20262947,모탈 컴뱃 2,2026-05-06,1.1,0.0,88,10000,180122980,1,16483
20260601,20262941,한복 입은 남자,2026-05-21,0.7,0.0,155,10000,4942300,1,550
20260601,20240532,짱구,2026-04-22,0.9,0.0,111,7000,4011099740,1,410992
20260601,20262849,금지된 욕망! 선생님의 은밀한 채점,2026-06-01,0.7,0.0,146,6000,6000,1,1
20260601,20252282,남편 대신 다른 남자의 물건을 좋아하는 아내,2026-06-01,3.2,0.0,31,6000,6000,1,1
20260601,20249806,남편 몰래 이웃 남자와 음란 마사지를 즐기는 아내,2026-06-01,1.3,0.0,77,6000,6000,1,1
20260601,20262850,"달콤한 고통, 쾌락의 에스테틱",2026-06-01,0.7,0.0,146,6000,6000,1,1
20260601,20256132,뒤로 벌려준 아내 무삭제,2026-06-01,0.7,0.0,146,6000,6000,1,1
20260601,20249809,마사지 VIP 코스에 빠져 성감 개조된 유부녀,2026-06-01,1.3,0.0,77,6000,6000,1,1
20260601,20249858,매칭앱에서 만난 아들 친구 물건에 빠진 미망인,2026-06-01,3.2,0.0,31,6000,6000,1,1
20260601,20249859,무시하던 스태프에 참교육 당하는 신입모델,2026-06-01,3.2,0.0,31,6000,6000,1,1
20260601,20249812,변태 아저씨에게 함락되어 조교당한 스튜어디스,2026-06-01,1.3,0.0,77,6000,6000,1,1
20260601,20249807,부하직원 엉덩이에 꽂힌 부장님의 사내 불륜,2026-06-01,1.3,0.0,77,6000,6000,1,1
20260601,20249799,불륜에 빠진 아내에게 매일 사정하는 남편,2026-06-01,1.3,0.0,77,6000,6000,1,1
20260601,20263724,오늘 한번 줘라,2026-06-01,0.7,0.0,146,6000,6000,1,1
20260601,20252271,직장상사와 누드 촬영 중 몰래 즐기는 아내,2026-06-01,3.2,0.0,31,6000,6000,1,1
20260601,20249856,편의점 연하 알바생과 몰래 즐기는 H컵 누나,2026-06-01,3.2,0.0,31,6000,6000,1,1
20260601,20263989,관음증 - 첫경험,2026-06-01,1.1,0.0,91,1000,1000,1,1
20260601,20256203,누나의 맛 2,2026-06-01,1.1,0.0,91,1000,1000,1,1
20260601,20255959,한 번만 줘!,2026-06-01,1.1,0.0,91,1000,1000,1,1
20260601,20081066,길소뜸,1986-04-05,0.0,0.0,212,0,11500000,0,5006
20260601,20081029,들국화는 피었는데,1974-12-07,0.0,0.0,212,0,284000,0,44
20260531,20263521,카드캡터 체리 극장판,2026-05-28,9.7,0.9,18932,19235310,118139290,1841,11050
20260531,20263644,미세스 그린 애플 매지컬 10주년 기념 라이브 ~피오르드~ 온 스크린,2026-05-27,55.3,0.1,2109,29150000,157550000,1166,6302
20260531,20263253,극장판 내 마음의 위험한 녀석,2026-05-21,14.7,0.3,7218,10910400,273407640,1058,23875
20260531,20254121,살목지,2026-04-08,9.3,0.5,11241,11199150,33294247700,1045,3238028
20260531,20242837,왕과 사는 남자,2026-02-04,16.9,0.2,4332,6860950,163017922530,734,16889054
20260531,20240532,짱구,2026-04-22,40.8,0.1,1258,3633000,4011092740,513,410991
20260531,20263327,사랑의 하츄핑 특별판,2026-05-01,73.6,0.0,568,2947500,141056610,418,15150
20260531,20247457,신의악단,2025-12-31,73.5,0.0,528,3314000,13822248730,388,1452499
20260531,20263645,미세스 그린 애플 매지컬 10주년 다큐멘터리 필름 ~디 오리진~,2026-05-27,13.4,0.1,2153,7225000,63632000,289,2507
20260531,20040695,이프 온리,2004-10-29,13.8,0.1,1826,2657800,7292818190,251,1067891
20260531,20263597,최후의 만찬,2026-06-04,52.8,0.0,284,2100000,11933000,150,1083
20260531,20138661,케이온,2013-06-13,43.3,0.0,187,973600,441729881,81,44952
20260531,20060045,스윙걸즈,2006-03-23,40.2,0.0,184,748000,551412100,74,80521
20260531,20262811,"극장판 총집편 걸즈 밴드 크라이 있잖아, 미래.",2026-04-16,18.7,0.0,380,820600,187352230,71,17813
20260531,20208245,핸섬가이즈,2024-06-26,84.8,0.0,59,550000,16599216601,50,1777258
20260531,20262906,극장판 반짝반짝 달님이: 싱어롱 파티,2026-05-01,3.6,0.1,1300,436500,112634650,47,12042
20260531,20088147,줄무늬 파자마를 입은 소년,2026-04-23,12.3,0.0,357,583900,101966750,44,12684
20260531,20256283,호퍼스,2026-03-04,100.0,0.0,42,294000,7539228010,42,764776
20260531,20080143,데어 윌 비 블러드,2008-03-06,100.0,0.0,40,440000,109249500,40,15320
20260531,20248218,반칙왕 몽키,2026-05-20,4.6,0.0,840,363000,10352400,39,1155
20260531,20000141,매그놀리아,2000-04-15,72.5,0.0,40,319000,62566000,29,6627
20260531,20263363,리마인더스 오브 힘,2026-05-27,1.6,0.1,1710,275500,22776400,28,3187
20260531,20250365,햄넷,2026-02-25,25.4,0.0,59,118000,646758790,15,67385
20260531,19910234,신경쇠약 직전의 여자,1991-06-22,20.0,0.0,40,84000,5490000,8,586
20260531,20262541,빨간 나라를 보았니,2026-04-15,5.0,0.0,60,18000,50385550,3,4764
20260531,20256397,원 배틀 애프터 어나더,2025-10-01,3.4,0.0,59,16000,5831073420,2,547798
20260531,20262947,모탈 컴뱃 2,2026-05-06,1.1,0.0,88,11000,180112980,1,16482
20260531,20262291,뮤지컬 장수탕 선녀님,2026-03-26,0.7,0.0,137,5000,176550580,1,18340
20260531,20158482,동주,2016-02-17,0.0,0.0,166,0,8932265603,0,1178251
20260530,20263644,미세스 그린 애플 매지컬 10주년 기념 라이브 ~피오르드~ 온 스크린,2026-05-27,82.2,0.1,2611,53675000,128400000,2147,5136
20260530,20261782,프로젝트 헤일메리,2026-03-18,20.5,0.5,10387,24130150,32803420490,2130,2892056
20260530,20263253,극장판 내 마음의 위험한 녀석,2026-05-21,21.0,0.4,8026,17454270,262497240,1685,22817
20260530,20254121,살목지,2026-04-08,9.4,0.6,12741,12873400,33283048550,1191,3236983
20260530,20263645,미세스 그린 애플 매지컬 10주년 다큐멘터리 필름 ~디 오리진~,2026-05-27,40.2,0.1,2577,26882000,56407000,1037,2218
20260530,20242837,왕과 사는 남자,2026-02-04,11.5,0.2,4109,4574620,163011061580,474,16888320
20260530,20040695,이프 온리,2004-10-29,16.1,0.1,2034,3243400,7290160390,327,1067640
20260530,20263597,최후의 만찬,2026-06-04,67.5,0.0,456,3590000,9833000,308,933
20260530,20262811,"극장판 총집편 걸즈 밴드 크라이 있잖아, 미래.",2026-04-16,36.8,0.0,538,2502300,186531630,198,17742
20260530,20247457,신의악단,2025-12-31,100.0,0.0,104,1040000,13818934730,104,1452111
20260530,20256283,호퍼스,2026-03-04,72.5,0.0,138,800000,7538934010,100,764734
20260530,20138661,케이온,2013-06-13,18.4,0.0,278,626200,440756281,51,44871
20260530,20246091,이인,2026-05-27,21.5,0.0,186,392000,2705000,40,292
20260530,20262906,극장판 반짝반짝 달님이: 싱어롱 파티,2026-05-01,1.9,0.1,1965,366000,112198150,37,11995
20260530,20000141,매그놀리아,2000-04-15,90.0,0.0,40,396000,62247000,36,6598
20260530,20263363,리마인더스 오브 힘,2026-05-27,2.0,0.1,1709,311100,22500900,34,3159
20260530,20080143,데어 윌 비 블러드,2008-03-06,75.0,0.0,40,330000,108809500,30,15280
20260530,19970100,첨밀밀,1997-03-01,100.0,0.0,28,420000,251912450,28,24632
20260530,19980001,미술관 옆 동물원,1998-12-19,53.9,0.0,52,280000,7544000,28,793
20260530,20248218,반칙왕 몽키,2026-05-20,5.2,0.0,539,229000,9989400,28,1116
20260530,20240532,짱구,2026-04-22,2.2,0.0,1202,225000,4007459740,26,410478
20260530,20209654,헤어질 결심,2022-06-29,33.3,0.0,30,120000,19802430678,10,1910530
20260530,20256397,원 배틀 애프터 어나더,2025-10-01,15.3,0.0,59,90000,5831057420,9,547796
20260530,20262947,모탈 컴뱃 2,2026-05-06,9.1,0.0,88,84000,180101980,8,16481
20260530,20263327,사랑의 하츄핑 특별판,2026-05-01,4.6,0.0,108,46000,138109110,5,14732
20260530,20254602,씨너스: 죄인들,2025-05-28,8.5,0.0,59,46000,1166761140,5,101077
20260530,20060045,스윙걸즈,2006-03-23,3.3,0.0,90,24000,550664100,3,80447
20260530,20262541,빨간 나라를 보았니,2026-04-15,3.3,0.0,60,12000,50367550,2,4761
20260530,20262291,뮤지컬 장수탕 선녀님,2026-03-26,0.7,0.0,137,5000,176545580,1,18339
20260530,20126674,설국열차,2013-08-01,0.0,0.0,166,0,67045274880,0,9354928
20260529,20242837,왕과 사는 남자,2026-02-04,16.9,0.3,6781,9607850,163006486960,1143,16887846
20260529,20259773,슈퍼 마리오 갤럭시,2026-04-29,12.0,0.4,8745,8640300,15347668380,1050,1581179
20260529,20254121,살목지,2026-04-08,5.2,0.9,18493,11033750,33270175150,952,3235792
20260529,20263644,미세스 그린 애플 매지컬 10주년 기념 라이브 ~피오르드~ 온 스크린,2026-05-27,39.1,0.1,2265,22125000,74725000,885,2989
20260529,20262771,현상수배,2026-06-10,105.6,0.0,754,7164000,7164000,796,796
20260529,20263253,극장판 내 마음의 위험한 녀석,2026-05-21,7.5,0.4,8527,7300900,245042970,636,21132
20260529,20263645,미세스 그린 애플 매지컬 10주년 다큐멘터리 필름 ~디 오리진~,2026-05-27,12.0,0.1,2235,6700000,29525000,268,1181
20260529,20040695,이프 온리,2004-10-29,7.2,0.1,2913,2286000,7286916990,209,1067313
20260529,20247457,신의악단,2025-12-31,75.4,0.0,244,1288000,13817894730,184,1452007
20260529,20248218,반칙왕 몽키,2026-05-20,19.2,0.0,818,1301000,9760400,157,1088
20260529,20210684,두다다쿵: 후후섬의 비밀,2023-02-15,86.5,0.0,141,854000,1149132650,122,127813
20260529,20158482,동주,2016-02-17,76.4,0.0,148,904000,8932265603,113,1178251
20260529,20263510,스페이스 타임,2026-05-29,5.4,0.1,1346,627000,627000,73,73
20260529,20000141,매그놀리아,2000-04-15,93.9,0.0,66,682000,61851000,62,6562
20260529,20225637,뿌까의 짜장면파티,2022-07-04,41.8,0.0,141,354000,260142500,59,43176
20260529,20060045,스윙걸즈,2006-03-23,100.0,0.0,40,320000,550640100,40,80444
20260529,20256397,원 배틀 애프터 어나더,2025-10-01,87.5,0.0,40,385000,5830967420,35,547787
20260529,20263363,리마인더스 오브 힘,2026-05-27,1.8,0.1,1539,272500,22189800,28,3125
20260529,20250365,햄넷,2026-02-25,17.0,0.0,59,100000,646640790,10,67370
20260529,20262811,"극장판 총집편 걸즈 밴드 크라이 있잖아, 미래.",2026-04-16,3.2,0.0,280,113000,184029330,9,17544
20260529,20254602,씨너스: 죄인들,2025-05-28,13.6,0.0,59,79000,1166715140,8,101072
20260529,20262639,노멀,2026-04-17,9.8,0.0,82,63000,129518600,8,20120
20260529,19910234,신경쇠약 직전의 여자,1991-06-22,12.5,0.0,40,47000,5406000,5,578
20260529,20262947,모탈 컴뱃 2,2026-05-06,4.6,0.0,88,56000,180017980,4,16473
20260529,20262906,극장판 반짝반짝 달님이: 싱어롱 파티,2026-05-01,1.1,0.0,381,34000,111832150,4,11958
20260529,20088147,줄무늬 파자마를 입은 소년,2026-04-23,3.3,0.0,90,33000,101382850,3,12640
20260529,20247490,누룩,2026-04-15,3.3,0.0,91,22000,50799970,3,6505
20260529,20262541,빨간 나라를 보았니,2026-04-15,3.3,0.0,60,12000,50355550,2,4759
20260529,20262168,아이엠 포포,2026-05-21,1.1,0.0,92,11000,8136100,1,781
20260529,20240532,짱구,2026-04-22,0.9,0.0,111,11000,4007234740,1,410452
20260529,20264016,스폰 오디션,2026-05-29,1.7,0.0,59,6000,6000,1,1
20260529,20264041,은밀한 유출,2026-05-29,1.7,0.0,59,6000,6000,1,1
20260529,20262291,뮤지컬 장수탕 선녀님,2026-03-26,0.7,0.0,137,5000,176540580,1,18338
20260529,20000044,공동경비구역 JSA,2000-09-08,0.0,0.0,166,0,44324700,0,4819
20260528,20242837,왕과 사는 남자,2026-02-04,12.4,0.4,6898,6831500,162996879110,854,16886703
20260528,20263644,미세스 그린 애플 매지컬 10주년 기념 라이브 ~피오르드~ 온 스크린,2026-05-27,36.4,0.1,2266,20625000,52600000,825,2104
20260528,20254121,살목지,2026-04-08,4.0,1.1,20503,8662300,33259141400,811,3234840
20260528,20240532,짱구,2026-04-22,36.1,0.0,840,2434000,4007223740,303,410451
20260528,20263645,미세스 그린 애플 매지컬 10주년 다큐멘터리 필름 ~디 오리진~,2026-05-27,11.2,0.1,2267,6325000,22825000,253,913
20260528,20040695,이프 온리,2004-10-29,5.5,0.2,3273,1837150,7284630990,179,1067104
20260528,20263222,극장판 호빵맨: 세균맨과 그림책의 루룬,2026-05-23,3.3,0.3,5430,1416300,177378750,179,20110
20260528,20263845,정뱅이,2026-06-24,64.9,0.0,154,900000,2420000,100,252
20260528,20254275,킹 오브 킹스,2025-07-16,91.7,0.0,109,700000,12433553626,100,1318778
20260528,20158482,동주,2016-02-17,31.3,0.0,268,672000,8931361603,84,1178138
20260528,20264001,검객 생과사,2026-05-28,5.8,0.1,1307,645000,645000,76,76
20260528,20263824,킬러웨일: 침묵의 습격자,2026-05-28,5.0,0.1,1491,639000,639000,75,75
20260528,20256283,호퍼스,2026-03-04,60.0,0.0,120,360000,7538134010,72,764634
20260528,20248218,반칙왕 몽키,2026-05-20,2.7,0.1,1933,538000,8459400,53,931
20260528,20225637,뿌까의 짜장면파티,2022-07-04,34.0,0.0,141,288000,259788500,48,43117
20260528,20263363,리마인더스 오브 힘,2026-05-27,1.8,0.1,2362,412500,21917300,42,3097
20260528,20262463,오피셜히게단디즘 라이브 앳 스타디움 2025,2026-04-02,44.6,0.0,92,1025000,346082000,41,13883
20260528,20262941,한복 입은 남자,2026-05-21,7.5,0.0,398,291000,4932300,30,549
20260528,20080143,데어 윌 비 블러드,2008-03-06,72.5,0.0,40,290000,108479500,29,15250
20260528,20262541,빨간 나라를 보았니,2026-04-15,6.6,0.0,349,138000,50343550,23,4757
20260528,20249121,"안전제일, 놀이퀴즈 최강전",2024-04-11,37.3,0.0,59,132000,36848000,22,6133
20260528,20262906,극장판 반짝반짝 달님이: 싱어롱 파티,2026-05-01,1.8,0.0,557,114000,111798150,10,11954
20260528,20262947,모탈 컴뱃 2,2026-05-06,8.0,0.0,88,61000,179961980,7,16469
20260528,20262811,"극장판 총집편 걸즈 밴드 크라이 있잖아, 미래.",2026-04-16,5.3,0.0,113,72500,183916330,6,17535
20260528,20263512,이상한 과자 가게 전천당,2026-05-29,5.9,0.0,102,60850,22063200,6,1947
20260528,20256397,원 배틀 애프터 어나더,2025-10-01,10.2,0.0,59,55000,5830582420,6,547752
20260528,20246091,이인,2026-05-27,2.2,0.0,186,24000,2313000,4,252
20260528,20250365,햄넷,2026-02-25,3.4,0.0,59,20000,646540790,2,67360
20260528,20088147,줄무늬 파자마를 입은 소년,2026-04-23,2.8,0.0,72,13000,101349850,2,12637
20260528,20247490,누룩,2026-04-15,2.8,0.0,36,6000,50777970,1,6502
20260528,20250786,동생아내 : 남편보다 아주버님이 더 잘해요,2026-05-28,0.7,0.0,146,6000,6000,1,1
20260528,20262291,뮤지컬 장수탕 선녀님,2026-03-26,0.7,0.0,137,5000,176535580,1,18337
20260528,20263706,야한 누나의 젖은 성감대,2026-05-28,1.1,0.0,91,1000,1000,1,1
20260528,20060045,스윙걸즈,2006-03-23,0.0,0.0,90,0,550320100,0,80404
20260610,20250655,디스클로저 데이,2026-06-10,12.6,23.2,443785,583972980,596587980,56081,56928
20260610,20252402,군체,2026-05-21,7.9,31.4,599987,436806660,51545930970,47224,4871176
20260610,20248252,와일드 씽,2026-06-03,9.7,17.4,332267,282672990,6146143890,32253,637946
20260610,20259626,마이클,2026-05-13,8.0,2.8,54491,41377090,17146516450,4336,1557437
20260610,20263761,플레이브 아시아 투어 [대쉬: 퀀텀 리프] 앙코르 인 시네마,2026-06-03,22.7,0.9,17330,90436000,649000000,3932,28218
20260610,20258236,만달로리안과 그로구,2026-05-27,10.5,0.9,17074,17566790,2402604850,1797,197964
20260610,20262975,신극장판 은혼: 요시와라 대염상,2026-05-20,26.7,0.3,5617,14980170,853621740,1497,76586
20260610,20263911,극장판 전생했더니 슬라임이었던 건에 대하여 창해의 눈물편,2026-06-10,11.8,0.5,10165,11499200,11499200,1201,1201
20260610,20258945,너만 보이는 날,2026-06-24,100.0,0.0,1000,9000000,9440000,1000,1040
20260610,20263512,이상한 과자 가게 전천당,2026-05-29,5.6,0.8,15393,6485300,1268390630,866,139603
20260609,20252402,군체,2026-05-21,5.7,42.1,777534,446688550,51109124310,44397,4823952
20260609,20248252,와일드 씽,2026-06-03,6.3,25.9,478747,282266420,5863470900,30279,605693
20260609,20259626,마이클,2026-05-13,7.2,5.1,93846,67274370,17105139360,6737,1553101
20260609,20258236,만달로리안과 그로구,2026-05-27,6.5,2.0,36427,23745470,2385038060,2372,196167
20260609,20263941,마스터즈 오브 유니버스,2026-06-05,5.0,1.5,27106,11334050,113068440,1341,12968
20260609,20263262,맘보 점보,2026-06-03,25.1,0.2,4645,8259500,54050850,1166,6125
20260609,20263512,이상한 과자 가게 전천당,2026-05-29,4.4,1.4,25092,8904650,1261905330,1107,138737
20260609,20250655,디스클로저 데이,2026-06-10,100.0,0.0,847,12615000,12615000,847,847
20260609,20242837,왕과 사는 남자,2026-02-04,27.3,0.2,3061,6194200,163056255580,835,16893803
20260609,20263761,플레이브 아시아 투어 [대쉬: 퀀텀 리프] 앙코르 인 시네마,2026-06-03,5.1,0.7,12899,15134000,558564000,658,24286
20260608,20252402,군체,2026-05-21,6.6,42.5,790200,524652440,50662435760,52031,4779555
20260608,20248252,와일드 씽,2026-06-03,6.5,26.1,484789,297263190,5581204480,31702,575414
20260608,20259626,마이클,2026-05-13,6.7,5.0,92984,61120300,17037864990,6224,1546364
20260608,20258236,만달로리안과 그로구,2026-05-27,5.8,1.8,33793,20340550,2361292590,1956,193795
20260608,20263941,마스터즈 오브 유니버스,2026-06-05,5.0,1.4,25856,11183050,101734390,1304,11627
20260608,20263512,이상한 과자 가게 전천당,2026-05-29,3.2,1.4,25376,6910150,1253000680,813,137630
20260608,20263761,플레이브 아시아 투어 [대쉬: 퀀텀 리프] 앙코르 인 시네마,2026-06-03,5.7,0.7,13253,17296000,543430000,752,23628
20260608,20242837,왕과 사는 남자,2026-02-04,17.5,0.1,2388,2834500,163050061380,418,16892968
20260608,20262975,신극장판 은혼: 요시와라 대염상,2026-05-20,5.1,0.3,6155,3231960,834682950,313,74710
20260608,20259791,악마는 프라다를 입는다 2,2026-04-29,9.8,0.2,2723,2902400,16149021370,267,1593609
20260607,20252402,군체,2026-05-21,22.9,40.0,890107,2094412990,50137783320,204209,4727524
20260607,20248252,와일드 씽,2026-06-03,19.4,25.9,575896,1106637280,5283941290,111725,543712
20260607,20259626,마이클,2026-05-13,24.2,4.4,97163,247022640,16976744690,23504,1540140
20260607,20263512,이상한 과자 가게 전천당,2026-05-29,22.3,3.7,82475,164903040,1246090530,18402,136817
20260607,20258236,만달로리안과 그로구,2026-05-27,19.9,2.7,59503,155230350,2340952040,11841,191839
20260607,20259773,슈퍼 마리오 갤럭시,2026-04-29,26.9,0.9,20678,55020060,15832139350,5566,1630536
20260607,20263941,마스터즈 오브 유니버스,2026-06-05,9.3,1.2,26049,21591870,90551340,2412,10323
20260607,20263761,플레이브 아시아 투어 [대쉬: 퀀텀 리프] 앙코르 인 시네마,2026-06-03,16.4,0.6,14183,53452000,526134000,2324,22876
20260607,20262975,신극장판 은혼: 요시와라 대염상,2026-05-20,17.5,0.3,6317,11765740,831450990,1104,74397
20260607,20263262,맘보 점보,2026-06-03,7.7,0.5,11985,8631000,44943450,919,4848
20260606,20252402,군체,2026-05-21,30.2,39.7,932491,2892689760,48043370330,281917,4523315
20260606,20248252,와일드 씽,2026-06-03,24.0,26.4,620699,1476114300,4177304010,149033,431987
20260606,20259626,마이클,2026-05-13,29.6,4.2,97807,304925010,16729722050,28968,1516636
20260606,20263512,이상한 과자 가게 전천당,2026-05-29,22.7,3.6,83819,170455630,1081187490,19011,118415
20260606,20258236,만달로리안과 그로구,2026-05-27,24.8,2.6,59881,200435290,2185721690,14861,179998
20260606,20259773,슈퍼 마리오 갤럭시,2026-04-29,25.4,0.9,21829,54862900,15777119290,5551,1624970
20260606,20263761,플레이브 아시아 투어 [대쉬: 퀀텀 리프] 앙코르 인 시네마,2026-06-03,23.9,0.6,14202,78193000,472682000,3400,20552
20260606,20263941,마스터즈 오브 유니버스,2026-06-05,11.4,1.2,27826,28721370,68959470,3170,7911
20260606,20263253,극장판 내 마음의 위험한 녀석,2026-05-21,48.1,0.2,4142,20811420,313002630,1993,27649
20260606,20263521,카드캡터 체리 극장판,2026-05-28,16.8,0.4,9155,16473120,164058270,1542,15409
20260605,20252402,군체,2026-05-21,14.2,38.9,827610,1224944030,45150680570,117728,4241398
20260605,20248252,와일드 씽,2026-06-03,9.2,30.7,654672,582031730,2701189710,60413,282954
20260605,20259626,마이클,2026-05-13,12.2,4.2,90270,114114700,16424797040,11048,1487668
20260605,20263941,마스터즈 오브 유니버스,2026-06-05,13.5,1.6,34238,39104100,40238100,4615,4741
20260605,20258236,만달로리안과 그로구,2026-05-27,11.4,1.8,39408,46304490,1985286400,4480,165137
20260605,20263761,플레이브 아시아 투어 [대쉬: 퀀텀 리프] 앙코르 인 시네마,2026-06-03,16.4,0.7,14280,53751000,394489000,2337,17152
20260605,20263512,이상한 과자 가게 전천당,2026-05-29,5.7,1.4,29635,14347750,910731860,1696,99404
20260605,20262771,현상수배,2026-06-10,100.0,0.1,1342,12982000,20146000,1342,2138
20260605,20262975,신극장판 은혼: 요시와라 대염상,2026-05-20,9.4,0.4,7486,7599900,804635150,700,71844
20260605,20249015,납치 48시간,2026-06-17,109.1,0.0,461,5030000,5030000,503,503
20260604,20252402,군체,2026-05-21,10.6,38.0,754865,796309120,43925736540,79915,4123670
20260604,20248252,와일드 씽,2026-06-03,6.2,33.0,656002,371313110,2119157980,40464,222541
20260604,20259626,마이클,2026-05-13,9.7,4.5,89176,84382320,16310682340,8681,1476620
20260604,20258236,만달로리안과 그로구,2026-05-27,10.8,1.9,38568,38527540,1938981910,4174,160657
20260604,20263761,플레이브 아시아 투어 [대쉬: 퀀텀 리프] 앙코르 인 시네마,2026-06-03,22.2,0.7,14637,74612000,340738000,3244,14815
20260604,20263512,이상한 과자 가게 전천당,2026-05-29,6.4,1.5,29818,14818660,896384110,1897,97708
20260604,20262975,신극장판 은혼: 요시와라 대염상,2026-05-20,10.2,0.4,7382,7809450,797035250,756,71144
20260604,20263597,최후의 만찬,2026-06-04,6.7,0.4,8403,5412400,17449400,561,1655
20260604,20263253,극장판 내 마음의 위험한 녀석,2026-05-21,9.8,0.2,4663,4646800,289428210,459,25410
20260604,20261782,프로젝트 헤일메리,2026-03-18,11.7,0.2,3434,4220600,32869230340,401,2898371
20260610,20242837,왕과 사는 남자,2026-02-04,24.9,0.2,2801,5154200,163061409780,698,16894501
20260610,20263941,마스터즈 오브 유니버스,2026-06-05,3.8,0.8,15403,4835800,117904240,582,13550
20260610,20263521,카드캡터 체리 극장판,2026-05-28,10.5,0.2,3862,4151600,181321040,405,17054
20260610,20262771,현상수배,2026-06-10,3.3,0.6,11292,2960950,25605950,368,2860
20260610,20263597,최후의 만찬,2026-06-04,9.3,0.1,2099,1601000,44153300,196,4463
20260610,20252432,주토피아 2,2025-11-26,66.2,0.0,287,950000,82882539200,190,8611708
20260610,20259791,악마는 프라다를 입는다 2,2026-04-29,14.7,0.0,977,1608300,16153762570,144,1594041
20260610,20263262,맘보 점보,2026-06-03,7.8,0.1,1820,948600,54999450,141,6266
20260610,20261782,프로젝트 헤일메리,2026-03-18,10.5,0.1,1316,1498200,32903806760,138,2901469
20260610,20259773,슈퍼 마리오 갤럭시,2026-04-29,8.8,0.0,747,598150,15834746050,66,1630803
20260610,20254121,살목지,2026-04-08,6.1,0.0,1029,531000,33314404300,63,3239976
20260610,20196272,미드웨이,2019-12-31,67.4,0.0,86,348000,8247695929,58,960664
20260610,20263253,극장판 내 마음의 위험한 녀석,2026-05-21,3.6,0.1,1176,464000,324067330,42,28705
20260610,20050148,친절한 금자씨,2005-07-29,56.1,0.0,66,356000,20501403493,37,3121520
20260610,20241941,좀비딸,2025-07-30,61.4,0.0,57,210000,53151938990,35,5641909
20260610,19990147,부기나이트,1999-03-20,29.6,0.0,108,317000,9944000,32,1260
20260610,20020106,복수는 나의 것,2002-03-28,47.0,0.0,66,274000,27327500,31,3277
20260610,20228965,극장판 전생했더니 슬라임이었던 건에 대하여: 홍련의 인연편,2023-02-02,23.6,0.0,127,337100,202434817,30,19741
20260610,20124315,엔드 오브 에반게리온,2024-01-17,17.7,0.0,170,300000,506199836,30,48876
20260610,20262291,뮤지컬 장수탕 선녀님,2026-03-26,7.4,0.0,350,216000,177408580,26,18441
20260610,20227798,에반게리온 신극장판: 파,2022-10-14,12.9,0.0,170,255100,197002724,22,18833
20260610,20227788,에반게리온 신극장판: 서,2022-10-14,12.9,0.0,170,229000,183468991,22,17846
20260610,20060045,스윙걸즈,2006-03-23,50.0,0.0,40,172000,552722100,20,80653
20260610,20263327,사랑의 하츄핑 특별판,2026-05-01,30.3,0.0,66,120000,141633610,20,15243
20260610,20227810,에반게리온 신극장판: Q,2022-10-14,8.8,0.0,170,149000,176092917,15,16963
20260610,20259058,신세기 에반게리온 극장판 사도신생,2025-10-31,8.2,0.0,170,133500,245779400,14,23429
20260610,20248218,반칙왕 몽키,2026-05-20,4.4,0.0,315,93000,13456400,14,1552
20260610,19910234,신경쇠약 직전의 여자,1991-06-22,16.7,0.0,42,70000,6274000,7,670
20260610,20040695,이프 온리,2004-10-29,3.2,0.0,190,59400,7299380590,6,1068514
20260610,20263953,드림하이: 쇼뮤지컬 온 스테이지,2026-06-04,1.4,0.0,280,97300,10242000,4,413
20260610,20247490,누룩,2026-04-15,5.1,0.0,78,28000,51605970,4,6626
20260610,20246091,이인,2026-05-27,1.6,0.0,186,30000,2983000,3,320
20260610,20262541,빨간 나라를 보았니,2026-04-15,5.0,0.0,60,18000,50657550,3,4805
20260610,20263222,극장판 호빵맨: 세균맨과 그림책의 루룬,2026-05-23,0.6,0.0,322,14000,285930600,2,34284
20260610,20264145,남편대신 채우는 시아버지,2026-06-10,1.2,0.0,83,6000,6000,1,1
20260610,20264146,노가다판 기쁨조 된 아내,2026-06-10,1.2,0.0,83,6000,6000,1,1
20260610,20264147,불륜 들킨 돌싱맘,2026-06-10,1.2,0.0,83,6000,6000,1,1
20260610,20263725,여자들 : 나 오늘 너무 하고 싶어,2026-06-10,0.7,0.0,146,6000,6000,1,1
20260609,20261782,프로젝트 헤일메리,2026-03-18,11.4,0.2,3793,4674900,32902308560,434,2901331
20260609,20262975,신극장판 은혼: 요시와라 대염상,2026-05-20,5.6,0.4,6749,3958620,838641570,379,75089
20260609,20263597,최후의 만찬,2026-06-04,5.0,0.4,6663,3205300,42552300,336,4267
20260609,20259791,악마는 프라다를 입는다 2,2026-04-29,10.6,0.2,2714,3132900,16152154270,288,1593897
20260609,20263521,카드캡터 체리 극장판,2026-05-28,3.9,0.4,6905,2762200,177169440,266,16649
20260609,20263253,극장판 내 마음의 위험한 녀석,2026-05-21,5.4,0.2,4013,2259600,323603330,216,28663
20260609,20262771,현상수배,2026-06-10,68.6,0.0,299,1456000,22645000,205,2492
20260609,20088147,줄무늬 파자마를 입은 소년,2026-04-23,69.7,0.0,287,1616000,103592750,200,12885
20260609,20263644,미세스 그린 애플 매지컬 10주년 기념 라이브 ~피오르드~ 온 스크린,2026-05-27,8.2,0.1,1680,3425000,241650000,137,9666
20260609,20263222,극장판 호빵맨: 세균맨과 그림책의 루룬,2026-05-23,50.2,0.0,237,769000,285916600,119,34282
20260609,20228796,하얼빈,2024-12-24,98.0,0.0,99,582000,46979529380,97,4915060
20260609,20259773,슈퍼 마리오 갤럭시,2026-04-29,7.3,0.1,1120,837300,15834147900,82,1630737
20260609,20252432,주토피아 2,2025-11-26,53.4,0.0,146,546000,82881589200,78,8611518
20260609,20241941,좀비딸,2025-07-30,93.6,0.0,78,437000,53151728990,73,5641874
20260609,20232639,극장판 슈퍼윙스: 맥시멈 스피드,2023-07-20,44.2,0.0,154,476000,1200196958,68,137141
20260609,20254121,살목지,2026-04-08,5.4,0.1,1169,636100,33313873300,63,3239913
20260609,19990147,부기나이트,1999-03-20,47.5,0.0,118,549000,9627000,56,1228
20260609,20263645,미세스 그린 애플 매지컬 10주년 다큐멘터리 필름 ~디 오리진~,2026-05-27,3.8,0.1,1443,1375000,94032000,55,3723
20260609,20060045,스윙걸즈,2006-03-23,54.4,0.0,92,500000,552550100,50,80633
20260609,20020106,복수는 나의 것,2002-03-28,74.2,0.0,66,477000,27053500,49,3246
20260609,20252373,넘버원,2026-02-11,31.4,0.0,137,264000,2689025020,43,280703
20260609,20124315,엔드 오브 에반게리온,2024-01-17,13.8,0.0,283,442000,505899836,39,48846
20260609,20262291,뮤지컬 장수탕 선녀님,2026-03-26,13.4,0.0,262,288000,177192580,35,18415
20260609,20263953,드림하이: 쇼뮤지컬 온 스테이지,2026-06-04,1.7,0.1,1696,715000,10144700,29,409
20260609,20259058,신세기 에반게리온 극장판 사도신생,2025-10-31,9.5,0.0,283,286100,245645900,27,23415
20260609,20174142,아이 캔 스피크,2017-09-21,29.0,0.0,93,162000,25617332886,27,3292984
20260609,20227810,에반게리온 신극장판: Q,2022-10-14,10.6,0.0,170,199000,175943917,18,16948
20260609,20040695,이프 온리,2004-10-29,2.5,0.0,727,184500,7299321190,18,1068508
20260609,20248218,반칙왕 몽키,2026-05-20,2.1,0.0,827,142000,13363400,17,1538
20260609,20227788,에반게리온 신극장판: 서,2022-10-14,9.4,0.0,170,159000,183239991,16,17824
20260609,20050148,친절한 금자씨,2005-07-29,40.0,0.0,40,112000,20501047493,16,3121483
20260609,20227798,에반게리온 신극장판: 파,2022-10-14,8.8,0.0,170,155000,196747624,15,18811
20260609,20262639,노멀,2026-04-17,15.1,0.0,73,55000,129653600,11,20146
20260609,19980001,미술관 옆 동물원,1998-12-19,20.0,0.0,50,100000,7855000,10,825
20260609,20247457,신의악단,2025-12-31,19.2,0.0,52,70000,13823330730,10,1452636
20260609,20247490,누룩,2026-04-15,6.1,0.0,114,46000,51577970,7,6622
20260609,20262541,빨간 나라를 보았니,2026-04-15,5.2,0.0,96,36000,50639550,5,4802
20260609,20256397,원 배틀 애프터 어나더,2025-10-01,3.5,0.0,85,15000,5831088420,3,547801
20260609,20263363,리마인더스 오브 힘,2026-05-27,1.1,0.0,88,9000,23316300,1,3248
20260608,20263521,카드캡터 체리 극장판,2026-05-28,3.8,0.4,6927,2754800,174407240,263,16383
20260608,20261782,프로젝트 헤일메리,2026-03-18,7.1,0.2,3366,2620600,32897633660,239,2900897
20260608,20263597,최후의 만찬,2026-06-04,3.7,0.3,6367,2123400,39347000,234,3931
20260608,20263253,극장판 내 마음의 위험한 녀석,2026-05-21,6.1,0.2,3724,2310500,321343730,226,28447
20260608,20242402,눈동자,2026-06-24,100.0,0.0,223,2007000,2007000,223,223
20260608,20241266,휴민트,2026-02-11,100.0,0.0,188,1692000,20001543360,188,1982168
20260608,20262771,현상수배,2026-06-10,84.7,0.0,176,1043000,21189000,149,2287
20260608,20124315,엔드 오브 에반게리온,2024-01-17,50.9,0.0,283,1521000,505457836,144,48807
20260608,20259058,신세기 에반게리온 극장판 사도신생,2025-10-31,50.5,0.0,283,1416600,245359800,143,23388
20260608,20263644,미세스 그린 애플 매지컬 10주년 기념 라이브 ~피오르드~ 온 스크린,2026-05-27,8.2,0.1,1672,3425000,238225000,137,9529
20260608,20259773,슈퍼 마리오 갤럭시,2026-04-29,9.1,0.1,1306,1171250,15833310600,119,1630655
20260608,20263262,맘보 점보,2026-06-03,3.8,0.2,2887,847900,45791350,111,4959
20260608,20250586,주희에게,2026-04-15,52.0,0.0,154,720000,26776900,80,3008
20260608,20247490,누룩,2026-04-15,12.0,0.0,534,439000,51531970,64,6615
20260608,20254121,살목지,2026-04-08,5.7,0.1,1093,652400,33313237200,62,3239850
20260608,20020106,복수는 나의 것,2002-03-28,58.5,0.0,106,568000,26576500,62,3197
20260608,19990147,부기나이트,1999-03-20,55.5,0.0,110,608000,9078000,61,1172
20260608,20263645,미세스 그린 애플 매지컬 10주년 다큐멘터리 필름 ~디 오리진~,2026-05-27,3.3,0.1,1583,1300000,92657000,52,3668
20260608,20227798,에반게리온 신극장판: 파,2022-10-14,30.6,0.0,170,552000,196592624,52,18796
20260608,20227788,에반게리온 신극장판: 서,2022-10-14,30.6,0.0,170,548000,183080991,52,17808
20260608,20050148,친절한 금자씨,2005-07-29,78.8,0.0,66,496000,20500935493,52,3121467
20260608,20227810,에반게리온 신극장판: Q,2022-10-14,28.8,0.0,170,511000,175744917,49,16930
20260608,20263953,드림하이: 쇼뮤지컬 온 스테이지,2026-06-04,1.7,0.1,2617,1082800,9429700,44,380
20260608,20262291,뮤지컬 장수탕 선녀님,2026-03-26,12.4,0.0,217,224000,176904580,27,18380
20260608,20241941,좀비딸,2025-07-30,16.8,0.0,125,126000,53151291990,21,5641801
20260608,20060045,스윙걸즈,2006-03-23,50.0,0.0,40,197000,552050100,20,80583
20260608,20248218,반칙왕 몽키,2026-05-20,1.7,0.1,1084,148000,13221400,18,1521
20260608,20040695,이프 온리,2004-10-29,2.8,0.0,389,107300,7299136690,11,1068490
20260608,20263222,극장판 호빵맨: 세균맨과 그림책의 루룬,2026-05-23,0.6,0.0,467,17000,285147600,3,34163
20260608,20262541,빨간 나라를 보았니,2026-04-15,3.3,0.0,60,14000,50603550,2,4797
20260608,20256133,쾌락에 빠진 여상사 : 토모다 마키의 벌어진 꽃 무삭제,2026-06-08,0.7,0.0,146,6000,6000,1,1
20260608,20081066,길소뜸,1986-04-05,0.0,0.0,212,0,11500000,0,5006
20260608,20081029,들국화는 피었는데,1974-12-07,0.0,0.0,212,0,284000,0,44
20260608,19920327,바톤 핑크,1992-10-31,0.0,0.0,77,0,6765000,0,702
20260607,20261782,프로젝트 헤일메리,2026-03-18,28.3,0.1,2812,8965250,32895013060,796,2900658
20260607,20263222,극장판 호빵맨: 세균맨과 그림책의 루룬,2026-05-23,11.6,0.3,6529,6330150,285130600,759,34160
20260607,20263597,최후의 만찬,2026-06-04,11.4,0.3,6485,7328100,37223600,739,3697
20260607,20263521,카드캡터 체리 극장판,2026-05-28,8.9,0.4,8035,7594170,171652440,711,16120
20260607,20259791,악마는 프라다를 입는다 2,2026-04-29,26.8,0.1,2207,6834450,16146118970,592,1593342
20260607,20263253,극장판 내 마음의 위험한 녀석,2026-05-21,14.7,0.2,3889,6030600,319033230,572,28221
20260607,20263645,미세스 그린 애플 매지컬 10주년 다큐멘터리 필름 ~디 오리진~,2026-05-27,17.8,0.1,1594,7100000,91357000,284,3616
20260607,20242837,왕과 사는 남자,2026-02-04,10.1,0.1,2358,2265100,163047226880,239,16892550
20260607,20263644,미세스 그린 애플 매지컬 10주년 기념 라이브 ~피오르드~ 온 스크린,2026-05-27,14.8,0.1,1478,5450000,234800000,218,9392
20260607,20254121,살목지,2026-04-08,7.1,0.1,1633,1234000,33312584800,116,3239788
20260607,19990147,부기나이트,1999-03-20,68.2,0.0,148,1088000,8470000,101,1111
20260607,20263953,드림하이: 쇼뮤지컬 온 스테이지,2026-06-04,6.0,0.1,1460,2192500,8346900,88,336
20260607,20248218,반칙왕 몽키,2026-05-20,23.9,0.0,356,755000,13073400,85,1503
20260607,20040695,이프 온리,2004-10-29,12.0,0.0,649,816500,7299029390,78,1068479
20260607,20020106,복수는 나의 것,2002-03-28,96.2,0.0,26,272000,26008500,25,3135
20260607,20050148,친절한 금자씨,2005-07-29,65.4,0.0,26,136000,20500439493,17,3121415
20260607,20060045,스윙걸즈,2006-03-23,8.3,0.0,132,121000,551853100,11,80563
20260607,20252701,푸틴: 절대 권력의 최후,2026-06-04,6.9,0.0,146,60000,693000,10,84
20260607,20263327,사랑의 하츄핑 특별판,2026-05-01,12.9,0.0,70,71000,141513610,9,15223
20260607,20262811,"극장판 총집편 걸즈 밴드 크라이 있잖아, 미래.",2026-04-16,4.4,0.0,113,59000,187722730,5,17847
20260607,20262541,빨간 나라를 보았니,2026-04-15,8.3,0.0,60,35000,50589550,5,4795
20260607,19980001,미술관 옆 동물원,1998-12-19,5.8,0.0,52,21000,7755000,3,815
20260607,20246091,이인,2026-05-27,1.1,0.0,186,20000,2953000,2,317
20260607,20247490,누룩,2026-04-15,2.6,0.0,78,14000,51092970,2,6551
20260607,20247457,신의악단,2025-12-31,3.9,0.0,52,14000,13823260730,2,1452626
20260607,20263363,리마인더스 오브 힘,2026-05-27,1.1,0.0,88,8500,23307300,1,3247
20260607,20240532,짱구,2026-04-22,0.2,0.0,541,8000,4011143740,1,410996
20260606,20262975,신극장판 은혼: 요시와라 대염상,2026-05-20,22.2,0.3,6524,15050100,819685250,1449,73293
20260606,20261782,프로젝트 헤일메리,2026-03-18,37.2,0.1,2817,11940780,32886047810,1048,2899862
20260606,20263262,맘보 점보,2026-06-03,7.9,0.5,12627,9249800,36312450,994,3929
20260606,20263597,최후의 만찬,2026-06-04,10.4,0.4,8327,8422700,29895500,863,2958
20260606,20263644,미세스 그린 애플 매지컬 10주년 기념 라이브 ~피오르드~ 온 스크린,2026-05-27,43.8,0.1,1728,18900000,229350000,756,9174
20260606,20263222,극장판 호빵맨: 세균맨과 그림책의 루룬,2026-05-23,8.8,0.3,7820,5850200,278800450,688,33401
20260606,20259791,악마는 프라다를 입는다 2,2026-04-29,29.0,0.1,2161,6987700,16139284520,626,1592750
20260606,20242837,왕과 사는 남자,2026-02-04,12.9,0.1,2130,2727400,163044961780,275,16892311
20260606,20263953,드림하이: 쇼뮤지컬 온 스테이지,2026-06-04,9.1,0.1,1822,4137300,6154400,166,248
20260606,20254121,살목지,2026-04-08,7.5,0.1,1851,1409800,33311350800,138,3239672
20260606,20247457,신의악단,2025-12-31,90.4,0.0,136,984000,13823246730,123,1452624
20260606,19990147,부기나이트,1999-03-20,67.0,0.0,182,1273000,7382000,122,1010
20260606,20263645,미세스 그린 애플 매지컬 10주년 다큐멘터리 필름 ~디 오리진~,2026-05-27,6.2,0.1,1544,2375000,84257000,95,3332
20260606,20248218,반칙왕 몽키,2026-05-20,27.3,0.0,297,562000,12318400,81,1418
20260606,19910234,신경쇠약 직전의 여자,1991-06-22,7.4,0.0,898,637000,6204000,66,663
20260606,20040695,이프 온리,2004-10-29,10.7,0.0,431,494000,7298212890,46,1068401
20260606,20262906,극장판 반짝반짝 달님이: 싱어롱 파티,2026-05-01,2.9,0.0,377,111000,112802650,11,12059
20260606,20209654,헤어질 결심,2022-06-29,20.0,0.0,30,72000,19802502678,6,1910536
20260606,20247490,누룩,2026-04-15,3.0,0.0,202,37000,51078970,6,6549
20260606,20262811,"극장판 총집편 걸즈 밴드 크라이 있잖아, 미래.",2026-04-16,3.5,0.0,113,41000,187663730,4,17842
20260606,20262541,빨간 나라를 보았니,2026-04-15,4.2,0.0,96,25000,50554550,4,4790
20260606,20263363,리마인더스 오브 힘,2026-05-27,2.3,0.0,88,17500,23298800,2,3246
20260606,20263327,사랑의 하츄핑 특별판,2026-05-01,2.9,0.0,70,16000,141442610,2,15214
20260606,20262947,모탈 컴뱃 2,2026-05-06,2.2,0.0,93,12000,180211980,2,16495
20260605,20259791,악마는 프라다를 입는다 2,2026-04-29,16.1,0.1,2843,5188500,16132296820,457,1592124
20260605,20261782,프로젝트 헤일메리,2026-03-18,15.3,0.1,2903,4876690,32874107030,443,2898814
20260605,20263597,최후의 만찬,2026-06-04,5.4,0.4,8124,4023400,21472800,440,2095
20260605,20259773,슈퍼 마리오 갤럭시,2026-04-29,15.7,0.1,1734,1761250,15722256390,272,1619419
20260605,20263262,맘보 점보,2026-06-03,5.4,0.2,4755,1820000,27062650,255,2935
20260605,20263253,극장판 내 마음의 위험한 녀석,2026-05-21,5.9,0.2,4186,2763000,292191210,246,25656
20260605,20263644,미세스 그린 애플 매지컬 10주년 기념 라이브 ~피오르드~ 온 스크린,2026-05-27,13.8,0.1,1722,5925000,210450000,237,8418
20260605,20263521,카드캡터 체리 극장판,2026-05-28,3.4,0.3,6306,2417600,147585150,217,13867
20260605,20242837,왕과 사는 남자,2026-02-04,6.5,0.1,2369,1390050,163042234380,153,16892036
20260605,20254121,살목지,2026-04-08,8.9,0.1,1534,1462850,33309941000,137,3239534
20260605,20263645,미세스 그린 애플 매지컬 10주년 다큐멘터리 필름 ~디 오리진~,2026-05-27,4.3,0.1,1617,1750000,81882000,70,3237
20260605,19990147,부기나이트,1999-03-20,77.8,0.0,90,725000,6109000,70,888
20260605,20030371,태극기 휘날리며,2004-02-05,52.0,0.0,125,390000,15886353200,65,2571189
20260605,20050148,친절한 금자씨,2005-07-29,97.5,0.0,40,418000,20500303493,39,3121398
20260605,20040695,이프 온리,2004-10-29,3.6,0.0,855,328000,7297718890,31,1068355
20260605,20248218,반칙왕 몽키,2026-05-20,5.1,0.0,608,279000,11756400,31,1337
20260605,20263222,극장판 호빵맨: 세균맨과 그림책의 루룬,2026-05-23,3.4,0.0,847,203700,272950250,29,32713
20260605,20020106,복수는 나의 것,2002-03-28,100.0,0.0,26,277000,25736500,26,3110
20260605,20263953,드림하이: 쇼뮤지컬 온 스테이지,2026-06-04,1.3,0.1,1821,589800,2017100,24,82
20260605,20247490,누룩,2026-04-15,2.8,0.0,502,88000,51041970,14,6543
20260605,19980001,미술관 옆 동물원,1998-12-19,23.1,0.0,52,120000,7734000,12,812
20260605,20262541,빨간 나라를 보았니,2026-04-15,6.3,0.0,96,44000,50529550,6,4786
20260605,20262639,노멀,2026-04-17,6.0,0.0,83,30000,129598600,5,20135
20260605,20263327,사랑의 하츄핑 특별판,2026-05-01,10.0,0.0,40,32000,141426610,4,15212
20260605,20262811,"극장판 총집편 걸즈 밴드 크라이 있잖아, 미래.",2026-04-16,2.7,0.0,113,33000,187622730,3,17838
20260605,20262291,뮤지컬 장수탕 선녀님,2026-03-26,2.6,0.0,116,30000,176680580,3,18353
20260605,20262947,모탈 컴뱃 2,2026-05-06,3.2,0.0,93,18000,180199980,3,16493
20260605,20088147,줄무늬 파자마를 입은 소년,2026-04-23,1.1,0.0,90,10000,101976750,1,12685
20260604,20259773,슈퍼 마리오 갤럭시,2026-04-29,21.4,0.1,1787,2841150,15720495140,382,1619147
20260604,20259791,악마는 프라다를 입는다 2,2026-04-29,14.9,0.1,2385,3783550,16127108320,356,1591667
20260604,20263262,맘보 점보,2026-06-03,5.7,0.3,5124,1979100,25242650,290,2680
20260604,20242837,왕과 사는 남자,2026-02-04,9.5,0.2,3019,2367750,163040844330,287,16891883
20260604,20263521,카드캡터 체리 극장판,2026-05-28,4.0,0.4,7234,3007770,145167550,286,13650
20260604,20263644,미세스 그린 애플 매지컬 10주년 기념 라이브 ~피오르드~ 온 스크린,2026-05-27,16.2,0.1,1614,6550000,204525000,262,8181
20260604,20030371,태극기 휘날리며,2004-02-05,69.2,0.0,250,1044000,15885963200,173,2571124
20260604,20263222,극장판 호빵맨: 세균맨과 그림책의 루룬,2026-05-23,13.7,0.0,1009,943000,272746550,138,32684
20260604,20263645,미세스 그린 애플 매지컬 10주년 다큐멘터리 필름 ~디 오리진~,2026-05-27,7.1,0.1,1603,2825000,80132000,113,3167
20260604,20197122,1947 보스톤,2023-09-27,60.6,0.0,165,600000,9487949798,100,1029777
20260604,20254121,살목지,2026-04-08,4.8,0.1,1939,858050,33308478150,93,3239397
20260604,20259641,송 썽 블루,2026-01-14,94.4,0.0,90,679000,114654500,85,14925
20260604,20252701,푸틴: 절대 권력의 최후,2026-06-04,5.2,0.1,1417,633000,633000,74,74
20260604,20263953,드림하이: 쇼뮤지컬 온 스테이지,2026-06-04,1.9,0.2,3116,1427300,1427300,58,58
20260604,20040695,이프 온리,2004-10-29,4.8,0.0,684,323200,7297390890,33,1068324
20260604,20020106,복수는 나의 것,2002-03-28,69.2,0.0,26,126000,25459500,18,3084
20260604,20248218,반칙왕 몽키,2026-05-20,2.4,0.0,573,98000,11477400,14,1306
20260604,20060045,스윙걸즈,2006-03-23,7.8,0.0,90,70000,551732100,7,80552
20260604,20262811,"극장판 총집편 걸즈 밴드 크라이 있잖아, 미래.",2026-04-16,5.3,0.0,113,56000,187589730,6,17835
20260604,20262541,빨간 나라를 보았니,2026-04-15,5.0,0.0,60,18000,50485550,3,4780
20260604,20263363,리마인더스 오브 힘,2026-05-27,2.3,0.0,88,20000,23281300,2,3244
20260604,20262291,뮤지컬 장수탕 선녀님,2026-03-26,1.7,0.0,119,20000,176650580,2,18350
20260604,20247457,신의악단,2025-12-31,3.9,0.0,52,14000,13822262730,2,1452501
20260604,20262947,모탈 컴뱃 2,2026-05-06,2.2,0.0,93,12000,180181980,2,16490
20260604,20263542,D컵의 스미레짱,2026-06-04,0.7,0.0,146,6000,6000,1,1
20260604,20263514,그녀는 정기털이범,2026-06-04,0.7,0.0,146,6000,6000,1,1
20260604,20263545,금단의 침실에서 만난 그녀,2026-06-04,0.7,0.0,146,6000,6000,1,1
20260604,20263513,달콤한 그녀의 샘물,2026-06-04,0.7,0.0,146,6000,6000,1,1
20260604,20263705,땀으로 범벅된 그녀와의 관계,2026-06-04,0.7,0.0,146,6000,6000,1,1
20260604,20263541,모든 걸 품어주는 그녀의 풍만거유,2026-06-04,0.7,0.0,146,6000,6000,1,1
20260604,20263516,미모의 풍만녀와 비밀관계,2026-06-04,0.7,0.0,146,6000,6000,1,1
20260604,20263676,밤마다 찾아오는 그녀의 뜨거운 유혹,2026-06-04,0.7,0.0,146,6000,6000,1,1
20260604,20263679,손끝으로 나를 녹여버리는 그녀,2026-06-04,0.7,0.0,146,6000,6000,1,1
20260604,20263704,숨겨진 욕망이 터져 나오는 순간,2026-06-04,0.7,0.0,146,6000,6000,1,1
20260604,20263515,양기 빠는 그녀의 입,2026-06-04,0.7,0.0,146,6000,6000,1,1
20260604,20263544,잘 세우는 그녀의 손길,2026-06-04,0.7,0.0,146,6000,6000,1,1
20260604,20263703,젖은 속살로 나를 부르는 그녀,2026-06-04,0.7,0.0,146,6000,6000,1,1
20260604,20263678,타이트한 옷 아래 숨겨진 그녀,2026-06-04,0.7,0.0,146,6000,6000,1,1
20260604,20263677,풍만한 몸으로 나를 삼키는 밤,2026-06-04,0.7,0.0,146,6000,6000,1,1
20260617,20259781,토이 스토리 5,2026-06-17,10.3,45.7,918043,997525790,1021342790,94694,96231
20260617,20252402,군체,2026-05-21,8.8,17.4,350707,308726760,56044997040,30906,5309600
20260617,20248252,와일드 씽,2026-06-03,9.7,13.0,260423,235659920,9134774920,25267,943640
20260617,20250655,디스클로저 데이,2026-06-10,5.4,5.2,104385,53877390,2393704410,5600,220610
20260617,20259626,마이클,2026-05-13,6.1,1.5,30835,19571530,17576763290,1880,1597674
20260617,20242837,왕과 사는 남자,2026-02-04,45.2,0.1,2692,8451200,163091316980,1217,16898676
20260617,20258236,만달로리안과 그로구,2026-05-27,11.3,0.3,6584,9129150,2623085100,745,217310
20260617,20262771,현상수배,2026-06-10,33.3,0.1,1539,3916000,51829050,512,6064
20260617,20249015,납치 48시간,2026-06-17,6.8,0.4,7199,4773050,9803050,486,989
20260617,20263512,이상한 과자 가게 전천당,2026-05-29,14.7,0.2,3163,3473300,1457524790,464,160502
20260616,20252402,군체,2026-05-21,5.8,31.0,547912,324208640,55736270280,32022,5278694
20260616,20248252,와일드 씽,2026-06-03,6.8,20.9,369063,235796930,8899115000,24984,918373
20260616,20250655,디스클로저 데이,2026-06-10,3.0,18.6,327736,105651700,2339827020,9976,215010
20260616,20259626,마이클,2026-05-13,5.6,3.6,63843,36973120,17557191760,3563,1595794
20260616,20258236,만달로리안과 그로구,2026-05-27,9.0,1.3,23110,22434930,2613955950,2071,216565
20260616,20258945,너만 보이는 날,2026-06-24,103.3,0.1,1278,11880000,30383000,1320,3367
20260616,20242837,왕과 사는 남자,2026-02-04,19.7,0.2,2689,3615500,163082865780,529,16897459
20260616,20263512,이상한 과자 가게 전천당,2026-05-29,3.9,0.7,12110,4127750,1454051490,466,160038
20260616,20262771,현상수배,2026-06-10,5.2,0.4,7672,3067500,47913050,396,5552
20260616,20262975,신극장판 은혼: 요시와라 대염상,2026-05-20,6.6,0.3,4947,3340290,885526710,326,79620
20260615,20252402,군체,2026-05-21,6.1,31.5,554829,337376130,55412061640,33836,5246672
20260615,20248252,와일드 씽,2026-06-03,6.4,21.0,370330,225892920,8663318070,23666,893389
20260615,20250655,디스클로저 데이,2026-06-10,3.1,19.1,336950,111210200,2234175320,10366,205034
20260615,20259626,마이클,2026-05-13,5.1,3.5,62254,32892280,17520218640,3201,1592231
20260615,20242402,눈동자,2026-06-24,100.0,0.2,2879,28179000,30186000,2879,3102
20260615,20258236,만달로리안과 그로구,2026-05-27,8.1,1.3,22401,19988250,2591521020,1819,214494
20260615,20242837,왕과 사는 남자,2026-02-04,26.2,0.2,2716,4849600,163079250280,711,16896930
20260615,20262771,현상수배,2026-06-10,6.0,0.4,7397,3261350,44845550,446,5156
20260615,20263512,이상한 과자 가게 전천당,2026-05-29,3.8,0.6,10714,3577750,1449923740,409,159572
20260615,20262975,신극장판 은혼: 요시와라 대염상,2026-05-20,4.4,0.3,5020,2229000,882186420,220,79294
20260614,20252402,군체,2026-05-21,17.0,31.8,674762,1194307160,55074685510,114961,5212836
20260614,20248252,와일드 씽,2026-06-03,17.4,20.7,439459,753951860,8437425150,76586,869723
20260614,20250655,디스클로저 데이,2026-06-10,9.3,17.8,379323,391290760,2122965120,35230,194668
20260614,20259626,마이클,2026-05-13,15.7,3.3,70687,119952020,17487326360,11088,1589030
20260614,20263512,이상한 과자 가게 전천당,2026-05-29,17.1,2.7,57493,89187310,1446345990,9807,159163
20260614,20258236,만달로리안과 그로구,2026-05-27,20.0,1.1,23844,54168910,2571532770,4763,212675
20260614,20259773,슈퍼 마리오 갤럭시,2026-04-29,22.5,0.5,9689,21971600,15879227850,2178,1635222
20260614,20263911,극장판 전생했더니 슬라임이었던 건에 대하여 창해의 눈물편,2026-06-10,10.1,0.4,8842,9503200,43473300,890,4137
20260614,20262771,현상수배,2026-06-10,8.3,0.5,9987,8022500,41584200,824,4710
20260614,20263761,플레이브 아시아 투어 [대쉬: 퀀텀 리프] 앙코르 인 시네마,2026-06-03,8.2,0.4,8456,15962000,721956000,694,31390
20260613,20252402,군체,2026-05-21,19.0,31.6,695038,1363114990,53880378350,132016,5097875
20260613,20248252,와일드 씽,2026-06-03,20.0,20.9,459904,929136430,7683473290,92187,793137
20260613,20250655,디스클로저 데이,2026-06-10,11.8,19.2,421097,558180140,1731674360,49791,159438
20260613,20259626,마이클,2026-05-13,15.8,3.3,73206,128981260,17367374340,11558,1577942
20260613,20263512,이상한 과자 가게 전천당,2026-05-29,13.3,2.8,61845,75751000,1357158680,8253,149356
20260613,20258236,만달로리안과 그로구,2026-05-27,20.6,1.2,27350,65204930,2517363860,5642,207912
20260613,20259773,슈퍼 마리오 갤럭시,2026-04-29,17.1,0.5,11312,19795500,15857256250,1935,1633044
20260613,20263911,극장판 전생했더니 슬라임이었던 건에 대하여 창해의 눈물편,2026-06-10,14.4,0.4,8511,13652000,33970100,1227,3247
20260613,20263521,카드캡터 체리 극장판,2026-05-28,29.1,0.2,3999,12672170,198007780,1163,18580
20260613,20263761,플레이브 아시아 투어 [대쉬: 퀀텀 리프] 앙코르 인 시네마,2026-06-03,11.9,0.4,8456,23207000,705994000,1009,30696
20260612,20252402,군체,2026-05-21,8.7,31.7,618234,567820930,52517263360,54064,4965859
20260612,20248252,와일드 씽,2026-06-03,10.0,18.6,361655,360056200,6754336860,36326,700950
20260612,20250655,디스클로저 데이,2026-06-10,6.2,22.7,442645,307814030,1173494220,27363,109647
20260612,20259626,마이클,2026-05-13,7.8,2.9,56469,46349000,17238393080,4417,1566384
20260612,20258236,만달로리안과 그로구,2026-05-27,11.1,1.2,23056,30573880,2452158930,2564,202270
20260612,20263512,이상한 과자 가게 전천당,2026-05-29,5.3,0.8,14782,6999100,1281407680,790,141103
20260612,20242837,왕과 사는 남자,2026-02-04,26.3,0.2,2990,5692050,163071596630,785,16895868
20260612,20262975,신극장판 은혼: 요시와라 대염상,2026-05-20,10.9,0.3,5078,6120560,865147700,552,77674
20260612,20263761,플레이브 아시아 투어 [대쉬: 퀀텀 리프] 앙코르 인 시네마,2026-06-03,6.7,0.4,7819,11960000,682787000,520,29687
20260612,20263911,극장판 전생했더니 슬라임이었던 건에 대하여 창해의 눈물편,2026-06-10,4.1,0.5,9006,4079050,20318100,368,2020
20260611,20252402,군체,2026-05-21,6.8,31.7,595516,403511460,51949442430,40619,4911795
20260611,20248252,와일드 씽,2026-06-03,8.3,17.2,322967,248136770,6394280660,26678,664624
20260611,20250655,디스클로저 데이,2026-06-10,6.0,22.4,420795,269092210,865680190,25356,82284
20260611,20259626,마이클,2026-05-13,7.6,3.2,59351,45527630,17192044080,4530,1561967
20260611,20258236,만달로리안과 그로구,2026-05-27,8.7,1.1,20105,18980200,2421585050,1742,199706
20260611,20259781,토이 스토리 5,2026-06-17,102.8,0.1,1495,23817000,23817000,1537,1537
20260611,20263941,마스터즈 오브 유니버스,2026-06-05,8.2,0.8,15374,9542550,127446790,1255,14805
20260611,20263262,맘보 점보,2026-06-03,46.6,0.1,2350,7573500,62572950,1094,7360
20260611,20258945,너만 보이는 날,2026-06-24,100.0,0.0,1007,9063000,18503000,1007,2047
20260611,20263761,플레이브 아시아 투어 [대쉬: 퀀텀 리프] 앙코르 인 시네마,2026-06-03,11.3,0.4,8371,21827000,670827000,949,29167
20260617,20263911,극장판 전생했더니 슬라임이었던 건에 대하여 창해의 눈물편,2026-06-10,4.6,0.2,4958,2336200,50045100,228,4759
20260617,20258808,뽀로로 극장판 스위트캐슬 대모험,2025-12-11,100.0,0.0,185,925000,2304892710,185,266004
20260617,20261782,프로젝트 헤일메리,2026-03-18,11.8,0.1,1413,1820640,32922626540,167,2903134
20260617,20263521,카드캡터 체리 극장판,2026-05-28,6.7,0.1,2293,1629500,205383120,153,19256
20260617,20196272,미드웨이,2019-12-31,100.0,0.0,145,870000,8249141929,145,960905
20260617,20263948,에픽: 엘비스 프레슬리 콘서트,2026-07-01,100.0,0.0,126,882000,882000,126,126
20260617,20262975,신극장판 은혼: 요시와라 대염상,2026-05-20,9.6,0.1,1249,1301000,886827710,120,79740
20260617,20137048,국제시장,2014-12-17,84.0,0.0,119,1000000,110980357230,100,14269468
20260617,20259791,악마는 프라다를 입는다 2,2026-04-29,17.0,0.0,530,1049100,16168026730,90,1595268
20260617,20248218,반칙왕 몽키,2026-05-20,28.4,0.0,278,550000,16079400,79,1873
20260617,20259773,슈퍼 마리오 갤럭시,2026-04-29,57.5,0.0,134,616000,15881249750,77,1635472
20260617,20241941,좀비딸,2025-07-30,35.3,0.0,167,327000,53153276990,59,5642133
20260617,20263597,최후의 만찬,2026-06-04,100.0,0.0,49,343000,53949070,49,5564
20260617,20241266,휴민트,2026-02-11,50.0,0.0,92,230000,20002272860,46,1982296
20260617,20263253,극장판 내 마음의 위험한 녀석,2026-05-21,21.6,0.0,199,463500,338846900,43,30103
20260617,20135428,어바웃 타임,2013-12-05,72.0,0.0,50,357000,25365763300,36,3454870
20260617,20124315,엔드 오브 에반게리온,2024-01-17,16.5,0.0,170,338500,509150476,28,49118
20260617,19990147,부기나이트,1999-03-20,52.0,0.0,50,260000,13161000,26,1592
20260617,20020106,복수는 나의 것,2002-03-28,100.0,0.0,26,249000,28822500,26,3431
20260617,20050148,친절한 금자씨,2005-07-29,100.0,0.0,26,248000,20502784493,26,3121659
20260617,20264345,예쁘고 어린 옆집 여자,2026-06-17,24.1,0.0,83,100000,100000,20,20
20260617,20264324,촉촉하게 한발 빼주는 육덕녀,2026-06-17,18.9,0.0,106,100000,100000,20,20
20260617,20250840,바다 탐험대 옥토넛 어보브 앤 비욘드 : 육지생물 구조작전,2026-02-12,27.1,0.0,70,133000,325576200,19,34024
20260617,20254121,살목지,2026-04-08,3.0,0.0,529,125500,33317616670,16,3240337
20260617,20227798,에반게리온 신극장판: 파,2022-10-14,7.7,0.0,170,152500,199076964,13,19010
20260617,20262639,노멀,2026-04-17,7.6,0.0,131,70000,129753600,10,20161
20260617,20259058,신세기 에반게리온 극장판 사도신생,2025-10-31,4.7,0.0,170,103500,247010000,8,23552
20260617,20227788,에반게리온 신극장판: 서,2022-10-14,4.7,0.0,170,80000,185101861,8,17987
20260617,20263941,마스터즈 오브 유니버스,2026-06-05,2.4,0.0,334,72000,133055730,8,15383
20260617,20227810,에반게리온 신극장판: Q,2022-10-14,4.1,0.0,170,79500,177082917,7,17047
20260617,19970157,로스트 하이웨이,1997-05-10,18.8,0.0,32,60000,44310022,6,4732
20260617,20264159,킬 코드,2026-06-11,6.0,0.0,84,30000,765000,5,96
20260617,19980001,미술관 옆 동물원,1998-12-19,5.8,0.0,52,30000,7895000,3,829
20260617,20263262,맘보 점보,2026-06-03,0.9,0.0,113,7000,75315050,1,8791
20260617,20264412,노브라로 가슴치는 상사아내,2026-06-17,0.7,0.0,146,6000,6000,1,1
20260617,20243664,떡감은 미시가 갑이지,2026-06-17,0.7,0.0,146,6000,6000,1,1
20260617,20243665,쌀때까지 젖 봉사,2026-06-17,0.7,0.0,146,6000,6000,1,1
20260617,20040695,이프 온리,2004-10-29,1.2,0.0,85,6000,7300203690,1,1068596
20260616,20263262,맘보 점보,2026-06-03,24.3,0.1,978,2081000,75308050,238,8790
20260616,20263911,극장판 전생했더니 슬라임이었던 건에 대하여 창해의 눈물편,2026-06-10,2.8,0.4,7757,2325850,47708900,217,4531
20260616,20259791,악마는 프라다를 입는다 2,2026-04-29,14.4,0.1,1371,2235300,16166977630,197,1595178
20260616,20263761,플레이브 아시아 투어 [대쉬: 퀀텀 리프] 앙코르 인 시네마,2026-06-03,2.8,0.4,6778,4393000,731156000,191,31790
20260616,20261782,프로젝트 헤일메리,2026-03-18,12.8,0.1,1413,1982450,32920805900,181,2902967
20260616,20259773,슈퍼 마리오 갤럭시,2026-04-29,19.6,0.0,755,1163900,15880633750,148,1635395
20260616,20263253,극장판 내 마음의 위험한 녀석,2026-05-21,6.1,0.1,2230,1485500,338383400,136,30060
20260616,20263521,카드캡터 체리 극장판,2026-05-28,4.2,0.1,2439,1067000,203753620,102,19103
20260616,20263941,마스터즈 오브 유니버스,2026-06-05,2.7,0.2,3391,894240,132983730,92,15375
20260616,20250586,주희에게,2026-04-15,70.2,0.0,114,720000,27496900,80,3088
20260616,20225637,뿌까의 짜장면파티,2022-07-04,79.4,0.0,92,438000,260580500,73,43249
20260616,20263845,정뱅이,2026-06-24,100.0,0.0,72,648000,4508000,72,484
20260616,20263597,최후의 만찬,2026-06-04,9.0,0.0,776,748470,53606070,70,5515
20260616,20241941,좀비딸,2025-07-30,30.1,0.0,176,371000,53152949990,53,5642074
20260616,20135428,어바웃 타임,2013-12-05,82.0,0.0,50,407000,25365406300,41,3454834
20260616,20232639,극장판 슈퍼윙스: 맥시멈 스피드,2023-07-20,22.6,0.0,177,280000,1200476958,40,137181
20260616,20050148,친절한 금자씨,2005-07-29,54.6,0.0,66,347000,20502536493,36,3121633
20260616,20248218,반칙왕 몽키,2026-05-20,2.7,0.1,1248,252000,15529400,34,1794
20260616,20254121,살목지,2026-04-08,3.8,0.0,801,276370,33317491170,30,3240321
20260616,19990147,부기나이트,1999-03-20,27.2,0.0,92,250000,12901000,25,1566
20260616,20263953,드림하이: 쇼뮤지컬 온 스테이지,2026-06-04,2.8,0.0,758,507000,16093300,21,656
20260616,20040695,이프 온리,2004-10-29,3.6,0.0,414,154100,7300197690,15,1068595
20260616,20124315,엔드 오브 에반게리온,2024-01-17,7.7,0.0,170,158000,508811976,13,49090
20260616,20228965,극장판 전생했더니 슬라임이었던 건에 대하여: 홍련의 인연편,2023-02-02,10.2,0.0,127,125150,203477967,13,19848
20260616,20020106,복수는 나의 것,2002-03-28,32.5,0.0,40,91000,28573500,13,3405
20260616,20227798,에반게리온 신극장판: 파,2022-10-14,7.1,0.0,170,133500,198924464,12,18997
20260616,20227788,에반게리온 신극장판: 서,2022-10-14,6.5,0.0,170,125500,185021861,11,17979
20260616,20227810,에반게리온 신극장판: Q,2022-10-14,5.3,0.0,170,113500,177003417,9,17040
20260616,20259058,신세기 에반게리온 극장판 사도신생,2025-10-31,7.1,0.0,113,72000,246906500,8,23544
20260616,20259147,케이팝 데몬 헌터스,2025-10-31,4.9,0.0,144,63500,470205300,7,40272
20260616,20247490,누룩,2026-04-15,2.1,0.0,290,40000,51703970,6,6641
20260616,20263222,극장판 호빵맨: 세균맨과 그림책의 루룬,2026-05-23,2.3,0.0,218,30000,291072800,5,34910
20260616,20250365,햄넷,2026-02-25,3.3,0.0,30,12000,646770790,1,67386
20260616,20259641,송 썽 블루,2026-01-14,1.9,0.0,52,10000,114664500,1,14926
20260616,20263506,동정을 여친엄마에게 바치다,2026-06-16,0.5,0.0,194,1000,1000,1,1
20260616,20253190,민감한 거유 새엄마의 떨리는 꽃잎을 열다,2026-06-16,1.1,0.0,91,1000,1000,1,1
20260616,20253204,비키니 새엄마 네네의 오일 수영복,2026-06-16,1.1,0.0,91,1000,1000,1,1
20260616,20253205,빨리 젖는 새엄마는 너무 민감해서 팬티가 모자라,2026-06-16,0.5,0.0,194,1000,1000,1,1
20260616,20263527,새엄마의 눈웃음치는 매력,2026-06-16,0.5,0.0,194,1000,1000,1,1
20260616,20211995,신이내린 거유 - 새엄마 히카리,2026-06-16,0.7,0.0,140,1000,1000,1,1
20260616,20264195,신혼 4개월 노상및 철창섹스,2026-06-16,0.7,0.0,140,1000,1000,1,1
20260616,20253203,어수룩한 여직원을 벗겨보니 거유음란녀,2026-06-16,1.1,0.0,91,1000,1000,1,1
20260615,20263761,플레이브 아시아 투어 [대쉬: 퀀텀 리프] 앙코르 인 시네마,2026-06-03,3.1,0.4,6861,4807000,726763000,209,31599
20260615,20263911,극장판 전생했더니 슬라임이었던 건에 대하여 창해의 눈물편,2026-06-10,2.6,0.4,6728,1909750,45383050,177,4314
20260615,20263597,최후의 만찬,2026-06-04,24.9,0.0,674,1514000,52857600,168,5445
20260615,20261782,프로젝트 헤일메리,2026-03-18,8.9,0.1,1636,1643550,32918823450,146,2902786
20260615,20263253,극장판 내 마음의 위험한 녀석,2026-05-21,5.9,0.1,2272,1438600,336897900,135,29924
20260615,20259791,악마는 프라다를 입는다 2,2026-04-29,10.2,0.1,1227,1365450,16164742330,125,1594981
20260615,20263521,카드캡터 체리 극장판,2026-05-28,3.5,0.1,2372,864270,202686620,82,19001
20260615,20263262,맘보 점보,2026-06-03,9.8,0.0,765,502000,73227050,75,8552
20260615,20263941,마스터즈 오브 유니버스,2026-06-05,2.1,0.2,3362,646000,132089490,70,15283
20260615,20263222,극장판 호빵맨: 세균맨과 그림책의 루룬,2026-05-23,66.3,0.0,101,409000,291042800,67,34905
20260615,20241941,좀비딸,2025-07-30,42.5,0.0,146,370000,53152578990,62,5642021
20260615,19990147,부기나이트,1999-03-20,34.3,0.0,134,421000,12651000,46,1541
20260615,20135428,어바웃 타임,2013-12-05,69.2,0.0,52,357000,25364999300,36,3454793
20260615,20227798,에반게리온 신극장판: 파,2022-10-14,14.7,0.0,170,269500,198790964,25,18985
20260615,20259773,슈퍼 마리오 갤럭시,2026-04-29,5.5,0.0,456,242000,15879469850,25,1635247
20260615,20241082,쿵쿵따 탐험대,2024-06-26,7.6,0.0,317,144000,31781000,24,5251
20260615,20124315,엔드 오브 에반게리온,2024-01-17,8.1,0.0,283,296000,508653976,23,49077
20260615,20248218,반칙왕 몽키,2026-05-20,2.3,0.0,919,143000,15277400,21,1760
20260615,20020106,복수는 나의 것,2002-03-28,76.9,0.0,26,195000,28482500,20,3392
20260615,20050148,친절한 금자씨,2005-07-29,45.0,0.0,40,178000,20502189493,18,3121597
20260615,20254121,살목지,2026-04-08,2.2,0.0,822,163000,33317214800,18,3240291
20260615,20263644,미세스 그린 애플 매지컬 10주년 기념 라이브 ~피오르드~ 온 스크린,2026-05-27,80.0,0.0,20,400000,250800000,16,10032
20260615,20040695,이프 온리,2004-10-29,4.9,0.0,328,153900,7300043590,16,1068580
20260615,20060045,스윙걸즈,2006-03-23,35.0,0.0,40,134000,553013100,14,80682
20260615,20228965,극장판 전생했더니 슬라임이었던 건에 대하여: 홍련의 인연편,2023-02-02,11.0,0.0,127,123500,203352817,14,19835
20260615,20259147,케이팝 데몬 헌터스,2025-10-31,8.3,0.0,144,124700,470141800,12,40265
20260615,20227810,에반게리온 신극장판: Q,2022-10-14,6.5,0.0,170,116500,176889917,11,17031
20260615,19910234,신경쇠약 직전의 여자,1991-06-22,26.2,0.0,42,107000,6428000,11,687
20260615,20227788,에반게리온 신극장판: 서,2022-10-14,5.3,0.0,170,106000,184896361,9,17968
20260615,20263953,드림하이: 쇼뮤지컬 온 스테이지,2026-06-04,1.7,0.0,420,155000,15586300,7,635
20260615,20259058,신세기 에반게리온 극장판 사도신생,2025-10-31,2.9,0.0,170,52500,246834500,5,23536
20260615,20264159,킬 코드,2026-06-11,10.2,0.0,49,30000,735000,5,91
20260615,20241575,메소드연기,2026-03-18,0.6,0.0,636,27000,581408130,4,62864
20260615,20250630,빌리 아일리시 - 히트 미 하드 앤드 소프트: 더 투어,2026-05-06,1.1,0.0,95,25000,72781000,1,2912
20260615,20263250,나체를 연주하는 음란한 이중주,2026-06-15,0.7,0.0,146,6000,6000,1,1
20260615,20263225,유카타 사이로 흘러내리는 폭유,2026-06-15,0.7,0.0,146,6000,6000,1,1
20260615,20256624,음탕하게 젖은 엉덩이 : 쿠로카와 스미레 무삭제,2026-06-15,0.7,0.0,146,6000,6000,1,1
20260615,20247490,누룩,2026-04-15,2.8,0.0,36,5000,51663970,1,6635
20260615,20253123,결국 아침부터 선을 넘는 새엄마 나오짱,2026-06-15,0.7,0.0,140,1000,1000,1,1
20260615,20253095,고객불만 처리를 위해 자신이 상품이 된 여상사,2026-06-15,1.1,0.0,91,1000,1000,1,1
20260615,20253116,부부싸움때문에 온 처형이 어느새 내 침대속으로,2026-06-15,0.5,0.0,194,1000,1000,1,1
20260615,20253099,새엄마의 입청소에 극락여행,2026-06-15,0.7,0.0,140,1000,1000,1,1
20260615,20253097,성욕몬스터 친구엄마와 속궁합 비비기,2026-06-15,0.5,0.0,194,1000,1000,1,1
20260615,20253100,아내의 엉덩이인줄 알았는데 장모님이라니,2026-06-15,0.7,0.0,140,1000,1000,1,1
20260615,20252536,여름의 비키니를 위한 오일마사지,2026-06-15,1.1,0.0,91,1000,1000,1,1
20260615,20253096,이 엉덩이는 아내가 아닌가봐,2026-06-15,0.7,0.0,140,1000,1000,1,1
20260615,20253115,전신을 떠는 오르가즘의 새엄마 미나미,2026-06-15,0.5,0.0,194,1000,1000,1,1
20260615,20252537,친구엄마는 내가 싫지 않았다는 얘기를 해주었다,2026-06-15,1.1,0.0,91,1000,1000,1,1
20260614,20263262,맘보 점보,2026-06-03,10.1,0.3,6551,6311000,72725050,660,8477
20260614,20262975,신극장판 은혼: 요시와라 대염상,2026-05-20,12.3,0.2,4975,6451370,879957420,614,79074
20260614,20261782,프로젝트 헤일메리,2026-03-18,21.8,0.1,1826,4489850,32917179900,398,2902640
20260614,20259147,케이팝 데몬 헌터스,2025-10-31,8.0,0.2,4967,4066600,470017100,396,40253
20260614,20263644,미세스 그린 애플 매지컬 10주년 기념 라이브 ~피오르드~ 온 스크린,2026-05-27,90.2,0.0,388,8750000,250400000,350,10016
20260614,20263521,카드캡터 체리 극장판,2026-05-28,10.9,0.2,3119,3814570,201822350,339,18919
20260614,20263222,극장판 호빵맨: 세균맨과 그림책의 루룬,2026-05-23,13.1,0.1,2120,2383350,290633800,278,34838
20260614,20263597,최후의 만찬,2026-06-04,38.0,0.0,716,2842800,51343600,272,5277
20260614,20259791,악마는 프라다를 입는다 2,2026-04-29,25.3,0.0,909,2813110,16163376880,230,1594856
20260614,20263253,극장판 내 마음의 위험한 녀석,2026-05-21,10.0,0.1,2261,2230270,335459300,225,29789
20260614,20242837,왕과 사는 남자,2026-02-04,9.0,0.1,2183,1612900,163074400680,196,16896219
20260614,20263941,마스터즈 오브 유니버스,2026-06-05,4.8,0.2,3760,1760300,131443490,182,15213
20260614,20247457,신의악단,2025-12-31,78.3,0.0,175,1206000,13824536730,137,1452773
20260614,20256283,호퍼스,2026-03-04,99.2,0.0,131,1170000,7540573010,130,764939
20260614,20263953,드림하이: 쇼뮤지컬 온 스테이지,2026-06-04,13.4,0.0,650,2114000,15431300,87,628
20260614,20254121,살목지,2026-04-08,6.1,0.0,1168,637000,33317051800,71,3240273
20260614,19990147,부기나이트,1999-03-20,39.8,0.0,176,713000,12230000,70,1495
20260614,20248218,반칙왕 몽키,2026-05-20,16.9,0.0,349,471000,15134400,59,1739
20260614,20227788,에반게리온 신극장판: 서,2022-10-14,28.8,0.0,170,591500,184790361,49,17959
20260614,20227798,에반게리온 신극장판: 파,2022-10-14,28.2,0.0,170,598500,198521464,48,18960
20260614,20124315,엔드 오브 에반게리온,2024-01-17,26.5,0.0,170,555500,508357976,45,49054
20260614,20135428,어바웃 타임,2013-12-05,88.0,0.0,50,440000,25364642300,44,3454757
20260614,20259058,신세기 에반게리온 극장판 사도신생,2025-10-31,15.9,0.0,170,261500,246782000,27,23531
20260614,20050148,친절한 금자씨,2005-07-29,100.0,0.0,26,279000,20502011493,26,3121579
20260614,20040695,이프 온리,2004-10-29,4.1,0.0,538,217500,7299889690,22,1068564
20260614,20228965,극장판 전생했더니 슬라임이었던 건에 대하여: 홍련의 인연편,2023-02-02,17.3,0.0,127,210000,203229317,22,19821
20260614,20227810,에반게리온 신극장판: Q,2022-10-14,10.0,0.0,170,210500,176773417,17,17020
20260614,20259246,스위트홈: 진격의 거인,2026-06-12,5.4,0.0,186,60000,693000,10,84
20260614,20246091,이인,2026-05-27,4.8,0.0,186,86000,3069000,9,329
20260614,20263327,사랑의 하츄핑 특별판,2026-05-01,10.0,0.0,70,57000,141779610,7,15261
20260614,20262906,극장판 반짝반짝 달님이: 싱어롱 파티,2026-05-01,3.5,0.0,86,42000,112864650,3,12064
20260614,20144444,아가씨,2016-06-01,6.7,0.0,30,24000,35231256891,2,4290053
20260614,20247490,누룩,2026-04-15,5.6,0.0,36,10000,51658970,2,6634
20260613,20262975,신극장판 은혼: 요시와라 대염상,2026-05-20,15.5,0.2,5062,8358350,873506050,786,78460
20260613,20242541,룩백,2024-09-05,66.9,0.0,739,6647570,3162657274,494,328976
20260613,20259147,케이팝 데몬 헌터스,2025-10-31,10.1,0.2,4873,5322950,465950500,494,39857
20260613,20263253,극장판 내 마음의 위험한 녀석,2026-05-21,13.4,0.1,2981,4278300,333229030,398,29564
20260613,20262771,현상수배,2026-06-10,4.1,0.4,9200,3146100,33561700,377,3886
20260613,20263262,맘보 점보,2026-06-03,5.6,0.3,6157,3208500,66414050,347,7817
20260613,20261782,프로젝트 헤일메리,2026-03-18,21.9,0.1,1580,3938010,32912690050,346,2902242
20260613,20259791,악마는 프라다를 입는다 2,2026-04-29,23.6,0.0,993,2853150,16160563770,234,1594626
20260613,20263222,극장판 호빵맨: 세균맨과 그림책의 루룬,2026-05-23,10.6,0.1,1919,1709500,288250450,204,34560
20260613,20263941,마스터즈 오브 유니버스,2026-06-05,5.5,0.1,3081,1668100,129683190,170,15031
20260613,20262168,아이엠 포포,2026-05-21,100.0,0.0,157,1727000,9863100,157,938
20260613,20242837,왕과 사는 남자,2026-02-04,9.5,0.1,1629,1191150,163072787780,155,16896023
20260613,20263597,최후의 만찬,2026-06-04,14.6,0.0,810,1156600,48500800,118,5005
20260613,20263953,드림하이: 쇼뮤지컬 온 스테이지,2026-06-04,15.0,0.0,652,2383000,13317300,98,541
20260613,20248218,반칙왕 몽키,2026-05-20,23.8,0.0,404,948000,14663400,96,1680
20260613,20254121,살목지,2026-04-08,7.6,0.1,1234,873500,33316414800,94,3240202
20260613,19990147,부기나이트,1999-03-20,41.7,0.0,132,615000,11517000,55,1425
20260613,20257571,2017 방탄소년단 라이브 트릴로지 에피소드 3 윙스 투어 더 파이널 리마스터링,2025-09-23,19.6,0.0,250,550000,126753620,49,5278
20260613,20227798,에반게리온 신극장판: 파,2022-10-14,28.2,0.0,170,579740,197922964,48,18912
20260613,20124315,엔드 오브 에반게리온,2024-01-17,27.7,0.0,170,604640,507802476,47,49009
20260613,20257587,2019 방탄소년단 월드 투어 '러브 유어셀프 : 스피크 유어셀프' 런던 리마스터링,2025-09-23,18.8,0.0,250,500000,125384660,47,5230
20260613,20259058,신세기 에반게리온 극장판 사도신생,2025-10-31,27.1,0.0,170,434600,246520500,46,23504
20260613,20135428,어바웃 타임,2013-12-05,82.7,0.0,52,427000,25364202300,43,3454713
20260613,20020106,복수는 나의 것,2002-03-28,100.0,0.0,40,434000,28287500,40,3372
20260613,20228965,극장판 전생했더니 슬라임이었던 건에 대하여: 홍련의 인연편,2023-02-02,26.0,0.0,127,337200,203019317,33,19799
20260613,20227788,에반게리온 신극장판: 서,2022-10-14,17.7,0.0,170,344500,184198861,30,17910
20260613,20249641,나쁜계집애: 달려라 하니,2025-10-07,90.0,0.0,30,297000,645366230,27,71225
20260613,20050148,친절한 금자씨,2005-07-29,84.6,0.0,26,241000,20501732493,22,3121553
20260613,20227810,에반게리온 신극장판: Q,2022-10-14,10.6,0.0,170,223000,176562917,18,17003
20260613,20040695,이프 온리,2004-10-29,4.8,0.0,379,208000,7299672190,18,1068542
20260613,20060045,스윙걸즈,2006-03-23,37.5,0.0,40,157000,552879100,15,80668
20260613,20263327,사랑의 하츄핑 특별판,2026-05-01,20.0,0.0,40,64000,141722610,8,15254
20260613,19910234,신경쇠약 직전의 여자,1991-06-22,14.3,0.0,42,47000,6321000,6,676
20260613,20247490,누룩,2026-04-15,2.6,0.0,114,22000,51648970,3,6632
20260613,20262906,극장판 반짝반짝 달님이: 싱어롱 파티,2026-05-01,2.4,0.0,84,20000,112822650,2,12061
20260613,20240532,짱구,2026-04-22,0.4,0.0,541,16000,4011159740,2,410998
20260612,20263597,최후의 만찬,2026-06-04,30.0,0.0,777,1755400,47344200,233,4887
20260612,20261782,프로젝트 헤일메리,2026-03-18,16.6,0.1,1382,2729270,32908752040,230,2901896
20260612,20262771,현상수배,2026-06-10,2.6,0.4,7618,1600750,30415600,199,3509
20260612,20259147,케이팝 데몬 헌터스,2025-10-31,3.7,0.3,5064,2014650,460627550,188,39363
20260612,20263162,그림자 내각,2026-06-25,100.0,0.0,188,1880000,12685000,188,1313
20260612,20259773,슈퍼 마리오 갤럭시,2026-04-29,16.5,0.0,1060,1632600,15837460750,175,1631109
20260612,20263521,카드캡터 체리 극장판,2026-05-28,4.7,0.2,3547,1940370,185335610,168,17417
20260612,20259791,악마는 프라다를 입는다 2,2026-04-29,18.3,0.0,838,1782100,16157710620,153,1594392
20260612,20263253,극장판 내 마음의 위험한 녀석,2026-05-21,8.1,0.1,1707,1600200,328950730,139,29166
20260612,20248492,와일드 로봇,2024-10-01,94.2,0.0,138,1170000,6215039545,130,685596
20260612,20263262,맘보 점보,2026-06-03,7.4,0.1,1490,632600,63205550,110,7470
20260612,20196272,미드웨이,2019-12-31,98.0,0.0,98,576000,8248271929,96,960760
20260612,20254121,살목지,2026-04-08,6.2,0.1,1189,662000,33315541300,74,3240108
20260612,20259246,스위트홈: 진격의 거인,2026-06-12,5.5,0.1,1344,633000,633000,74,74
20260612,19990147,부기나이트,1999-03-20,37.4,0.0,182,666000,10902000,68,1370
20260612,20263941,마스터즈 오브 유니버스,2026-06-05,2.3,0.1,2488,568300,128015090,56,14861
20260612,20249121,"안전제일, 놀이퀴즈 최강전",2024-04-11,38.5,0.0,130,300000,37148000,50,6183
20260612,20124315,엔드 오브 에반게리온,2024-01-17,14.2,0.0,330,567500,507197836,47,48962
20260612,20241266,휴민트,2026-02-11,47.7,0.0,86,247000,20002042860,41,1982250
20260612,20241101,호랑님의 생일날,2024-10-04,43.8,0.0,80,210000,30157000,35,4992
20260612,20241941,좀비딸,2025-07-30,25.4,0.0,118,150000,53152208990,30,5641959
20260612,20259058,신세기 에반게리온 극장판 사도신생,2025-10-31,13.5,0.0,170,242000,246085900,23,23458
20260612,20257571,2017 방탄소년단 라이브 트릴로지 에피소드 3 윙스 투어 더 파이널 리마스터링,2025-09-23,8.0,0.0,250,260000,126203620,20,5229
20260612,20257587,2019 방탄소년단 월드 투어 '러브 유어셀프 : 스피크 유어셀프' 런던 리마스터링,2025-09-23,8.0,0.0,250,260000,124884660,20,5183
20260612,20227788,에반게리온 신극장판: 서,2022-10-14,11.8,0.0,170,248870,183854361,20,17880
20260612,20263222,극장판 호빵맨: 세균맨과 그림책의 루룬,2026-05-23,6.5,0.0,310,143000,286540950,20,34356
20260612,20250840,바다 탐험대 옥토넛 어보브 앤 비욘드 : 육지생물 구조작전,2026-02-12,25.7,0.0,70,126000,325443200,18,34005
20260612,20248218,반칙왕 몽키,2026-05-20,3.8,0.0,394,137000,13715400,15,1584
20260612,20227798,에반게리온 신극장판: 파,2022-10-14,8.2,0.0,170,159000,197343224,14,18864
20260612,20263953,드림하이: 쇼뮤지컬 온 스테이지,2026-06-04,3.0,0.0,441,280000,10934300,13,443
20260612,20227810,에반게리온 신극장판: Q,2022-10-14,7.7,0.0,170,149500,176339917,13,16985
20260612,20050148,친절한 금자씨,2005-07-29,42.3,0.0,26,88000,20501491493,11,3121531
20260612,20228965,극장판 전생했더니 슬라임이었던 건에 대하여: 홍련의 인연편,2023-02-02,7.9,0.0,127,95300,202682117,10,19766
20260612,20263511,복수에 자비란 없다,2026-06-11,11.0,0.0,91,60000,699000,10,85
20260612,20264159,킬 코드,2026-06-11,6.2,0.0,161,60000,705000,10,86
20260612,20262291,뮤지컬 장수탕 선녀님,2026-03-26,1.9,0.0,367,70000,177478580,7,18448
20260612,20040695,이프 온리,2004-10-29,7.1,0.0,70,49600,7299464190,5,1068524
20260612,20262639,노멀,2026-04-17,6.0,0.0,83,30000,129683600,5,20151
20260612,20263327,사랑의 하츄핑 특별판,2026-05-01,7.5,0.0,40,25000,141658610,3,15246
20260612,20263585,금단의 밤:남편교체,2026-06-12,1.2,0.0,83,6000,6000,1,1
20260612,20263867,나쁜남자 아래 박혀버린 유부녀,2026-06-12,1.2,0.0,83,6000,6000,1,1
20260612,20263864,유부녀 안전한 날 싸지른 이웃총각,2026-06-12,1.2,0.0,83,6000,6000,1,1
20260612,20263865,절륜한 아들맛에 싸지른 새엄마,2026-06-12,1.2,0.0,83,6000,6000,1,1
20260612,20263846,채무자의 아내-합숙소에 던져진 유부녀,2026-06-12,1.2,0.0,83,6000,6000,1,1
20260611,20263512,이상한 과자 가게 전천당,2026-05-29,4.5,0.8,15874,6017950,1274408580,710,140313
20260611,20242837,왕과 사는 남자,2026-02-04,23.5,0.1,2480,4494800,163065904580,582,16895083
20260611,20262975,신극장판 은혼: 요시와라 대염상,2026-05-20,12.2,0.2,4379,5405400,859027140,536,77122
20260611,20263911,극장판 전생했더니 슬라임이었던 건에 대하여 창해의 눈물편,2026-06-10,4.9,0.5,9251,4739850,16239050,451,1652
20260611,20262771,현상수배,2026-06-10,4.5,0.5,9960,3208900,28814850,450,3310
20260611,20263253,극장판 내 마음의 위험한 녀석,2026-05-21,10.4,0.2,3091,3283200,327350530,322,29027
20260611,20259791,악마는 프라다를 입는다 2,2026-04-29,15.6,0.1,1266,2165950,16155928520,198,1594239
20260611,20261782,프로젝트 헤일메리,2026-03-18,19.5,0.0,1012,2216010,32906022770,197,2901666
20260611,20263521,카드캡터 체리 극장판,2026-05-28,6.3,0.2,3114,2074200,183395240,195,17249
20260611,20263597,최후의 만찬,2026-06-04,24.1,0.0,793,1435500,45588800,191,4654
20260611,20263845,정뱅이,2026-06-24,85.1,0.0,188,1440000,3860000,160,412
20260611,20259773,슈퍼 마리오 갤럭시,2026-04-29,20.9,0.0,628,1082100,15835828150,131,1630934
20260611,20252432,주토피아 2,2025-11-26,54.9,0.0,153,420000,82882959200,84,8611792
20260611,20245063,"희망의 발견, 알래스카에서",2026-07-04,40.0,0.0,200,800000,800000,80,80
20260611,20264159,킬 코드,2026-06-11,5.5,0.1,1379,645000,645000,76,76
20260611,20263511,복수에 자비란 없다,2026-06-11,5.3,0.1,1405,639000,639000,75,75
20260611,20254121,살목지,2026-04-08,4.8,0.1,1210,475000,33314879300,58,3240034
20260611,20226444,극장판 엄마 까투리: 도시로 간 까투리 가족,2022-09-08,82.9,0.0,70,406000,1628683999,58,176731
20260611,20020106,복수는 나의 것,2002-03-28,83.3,0.0,66,526000,27853500,55,3332
20260611,20263222,극장판 호빵맨: 세균맨과 그림책의 루룬,2026-05-23,23.7,0.0,219,467350,286397950,52,34336
20260611,19990147,부기나이트,1999-03-20,35.6,0.0,118,292000,10236000,42,1302
20260611,20241266,휴민트,2026-02-11,47.7,0.0,86,252500,20001795860,41,1982209
20260611,20124315,엔드 오브 에반게리온,2024-01-17,22.9,0.0,170,430500,506630336,39,48915
20260611,20135428,어바웃 타임,2013-12-05,46.0,0.0,50,230000,25363775300,23,3454670
20260611,20241941,좀비딸,2025-07-30,54.1,0.0,37,120000,53152058990,20,5641929
20260611,19900241,후로마부인과 두남편,1990-07-07,8.5,0.0,212,111000,111000,18,18
20260611,20263953,드림하이: 쇼뮤지컬 온 스테이지,2026-06-04,2.2,0.0,786,412300,10654300,17,430
20260611,20227798,에반게리온 신극장판: 파,2022-10-14,10.0,0.0,170,181500,197184224,17,18850
20260611,20248218,반칙왕 몽키,2026-05-20,3.5,0.0,480,122000,13578400,17,1569
20260611,20228965,극장판 전생했더니 슬라임이었던 건에 대하여: 홍련의 인연편,2023-02-02,11.8,0.0,127,152000,202586817,15,19756
20260611,20227788,에반게리온 신극장판: 서,2022-10-14,8.2,0.0,170,136500,183605491,14,17860
20260611,20227810,에반게리온 신극장판: Q,2022-10-14,5.3,0.0,170,97500,176190417,9,16972
20260611,20259058,신세기 에반게리온 극장판 사도신생,2025-10-31,3.5,0.0,170,64500,245843900,6,23435
20260611,20040695,이프 온리,2004-10-29,1.8,0.0,275,34000,7299414590,5,1068519
20260611,20247490,누룩,2026-04-15,3.9,0.0,78,21000,51626970,3,6629
20260611,19980001,미술관 옆 동물원,1998-12-19,1.9,0.0,52,10000,7865000,1,826
20260611,20263847,남편 위해 욕정 받는 유부녀,2026-06-11,1.2,0.0,83,6000,6000,1,1
20260611,20263871,변태소년,2026-06-11,1.3,0.0,77,6000,6000,1,1
20260611,20263848,스승의 떡맛,2026-06-11,1.2,0.0,83,6000,6000,1,1
20260611,20263843,여관바리 잠입취재,2026-06-11,1.2,0.0,83,6000,6000,1,1
20260611,20263862,옆집 채무녀 지리는 육체상환,2026-06-11,1.2,0.0,83,6000,6000,1,1
20260611,20263863,혼숙여관-새엄마랑 씻고 다 했어,2026-06-11,1.2,0.0,83,6000,6000,1,1
20260624,20259781,토이 스토리 5,2026-06-17,11.6,31.4,646670,714100090,11044619720,75206,1066778
20260624,20250489,슈퍼걸,2026-06-24,8.2,20.6,424087,350517560,363237560,34938,35754
20260624,20242402,눈동자,2026-06-24,11.2,15.2,312601,320060870,353585870,34938,38411
20260624,20252402,군체,2026-05-21,11.6,10.3,212001,234278960,59047349070,24627,5600627
20260624,20248252,와일드 씽,2026-06-03,11.6,8.1,166951,176013150,11182800680,19418,1153965
20260624,20258945,너만 보이는 날,2026-06-24,13.0,1.2,25585,29351800,59734800,3337,6704
20260624,20250655,디스클로저 데이,2026-06-10,11.6,0.6,12980,14702400,2701864530,1506,250840
20260624,20259626,마이클,2026-05-13,10.4,0.4,7668,7711760,17778679560,800,1616642
20260624,20242837,왕과 사는 남자,2026-02-04,32.1,0.1,2489,5727500,163119881240,800,16902574
20260624,20263845,정뱅이,2026-06-24,48.7,0.0,1099,4786000,10384000,535,1128
20260623,20259781,토이 스토리 5,2026-06-17,7.1,44.8,845280,627097930,10330519630,59813,991572
20260623,20252402,군체,2026-05-21,7.1,17.4,329118,235565980,58813070110,23250,5576000
20260623,20248252,와일드 씽,2026-06-03,7.2,13.3,250292,167352420,11006787530,17890,1134547
20260623,20250655,디스클로저 데이,2026-06-10,4.7,3.9,73154,33762550,2687162130,3424,249334
20260623,20259626,마이클,2026-05-13,5.8,1.9,36258,21471980,17770967800,2093,1615842
20260623,20258236,만달로리안과 그로구,2026-05-27,10.2,0.5,9118,11706700,2723802790,926,224755
20260623,20250489,슈퍼걸,2026-06-24,99.0,0.0,824,12720000,12720000,816,816
20260623,20242837,왕과 사는 남자,2026-02-04,15.5,0.2,2907,3378100,163114153740,451,16901774
20260623,20262771,현상수배,2026-06-10,27.5,0.0,847,1418000,56812050,233,6773
20260623,20261782,프로젝트 헤일메리,2026-03-18,18.4,0.1,1211,2740980,32940806320,223,2904648
20260622,20259781,토이 스토리 5,2026-06-17,6.9,45.4,856578,624753060,9703421700,59378,931759
20260622,20252402,군체,2026-05-21,7.6,17.7,333537,256198950,58577504130,25259,5552750
20260622,20248252,와일드 씽,2026-06-03,6.7,12.8,240812,155070570,10839435110,16114,1116657
20260622,20250655,디스클로저 데이,2026-06-10,3.7,3.8,71880,26499480,2653399580,2658,245910
20260622,20259626,마이클,2026-05-13,5.6,1.8,33769,19384680,17749495820,1875,1613749
20260622,20258236,만달로리안과 그로구,2026-05-27,7.6,0.4,8018,7255800,2712096090,610,223829
20260622,20242837,왕과 사는 남자,2026-02-04,15.5,0.2,2834,3221000,163110775640,440,16901323
20260622,20249015,납치 48시간,2026-06-17,3.7,0.3,5761,2046300,36952090,213,3375
20260622,20242402,눈동자,2026-06-24,107.0,0.0,172,1656000,31842000,184,3286
20260622,20262975,신극장판 은혼: 요시와라 대염상,2026-05-20,9.1,0.1,1616,1564800,898365790,147,80776
20260621,20259781,토이 스토리 5,2026-06-17,23.8,53.6,1206402,2945933060,9078668640,287035,872381
20260621,20252402,군체,2026-05-21,18.0,15.6,350173,652418230,58321305180,63119,5527491
20260621,20248252,와일드 씽,2026-06-03,17.7,11.5,259399,453639610,10684364540,45799,1100543
20260621,20250655,디스클로저 데이,2026-06-10,9.6,2.8,61982,60393110,2626900100,5946,243252
20260621,20259626,마이클,2026-05-13,16.1,1.2,26946,45799990,17730111140,4335,1611874
20260621,20258236,만달로리안과 그로구,2026-05-27,10.7,0.7,16181,23806260,2704840290,1738,223219
20260621,20263512,이상한 과자 가게 전천당,2026-05-29,15.9,0.2,4971,6990050,1473021990,789,162250
20260621,20263761,플레이브 아시아 투어 [대쉬: 퀀텀 리프] 앙코르 인 시네마,2026-06-03,64.7,0.0,995,14812000,765196000,644,33270
20260621,20261782,프로젝트 헤일메리,2026-03-18,31.8,0.1,1429,5746850,32936415240,455,2904291
20260621,20249015,납치 48시간,2026-06-17,6.8,0.2,5703,4009450,34905790,389,3162
20260620,20259781,토이 스토리 5,2026-06-17,26.7,53.1,1256128,3474897420,6132735580,335726,585346
20260620,20252402,군체,2026-05-21,23.2,16.0,378313,919439470,57668886950,87585,5464372
20260620,20248252,와일드 씽,2026-06-03,22.5,11.7,277571,622960600,10230724930,62542,1054744
20260620,20250655,디스클로저 데이,2026-06-10,12.2,2.7,63009,78552130,2566506990,7669,237306
20260620,20259626,마이클,2026-05-13,17.9,1.2,28126,54816810,17684311150,5030,1607539
20260620,20258236,만달로리안과 그로구,2026-05-27,14.2,0.7,16964,34181390,2681034030,2405,221481
20260620,20249015,납치 48시간,2026-06-17,18.0,0.3,7040,15975750,30896340,1267,2773
20260620,20263761,플레이브 아시아 투어 [대쉬: 퀀텀 리프] 앙코르 인 시네마,2026-06-03,83.9,0.0,997,19228000,750384000,836,32626
20260620,20263512,이상한 과자 가게 전천당,2026-05-29,15.7,0.2,4996,7080400,1466031940,782,161461
20260620,20263521,카드캡터 체리 극장판,2026-05-28,20.6,0.1,2219,5141870,211447340,457,19793
20260619,20259781,토이 스토리 5,2026-06-17,9.6,45.8,939759,973355600,2657838160,90267,249620
20260619,20252402,군체,2026-05-21,10.4,17.8,366045,408154250,56749447480,37964,5376787
20260619,20248252,와일드 씽,2026-06-03,9.2,13.4,274372,252416210,9607764330,25202,992202
20260619,20250655,디스클로저 데이,2026-06-10,5.6,3.9,80080,48420390,2487954860,4478,229637
20260619,20259626,마이클,2026-05-13,6.8,1.5,31672,23748900,17629494340,2142,1602509
20260619,20258236,만달로리안과 그로구,2026-05-27,8.9,0.6,12447,16196940,2646852640,1113,219076
20260619,20242837,왕과 사는 남자,2026-02-04,19.1,0.1,2457,3510510,163104928990,470,16900594
20260619,20249015,납치 48시간,2026-06-17,4.7,0.3,5451,2608250,14920590,256,1506
20260619,20264056,그린랜드 2: 마이그레이션,2026-07-01,106.3,0.0,192,1836000,1836000,204,204
20260619,20259791,악마는 프라다를 입는다 2,2026-04-29,26.9,0.0,751,2369100,16171812130,202,1595586
20260618,20259781,토이 스토리 5,2026-06-17,7.2,44.9,880692,663139770,1684482560,63122,159353
20260618,20252402,군체,2026-05-21,8.6,17.4,341362,296296190,56341293230,29223,5338823
20260618,20248252,와일드 씽,2026-06-03,9.1,13.1,256639,220573200,9355348120,23360,967000
20260618,20263948,에픽: 엘비스 프레슬리 콘서트,2026-07-01,97.0,0.3,5099,34629000,35511000,4947,5073
20260618,20250655,디스클로저 데이,2026-06-10,4.7,4.9,96056,45830060,2439534470,4549,225159
20260618,20259626,마이클,2026-05-13,8.7,1.6,30851,28982150,17605745440,2693,1600367
20260618,20242837,왕과 사는 남자,2026-02-04,36.1,0.2,4017,10101500,163101418480,1448,16900124
20260618,20258236,만달로리안과 그로구,2026-05-27,9.2,0.4,7107,7570600,2630655700,653,217963
20260618,20111101,고 녀석 맛나겠다,2011-07-07,100.0,0.0,437,3933000,413752500,437,60089
20260618,20249015,납치 48시간,2026-06-17,4.0,0.3,6468,2509290,12312340,261,1250
20260624,20263598,패신저,2026-06-24,3.3,0.7,13647,4505950,4505950,447,447
20260624,20258236,만달로리안과 그로구,2026-05-27,12.4,0.1,2749,3583500,2727386290,342,225097
20260624,20262771,현상수배,2026-06-10,35.6,0.0,640,1373000,58185050,228,7001
20260624,20241266,휴민트,2026-02-11,79.3,0.0,227,1800000,20004072860,180,1982476
20260624,20264569,레디 오어 낫: 죽음의 숨바꼭질,2026-07-01,100.0,0.0,166,1162000,1162000,166,166
20260624,20261782,프로젝트 헤일메리,2026-03-18,13.9,0.1,1162,1803600,32942609920,162,2904810
20260624,19770076,데미트리아스,1977-02-18,13.8,0.1,1144,321000,17873000,158,8829
20260624,20234613,더 커버넌트,2024-09-27,76.5,0.0,196,900000,467193950,150,52262
20260624,20263911,극장판 전생했더니 슬라임이었던 건에 대하여 창해의 눈물편,2026-06-10,19.7,0.0,694,1283350,63710350,137,6083
20260624,20263222,극장판 호빵맨: 세균맨과 그림책의 루룬,2026-05-23,80.5,0.0,149,799000,293176800,120,35206
20260624,20194376,탑건: 매버릭,2022-06-22,76.9,0.0,130,700000,88917993884,100,8280785
20260624,20241082,쿵쿵따 탐험대,2024-06-26,64.9,0.0,154,600000,32381000,100,5351
20260624,20137048,국제시장,2014-12-17,100.0,0.0,98,686000,110981043230,98,14269566
20260624,20263512,이상한 과자 가게 전천당,2026-05-29,77.3,0.0,119,582000,1474151990,92,162405
20260624,20259773,슈퍼 마리오 갤럭시,2026-04-29,100.0,0.0,86,430000,15885081300,86,1635932
20260624,20111101,고 녀석 맛나겠다,2011-07-07,2.0,0.2,3889,746550,414499050,77,60166
20260624,19990147,부기나이트,1999-03-20,42.4,0.0,170,504000,16215000,72,1921
20260624,20210752,뱅드림! 필름 라이브 세컨드 스테이지,2021-11-18,30.0,0.0,170,497000,356874367,51,35480
20260624,20245063,"희망의 발견, 알래스카에서",2026-07-04,92.7,0.0,55,357000,1871000,51,233
20260624,20196409,뱅드림! 필름 라이브,2019-09-26,14.7,0.0,340,516000,175349620,50,20195
20260624,19980211,라이언 일병 구하기,1998-09-12,43.5,0.0,115,350000,274167530,50,32305
20260624,20262975,신극장판 은혼: 요시와라 대염상,2026-05-20,11.9,0.0,387,487700,900575790,46,80986
20260624,20226444,극장판 엄마 까투리: 도시로 간 까투리 가족,2022-09-08,71.2,0.0,59,294000,1629334999,42,176824
20260624,20135428,어바웃 타임,2013-12-05,82.0,0.0,50,287000,25368154300,41,3455122
20260624,20124079,"광해, 왕이 된 남자",2012-09-13,100.0,0.0,40,480000,88914599969,40,12324198
20260624,20262291,뮤지컬 장수탕 선녀님,2026-03-26,41.1,0.0,90,296000,177774580,37,18485
20260624,20124315,엔드 오브 에반게리온,2024-01-17,27.4,0.0,113,395000,511603226,31,49317
20260624,20259791,악마는 프라다를 입는다 2,2026-04-29,4.1,0.0,758,336300,16180185930,31,1596281
20260624,20241941,좀비딸,2025-07-30,61.2,0.0,49,180000,53154975990,30,5642414
20260624,20263253,극장판 내 마음의 위험한 녀석,2026-05-21,11.2,0.0,170,237500,340379000,19,30234
20260624,20227810,에반게리온 신극장판: Q,2022-10-14,15.9,0.0,113,216100,178489187,18,17163
20260624,20050148,친절한 금자씨,2005-07-29,35.0,0.0,40,98000,20504395493,14,3121821
20260624,20262639,노멀,2026-04-17,3.5,0.0,396,83000,130560900,14,20257
20260624,20227788,에반게리온 신극장판: 서,2022-10-14,11.5,0.0,113,130000,186611031,13,18121
20260624,20254121,살목지,2026-04-08,1.9,0.0,537,104000,33319765170,10,3240551
20260624,20263521,카드캡터 체리 극장판,2026-05-28,5.0,0.0,201,97000,214433840,10,20074
20260624,20249015,납치 48시간,2026-06-17,4.0,0.0,225,78000,38678990,9,3555
20260624,20227798,에반게리온 신극장판: 파,2022-10-14,6.2,0.0,113,90500,201021434,7,19170
20260624,20259058,신세기 에반게리온 극장판 사도신생,2025-10-31,6.2,0.0,113,66000,247707500,7,23612
20260624,20247490,누룩,2026-04-15,7.7,0.0,78,42000,52322970,6,6755
20260624,20020106,복수는 나의 것,2002-03-28,23.1,0.0,26,42000,30404500,6,3596
20260624,20262386,B급 아내 대신 SS급 불륜녀,2026-06-24,0.7,0.0,146,6000,6000,1,1
20260624,20264344,그녀들 : 완벽한 서비스,2026-06-24,0.7,0.0,146,6000,6000,1,1
20260624,20262371,시아버지가 남편대신 정자를 주셨습니다,2026-06-24,0.7,0.0,146,6000,6000,1,1
20260624,20262802,유부녀의 은밀한 살색의 내조,2026-06-24,0.7,0.0,146,6000,6000,1,1
20260624,20263162,그림자 내각,2026-06-25,1.1,0.0,89,5000,14380000,1,1483
20260624,20144321,라보엠,2014-12-20,0.0,0.0,413,0,76771000,0,5013
20260624,19920327,바톤 핑크,1992-10-31,0.0,0.0,77,0,6765000,0,702
20260623,20264027,극장판 도라에몽: 신 진구의 해저비밀성,2026-07-01,100.0,0.0,220,1540000,1540000,220,220
20260623,19770076,데미트리아스,1977-02-18,16.7,0.1,1144,382000,17552000,191,8671
20260623,20242402,눈동자,2026-06-24,100.0,0.0,187,1683000,33525000,187,3473
20260623,20249015,납치 48시간,2026-06-17,3.2,0.3,5299,1648900,38600990,171,3546
20260623,20262975,신극장판 은혼: 요시와라 대염상,2026-05-20,9.8,0.1,1678,1722300,900088090,164,80940
20260623,20241941,좀비딸,2025-07-30,46.1,0.0,306,821000,53154795990,141,5642384
20260623,20263911,극장판 전생했더니 슬라임이었던 건에 대하여 창해의 눈물편,2026-06-10,3.0,0.2,4373,1424350,62427000,131,5946
20260623,20259791,악마는 프라다를 입는다 2,2026-04-29,10.5,0.1,1234,1566500,16179849630,129,1596250
20260623,20263597,최후의 만찬,2026-06-04,32.3,0.0,400,1068500,58395620,129,6041
20260623,20247490,누룩,2026-04-15,29.7,0.0,290,439000,52280970,86,6749
20260623,20250586,주희에게,2026-04-15,100.0,0.0,80,800000,30737900,80,3405
20260623,20210752,뱅드림! 필름 라이브 세컨드 스테이지,2021-11-18,15.6,0.0,340,639900,356377367,53,35429
20260623,20263521,카드캡터 체리 극장판,2026-05-28,5.1,0.0,1037,592300,214336840,53,20064
20260623,20245063,"희망의 발견, 알래스카에서",2026-07-04,92.7,0.0,55,357000,1514000,51,182
20260623,20196409,뱅드림! 필름 라이브,2019-09-26,13.8,0.0,340,598500,174833620,47,20145
20260623,19990147,부기나이트,1999-03-20,36.4,0.0,110,400000,15711000,40,1849
20260623,20135428,어바웃 타임,2013-12-05,76.9,0.0,52,400000,25367867300,40,3455081
20260623,20254121,살목지,2026-04-08,4.4,0.0,900,387500,33319661170,40,3240541
20260623,20263512,이상한 과자 가게 전천당,2026-05-29,5.4,0.0,680,323000,1473569990,37,162313
20260623,20263327,사랑의 하츄핑 특별판,2026-05-01,58.6,0.0,58,170000,142097610,34,15315
20260623,20124315,엔드 오브 에반게리온,2024-01-17,27.4,0.0,113,365500,511208226,31,49286
20260623,20263262,맘보 점보,2026-06-03,15.7,0.0,166,133000,77032450,26,9020
20260623,20020106,복수는 나의 것,2002-03-28,96.2,0.0,26,236000,30362500,25,3590
20260623,20227798,에반게리온 신극장판: 파,2022-10-14,16.8,0.0,113,222500,200930934,19,19163
20260623,20248218,반칙왕 몽키,2026-05-20,1.5,0.1,1248,143000,17369400,19,2028
20260623,20227810,에반게리온 신극장판: Q,2022-10-14,12.4,0.0,113,174000,178273087,14,17145
20260623,20050148,친절한 금자씨,2005-07-29,32.5,0.0,40,123000,20504297493,13,3121807
20260623,20263253,극장판 내 마음의 위험한 녀석,2026-05-21,10.6,0.0,113,120000,340141500,12,30215
20260623,20262639,노멀,2026-04-17,3.2,0.0,371,69000,130477900,12,20243
20260623,20227788,에반게리온 신극장판: 서,2022-10-14,9.7,0.0,113,110000,186481031,11,18108
20260623,20259058,신세기 에반게리온 극장판 사도신생,2025-10-31,6.2,0.0,113,79500,247641500,7,23605
20260623,20263941,마스터즈 오브 유니버스,2026-06-05,8.1,0.0,87,49000,133264730,7,15409
20260623,20040695,이프 온리,2004-10-29,8.6,0.0,35,30800,7300508090,3,1068636
20260623,20263222,극장판 호빵맨: 세균맨과 그림책의 루룬,2026-05-23,1.5,0.0,134,16000,292377800,2,35086
20260623,20241068,달콤한 이웃집 메구짱,2026-06-23,3.2,0.0,31,6000,6000,1,1
20260623,20240297,막힌 곳 풀어주는 절정 마사지사,2026-06-23,1.3,0.0,77,6000,6000,1,1
20260623,20240895,편의점 털다 털려버린 가랑이,2026-06-23,1.3,0.0,77,6000,6000,1,1
20260623,20264230,긴급판매 현역 가수 20살,2026-06-23,1.1,0.0,91,1000,1000,1,1
20260623,20264243,의료계 여대생과 주차장섹스,2026-06-23,1.1,0.0,91,1000,1000,1,1
20260623,20264386,정통파 미인의 완전 첫촬영,2026-06-23,0.5,0.0,194,1000,1000,1,1
20260623,20264388,초명문 현역여대생 첫 촬영,2026-06-23,0.5,0.0,194,1000,1000,1,1
20260623,20259641,송 썽 블루,2026-01-14,0.0,0.0,52,0,114664500,0,14926
20260622,20259791,악마는 프라다를 입는다 2,2026-04-29,12.5,0.1,1148,1664600,16178283130,144,1596121
20260622,20261782,프로젝트 헤일메리,2026-03-18,8.9,0.1,1510,1650100,32938065340,134,2904425
20260622,20263911,극장판 전생했더니 슬라임이었던 건에 대하여 창해의 눈물편,2026-06-10,2.9,0.2,4483,1342750,61002650,130,5815
20260622,20210752,뱅드림! 필름 라이브 세컨드 스테이지,2021-11-18,32.7,0.0,340,1314000,355737467,111,35376
20260622,20263521,카드캡터 체리 극장판,2026-05-28,9.3,0.1,1192,1210100,213744540,111,20011
20260622,20196409,뱅드림! 필름 라이브,2019-09-26,16.1,0.0,510,950000,174235120,82,20098
20260622,20263222,극장판 호빵맨: 세균맨과 그림책의 루룬,2026-05-23,24.5,0.0,290,517000,292361800,71,35084
20260622,20020106,복수는 나의 것,2002-03-28,85.0,0.0,40,328000,30126500,34,3565
20260622,20124315,엔드 오브 에반게리온,2024-01-17,29.2,0.0,113,409500,510842726,33,49255
20260622,20135428,어바웃 타임,2013-12-05,60.0,0.0,50,300000,25367467300,30,3455041
20260622,19990147,부기나이트,1999-03-20,25.9,0.0,108,278000,15311000,28,1809
20260622,20263512,이상한 과자 가게 전천당,2026-05-29,2.7,0.0,948,225000,1473246990,26,162276
20260622,20263253,극장판 내 마음의 위험한 녀석,2026-05-21,11.2,0.0,187,257500,340021500,21,30203
20260622,20254121,살목지,2026-04-08,2.1,0.0,951,180000,33319273670,20,3240501
20260622,20263262,맘보 점보,2026-06-03,31.0,0.0,58,90000,76899450,18,8994
20260622,20241575,메소드연기,2026-03-18,3.8,0.0,424,110000,581518130,16,62880
20260622,20259058,신세기 에반게리온 극장판 사도신생,2025-10-31,13.3,0.0,113,187000,247562000,15,23598
20260622,20050148,친절한 금자씨,2005-07-29,42.3,0.0,26,106000,20504174493,11,3121794
20260622,20262639,노멀,2026-04-17,7.6,0.0,131,50000,130408900,10,20231
20260622,20227788,에반게리온 신극장판: 서,2022-10-14,8.0,0.0,113,93000,186371031,9,18097
20260622,20262771,현상수배,2026-06-10,3.4,0.0,262,56000,55394050,9,6540
20260622,20227798,에반게리온 신극장판: 파,2022-10-14,6.2,0.0,113,82000,200708434,7,19144
20260622,20227810,에반게리온 신극장판: Q,2022-10-14,4.4,0.0,113,50000,178099087,5,17131
20260622,20263597,최후의 만찬,2026-06-04,1.7,0.0,293,45500,57327120,5,5912
20260622,20264159,킬 코드,2026-06-11,5.4,0.0,92,30000,795000,5,101
20260622,20259773,슈퍼 마리오 갤럭시,2026-04-29,1.2,0.0,84,11000,15884651300,1,1635846
20260622,20240275,구석구석 뚫어 주는 심부름센터 직원,2026-06-22,3.2,0.0,31,6000,6000,1,1
20260622,20246656,마사지사의 가랑이 탐내는 유부녀,2026-06-22,1.3,0.0,77,6000,6000,1,1
20260622,20240139,새엄마의 음탕한 향기,2026-06-22,3.2,0.0,31,6000,6000,1,1
20260622,20246384,섹스 맥스! 쾌락 절정 마사지숍 취재일기,2026-06-22,1.3,0.0,77,6000,6000,1,1
20260622,20240140,승진을 불러오는 아내의 가랑이,2026-06-22,3.2,0.0,31,6000,6000,1,1
20260622,20256134,엄마보다 제가 잘해요!! 무삭제,2026-06-22,0.7,0.0,146,6000,6000,1,1
20260622,20241941,좀비딸,2025-07-30,1.2,0.0,85,5000,53153974990,1,5642243
20260622,20264198,상사가 매만지는 육덕녀,2026-06-22,0.7,0.0,140,1000,1000,1,1
20260622,20264196,섹스로 시아버지 구한 며느리,2026-06-22,0.7,0.0,140,1000,1000,1,1
20260622,20264192,시아버지와 임신한 아내,2026-06-22,0.5,0.0,194,1000,1000,1,1
20260622,20264206,시아버지의 참교육 며느리,2026-06-22,1.1,0.0,91,1000,1000,1,1
20260622,20264208,집주인의 욕정 도구가 된 아내,2026-06-22,0.5,0.0,194,1000,1000,1,1
20260622,20264207,참지 못하는 옆집 욕정녀,2026-06-22,0.5,0.0,194,1000,1000,1,1
20260622,20264205,초미유방 호스티스 눈물섹스,2026-06-22,1.1,0.0,91,1000,1000,1,1
20260622,20264197,취해서 절정가는 야릇한 섹녀,2026-06-22,0.7,0.0,140,1000,1000,1,1
20260621,20263911,극장판 전생했더니 슬라임이었던 건에 대하여 창해의 눈물편,2026-06-10,8.1,0.2,3892,3183800,59659900,315,5685
20260621,20262975,신극장판 은혼: 요시와라 대염상,2026-05-20,16.4,0.1,1783,3322640,896800990,292,80629
20260621,20259773,슈퍼 마리오 갤럭시,2026-04-29,22.5,0.0,812,1821400,15884640300,183,1635845
20260621,20138661,케이온,2013-06-13,88.2,0.0,187,1882400,446504881,165,45383
20260621,20242837,왕과 사는 남자,2026-02-04,6.6,0.1,2280,1367100,163107554640,151,16900883
20260621,20259791,악마는 프라다를 입는다 2,2026-04-29,21.5,0.0,571,1433000,16176618530,123,1595977
20260621,20263521,카드캡터 체리 극장판,2026-05-28,9.7,0.0,1103,1087100,212534440,107,19900
20260621,20263597,최후의 만찬,2026-06-04,15.7,0.0,599,1144850,57281620,94,5907
20260621,20262771,현상수배,2026-06-10,10.2,0.0,841,625000,55338050,86,6531
20260621,20263222,극장판 호빵맨: 세균맨과 그림책의 루룬,2026-05-23,14.0,0.0,478,506000,291844800,67,35013
20260621,20254275,킹 오브 킹스,2025-07-16,97.0,0.0,67,390000,12433943626,65,1318843
20260621,20227798,에반게리온 신극장판: 파,2022-10-14,49.6,0.0,113,681170,200626434,56,19137
20260621,20263262,맘보 점보,2026-06-03,4.6,0.0,1211,518500,76809450,56,8976
20260621,20254121,살목지,2026-04-08,5.2,0.0,1014,531500,33319093670,53,3240481
20260621,19990147,부기나이트,1999-03-20,56.5,0.0,92,533000,15033000,52,1781
20260621,20246777,더 폴: 디렉터스 컷,2024-12-25,48.9,0.0,92,450000,1968526400,45,190505
20260621,20227788,에반게리온 신극장판: 서,2022-10-14,36.3,0.0,113,480370,186278031,41,18088
20260621,20135428,어바웃 타임,2013-12-05,82.0,0.0,50,407000,25367167300,41,3455011
20260621,20124315,엔드 오브 에반게리온,2024-01-17,29.2,0.0,113,402000,510433226,33,49222
20260621,20258709,좀비 랜드 사가: 유메긴가 파라다이스,2026-03-04,100.0,0.0,30,330000,114832840,30,9881
20260621,20227810,에반게리온 신극장판: Q,2022-10-14,23.0,0.0,113,317800,178049087,26,17126
20260621,20050148,친절한 금자씨,2005-07-29,100.0,0.0,26,280000,20504068493,26,3121783
20260621,20263253,극장판 내 마음의 위험한 녀석,2026-05-21,9.9,0.0,232,280600,339764000,23,30182
20260621,20020106,복수는 나의 것,2002-03-28,47.5,0.0,40,152000,29798500,19,3531
20260621,20247490,누룩,2026-04-15,41.7,0.0,36,100000,51841970,15,6663
20260621,20246091,이인,2026-05-27,7.0,0.0,186,130000,3199000,13,342
20260621,20262639,노멀,2026-04-17,2.1,0.0,525,99300,130358900,11,20221
20260621,20081003,박쥐,2009-04-30,30.0,0.0,30,108000,14891030000,9,2211151
20260621,20259058,신세기 에반게리온 극장판 사도신생,2025-10-31,4.4,0.0,113,50000,247375000,5,23583
20260621,20264123,그 사람이 사라졌다,2026-06-18,1.9,0.0,105,66000,831000,2,80
20260621,20248218,반칙왕 몽키,2026-05-20,3.5,0.0,58,20000,17226400,2,2009
20260621,20263327,사랑의 하츄핑 특별판,2026-05-01,5.0,0.0,40,16000,141927610,2,15281
20260621,20040695,이프 온리,2004-10-29,1.2,0.0,167,16000,7300477290,2,1068633
20260621,20263941,마스터즈 오브 유니버스,2026-06-05,2.1,0.0,48,12000,133215730,1,15402
20260621,20246208,마사지사 아찔한 손길에 녹아버린 유부녀,2026-06-21,3.2,0.0,31,6000,6000,1,1
20260621,20246096,새끈한 여상사의 남사원 공략법,2026-06-21,3.2,0.0,31,6000,6000,1,1
20260621,20246402,유부녀의 욕정 터트린 마사지사,2026-06-21,3.2,0.0,31,6000,6000,1,1
20260621,20245773,이미 맛본 가랑이 다시 찾아온 변태 상사,2026-06-21,1.3,0.0,77,6000,6000,1,1
20260621,20245745,출장 중 변태 상사의 덫에 걸린 유부녀,2026-06-21,1.3,0.0,77,6000,6000,1,1
20260620,20261782,프로젝트 헤일메리,2026-03-18,26.9,0.1,1314,4203800,32930668390,353,2903836
20260620,20262975,신극장판 은혼: 요시와라 대염상,2026-05-20,19.8,0.1,1770,3934500,893478350,350,80337
20260620,20263911,극장판 전생했더니 슬라임이었던 건에 대하여 창해의 눈물편,2026-06-10,8.2,0.2,3506,3055650,56476100,286,5370
20260620,20259791,악마는 프라다를 입는다 2,2026-04-29,40.5,0.0,661,3373400,16175185530,268,1595854
20260620,20138661,케이온,2013-06-13,83.1,0.0,320,2892600,444622481,266,45218
20260620,20263597,최후의 만찬,2026-06-04,34.9,0.0,579,1699600,56136770,202,5813
20260620,20263162,그림자 내각,2026-06-25,100.0,0.0,169,1690000,14375000,169,1482
20260620,20242837,왕과 사는 남자,2026-02-04,5.9,0.1,2351,1258550,163106187540,138,16900732
20260620,20248218,반칙왕 몽키,2026-05-20,29.6,0.0,439,1097000,17206400,130,2007
20260620,20259773,슈퍼 마리오 갤럭시,2026-04-29,16.5,0.0,698,1166150,15882818900,115,1635662
20260620,20262771,현상수배,2026-06-10,12.4,0.0,847,812000,54713050,105,6445
20260620,20250586,주희에게,2026-04-15,100.0,0.0,77,1001000,29937900,77,3325
20260620,20259869,국가초기화,2026-06-26,100.0,0.0,60,720000,1610000,60,149
20260620,20050148,친절한 금자씨,2005-07-29,81.8,0.0,66,576000,20503788493,54,3121757
20260620,20245063,"희망의 발견, 알래스카에서",2026-07-04,92.7,0.0,55,357000,1157000,51,131
20260620,20263262,맘보 점보,2026-06-03,5.9,0.0,760,480900,76290950,45,8920
20260620,20254121,살목지,2026-04-08,3.7,0.0,1040,411000,33318562170,38,3240428
20260620,20135428,어바웃 타임,2013-12-05,71.2,0.0,52,370000,25366760300,37,3454970
20260620,20227798,에반게리온 신극장판: 파,2022-10-14,20.6,0.0,170,426300,199945264,35,19081
20260620,19990147,부기나이트,1999-03-20,46.1,0.0,76,367000,14500000,35,1729
20260620,20241696,극장판 프리큐어 올스타즈 F,2024-07-31,100.0,0.0,30,330000,62944346,30,6037
20260620,20227788,에반게리온 신극장판: 서,2022-10-14,15.9,0.0,170,277800,185797661,27,18047
20260620,20227810,에반게리온 신극장판: Q,2022-10-14,15.3,0.0,170,314370,177731287,26,17100
20260620,20263222,극장판 호빵맨: 세균맨과 그림책의 루룬,2026-05-23,2.2,0.0,1003,168000,291338800,22,34946
20260620,20124315,엔드 오브 에반게리온,2024-01-17,9.4,0.0,170,203000,510031226,16,49189
20260620,20263253,극장판 내 마음의 위험한 녀석,2026-05-21,9.1,0.0,175,163000,339483400,16,30159
20260620,20259058,신세기 에반게리온 극장판 사도신생,2025-10-31,8.8,0.0,170,202000,247325000,15,23578
20260620,20144444,아가씨,2016-06-01,50.0,0.0,30,180000,35231436891,15,4290068
20260620,20262639,노멀,2026-04-17,1.8,0.0,668,117000,130259600,12,20210
20260620,20263941,마스터즈 오브 유니버스,2026-06-05,5.9,0.0,135,71000,133203730,8,15401
20260620,20263327,사랑의 하츄핑 특별판,2026-05-01,17.5,0.0,40,55000,141911610,7,15279
20260620,20264123,그 사람이 사라졌다,2026-06-18,1.9,0.0,105,66000,765000,2,78
20260620,20263474,30일간 24시간 밀착 병시중 섹스,2026-06-20,3.2,0.0,31,6000,6000,1,1
20260620,20245004,남친보다 속궁합 잘 맞는 직장 상사,2026-06-20,3.2,0.0,31,6000,6000,1,1
20260620,20263457,남편의 24시간 독점 아내의 철벽 수비,2026-06-20,3.2,0.0,31,6000,6000,1,1
20260620,20263475,모니터 찢고 나온 여신 실시간 섹스 임무,2026-06-20,3.2,0.0,31,6000,6000,1,1
20260620,20262896,물장사하던 버릇 못 버린 유부녀,2026-06-20,1.3,0.0,77,6000,6000,1,1
20260620,20262898,배송 아르바이트 중 불륜 유부녀,2026-06-20,1.3,0.0,77,6000,6000,1,1
20260620,20263476,부하직원에게 빨리는 처절한 사무실 생활,2026-06-20,3.2,0.0,31,6000,6000,1,1
20260620,20263456,상공 3만 피트 기내 봉사 굶주린 승무원,2026-06-20,1.3,0.0,77,6000,6000,1,1
20260620,20263458,아내 배부른 사이 절친 배에 싼다,2026-06-20,3.2,0.0,31,6000,6000,1,1
20260620,20262901,아버지 간호하는 돌보미 맛,2026-06-20,1.3,0.0,77,6000,6000,1,1
20260620,20244911,온천 여관방에서 유부녀 상사와 뜨밤,2026-06-20,3.2,0.0,31,6000,6000,1,1
20260620,20244169,유부녀 상사 몸으로 달래주기,2026-06-20,3.2,0.0,31,6000,6000,1,1
20260620,20243706,직장 상사 아랫도리 후리기,2026-06-20,1.3,0.0,77,6000,6000,1,1
20260620,20262897,콘돔 없이 속궁합 맞춰보는 불륜 연상녀,2026-06-20,1.3,0.0,77,6000,6000,1,1
20260620,20243806,터져버린 장모님의 욕정,2026-06-20,1.3,0.0,77,6000,6000,1,1
20260619,20247457,신의악단,2025-12-31,100.0,0.0,193,1930000,13826466730,193,1452966
20260619,20263911,극장판 전생했더니 슬라임이었던 건에 대하여 창해의 눈물편,2026-06-10,4.2,0.2,3529,1657750,53420450,149,5084
20260619,20262975,신극장판 은혼: 요시와라 대염상,2026-05-20,9.3,0.1,1437,1492440,889543850,133,79987
20260619,20262771,현상수배,2026-06-10,12.2,0.0,1082,932000,53901050,132,6340
20260619,20261782,프로젝트 헤일메리,2026-03-18,11.7,0.0,1118,1441900,32926464590,131,2903483
20260619,20263512,이상한 과자 가게 전천당,2026-05-29,5.5,0.1,2223,983550,1458951540,123,160679
20260619,20154661,형,2016-11-23,84.0,0.0,119,1000000,23134206693,100,2982614
20260619,20225637,뿌까의 짜장면파티,2022-07-04,81.4,0.0,97,649000,261229500,79,43328
20260619,20259773,슈퍼 마리오 갤럭시,2026-04-29,60.3,0.0,116,350000,15881652750,70,1635547
20260619,20020106,복수는 나의 것,2002-03-28,78.8,0.0,66,546000,29646500,52,3512
20260619,20226444,극장판 엄마 까투리: 도시로 간 까투리 가족,2022-09-08,32.3,0.0,158,357000,1629040999,51,176782
20260619,20232639,극장판 슈퍼윙스: 맥시멈 스피드,2023-07-20,42.1,0.0,114,336000,1200812958,48,137229
20260619,20060045,스윙걸즈,2006-03-23,42.7,0.0,110,470000,553483100,47,80729
20260619,20263597,최후의 만찬,2026-06-04,29.3,0.0,150,465000,54437170,44,5611
20260619,20263521,카드캡터 체리 극장판,2026-05-28,3.5,0.1,1186,502850,206305470,42,19336
20260619,20241941,좀비딸,2025-07-30,48.8,0.0,82,240000,53153969990,40,5642242
20260619,20050148,친절한 금자씨,2005-07-29,85.0,0.0,40,358000,20503212493,34,3121703
20260619,19990147,부기나이트,1999-03-20,42.3,0.0,78,295000,14133000,33,1694
20260619,20227798,에반게리온 신극장판: 파,2022-10-14,18.2,0.0,170,381500,199518964,31,19046
20260619,20040695,이프 온리,2004-10-29,100.0,0.0,30,210000,7300461290,30,1068631
20260619,20135428,어바웃 타임,2013-12-05,55.8,0.0,52,290000,25366390300,29,3454933
20260619,20227788,에반게리온 신극장판: 서,2022-10-14,15.3,0.0,170,339500,185519861,26,18020
20260619,20254121,살목지,2026-04-08,3.2,0.0,803,264500,33318151170,26,3240390
20260619,20227810,에반게리온 신극장판: Q,2022-10-14,13.5,0.0,170,288000,177416917,23,17074
20260619,20124315,엔드 오브 에반게리온,2024-01-17,12.4,0.0,170,266250,509828226,21,49173
20260619,20264327,성욕 폭발 봇물 터진 육덕 미녀,2026-06-19,18.9,0.0,106,100000,100000,20,20
20260619,20264326,쫀득하게 조여주는 여 과장,2026-06-19,24.1,0.0,83,100000,100000,20,20
20260619,20263253,극장판 내 마음의 위험한 녀석,2026-05-21,10.2,0.0,186,248000,339320400,19,30143
20260619,20263222,극장판 호빵맨: 세균맨과 그림책의 루룬,2026-05-23,20.0,0.0,70,98000,291170800,14,34924
20260619,20264306,킬러 대 킬러 대 킬러,2026-06-18,5.7,0.0,177,60000,687000,10,83
20260619,20247490,누룩,2026-04-15,19.4,0.0,36,38000,51741970,7,6648
20260619,20259058,신세기 에반게리온 극장판 사도신생,2025-10-31,3.5,0.0,170,63000,247123000,6,23563
20260619,20262639,노멀,2026-04-17,7.3,0.0,82,46000,130142600,6,20198
20260619,20263262,맘보 점보,2026-06-03,0.7,0.0,617,44000,75810050,4,8875
20260619,20264123,그 사람이 사라졌다,2026-06-18,1.9,0.0,105,66000,699000,2,76
20260619,20248218,반칙왕 몽키,2026-05-20,0.8,0.0,255,18000,16109400,2,1877
20260619,20263941,마스터즈 오브 유니버스,2026-06-05,2.3,0.0,87,14000,133132730,2,15393
20260619,20242743,거래처 사장에게 뜨밤 당하는 유부녀 직원,2026-06-19,1.3,0.0,77,6000,6000,1,1
20260619,20262403,여자 : 지루한 섹스는 싫어,2026-06-19,0.7,0.0,146,6000,6000,1,1
20260619,20242798,외간 남자 아랫도리 마사지해 주는 아내,2026-06-19,1.3,0.0,77,6000,6000,1,1
20260619,20243700,유부녀 마사지사의 유혹,2026-06-19,3.2,0.0,31,6000,6000,1,1
20260619,20242734,출장 마사지사 달콤한 손놀림에 느껴버린 유부녀,2026-06-19,3.2,0.0,31,6000,6000,1,1
20260619,20243311,출장 중 나를 미치게 한 상사의 맛,2026-06-19,3.2,0.0,31,6000,6000,1,1
20260619,20264133,남편이 입원중 임신한 아내,2026-06-19,1.1,0.0,91,1000,1000,1,1
20260619,20264134,도서관사서 신급몸매 첫촬영,2026-06-19,0.7,0.0,140,1000,1000,1,1
20260619,20264135,명문가출신 여대생 첫촬영,2026-06-19,0.7,0.0,140,1000,1000,1,1
20260619,20263526,미친 전율의 새엄마,2026-06-19,1.1,0.0,91,1000,1000,1,1
20260619,20263525,아내 친구의 설교에 욱한 남편,2026-06-19,1.1,0.0,91,1000,1000,1,1
20260619,20264157,완전노출 20살 여대생 첫촬영,2026-06-19,0.5,0.0,194,1000,1000,1,1
20260619,20264156,초미인 귀신공격 지명감사요,2026-06-19,0.5,0.0,194,1000,1000,1,1
20260619,20264158,초절 미형 간호학생 카섹스,2026-06-19,0.5,0.0,194,1000,1000,1,1
20260619,20264136,카미스타일 랭킹 최고신혼녀,2026-06-19,0.7,0.0,140,1000,1000,1,1
20260618,20196272,미드웨이,2019-12-31,75.7,0.0,337,1530000,8250671929,255,961160
20260618,20261782,프로젝트 헤일메리,2026-03-18,15.5,0.1,1404,2396150,32925022690,218,2903352
20260618,20263911,극장판 전생했더니 슬라임이었던 건에 대하여 창해의 눈물편,2026-06-10,4.1,0.2,4342,1717600,51762700,176,4935
20260618,20250586,주희에게,2026-04-15,89.4,0.0,179,1440000,28936900,160,3248
20260618,20262771,현상수배,2026-06-10,14.2,0.0,1015,1140000,52969050,144,6208
20260618,20259791,악마는 프라다를 입는다 2,2026-04-29,19.9,0.0,582,1416300,16169443030,116,1595384
20260618,20262975,신극장판 은혼: 요시와라 대염상,2026-05-20,9.3,0.1,1225,1223700,888051410,114,79854
20260618,20263845,정뱅이,2026-06-24,100.0,0.0,109,1090000,5598000,109,593
20260618,20126091,관상,2013-09-11,60.6,0.0,165,600000,66010061500,100,9135813
20260618,20134798,연평해전,2015-06-24,96.4,0.0,83,480000,45575850830,80,6046219
20260618,20263262,맘보 점보,2026-06-03,63.5,0.0,126,451000,75766050,80,8871
20260618,20264123,그 사람이 사라졌다,2026-06-18,5.8,0.1,1285,633000,633000,74,74
20260618,20264306,킬러 대 킬러 대 킬러,2026-06-18,4.9,0.1,1483,627000,627000,73,73
20260618,19990147,부기나이트,1999-03-20,46.6,0.0,148,677000,13838000,69,1661
20260618,20241941,좀비딸,2025-07-30,78.4,0.0,88,453000,53153729990,69,5642202
20260618,20030371,태극기 휘날리며,2004-02-05,72.3,0.0,83,360000,15886713200,60,2571249
20260618,20250188,하트맨,2026-01-14,100.0,0.0,58,348000,2306422270,58,248014
20260618,20263512,이상한 과자 가게 전천당,2026-05-29,3.2,0.1,1674,443200,1457967990,54,160556
20260618,20263521,카드캡터 체리 극장판,2026-05-28,4.6,0.0,827,419500,205802620,38,19294
20260618,20124315,엔드 오브 에반게리온,2024-01-17,20.0,0.0,170,411500,509561976,34,49152
20260618,20135428,어바웃 타임,2013-12-05,68.0,0.0,50,337000,25366100300,34,3454904
20260618,20262639,노멀,2026-04-17,1.1,0.2,2905,343000,130096600,31,20192
20260618,20020106,복수는 나의 것,2002-03-28,72.5,0.0,40,278000,29100500,29,3460
20260618,20254121,살목지,2026-04-08,4.5,0.0,597,270000,33317886670,27,3240364
20260618,20263253,극장판 내 마음의 위험한 녀석,2026-05-21,18.6,0.0,113,225500,339072400,21,30124
20260618,20264325,못생긴 찐따에게 삽입당한 아줌마,2026-06-18,18.9,0.0,106,100000,100000,20,20
20260618,20264346,엉덩이 큰 아줌마의 섹스라이팅,2026-06-18,24.1,0.0,83,100000,100000,20,20
20260618,20263327,사랑의 하츄핑 특별판,2026-05-01,27.5,0.0,40,77000,141856610,11,15272
20260618,20050148,친절한 금자씨,2005-07-29,25.0,0.0,40,70000,20502854493,10,3121669
20260618,20263941,마스터즈 오브 유니버스,2026-06-05,3.5,0.0,229,63000,133118730,8,15391
20260618,20227788,에반게리온 신극장판: 서,2022-10-14,4.1,0.0,170,78500,185180361,7,17994
20260618,20227798,에반게리온 신극장판: 파,2022-10-14,2.9,0.0,170,60500,199137464,5,19015
20260618,20259773,슈퍼 마리오 갤럭시,2026-04-29,6.0,0.0,84,53000,15881302750,5,1635477
20260618,20259058,신세기 에반게리온 극장판 사도신생,2025-10-31,2.9,0.0,170,50000,247060000,5,23557
20260618,20040695,이프 온리,2004-10-29,14.3,0.0,35,47600,7300251290,5,1068601
20260618,20227810,에반게리온 신극장판: Q,2022-10-14,2.4,0.0,170,46000,177128917,4,17051
20260618,20263597,최후의 만찬,2026-06-04,3.1,0.0,96,23100,53972170,3,5567
20260618,20256397,원 배틀 애프터 어나더,2025-10-01,2.4,0.0,85,16000,5831104420,2,547803
20260618,20248218,반칙왕 몽키,2026-05-20,1.5,0.0,138,12000,16091400,2,1875
20260618,19970157,로스트 하이웨이,1997-05-10,3.1,0.0,32,10000,44320022,1,4733
20260618,19980001,미술관 옆 동물원,1998-12-19,0.0,0.0,52,0,7895000,0,829
20260701,20242402,눈동자,2026-06-24,13.9,18.2,352514,484253960,4352491210,49098,432135
20260701,20259781,토이 스토리 5,2026-06-17,8.2,27.8,536650,432151920,17961720150,44064,1744094
20260701,20252402,군체,2026-05-21,7.7,9.4,181892,141312050,60665236990,13988,5758210
20260701,20264056,그린랜드 2: 마이그레이션,2026-07-01,8.7,4.9,94263,75379040,80077390,8165,8583
20260701,20248252,와일드 씽,2026-06-03,6.8,5.9,114216,71287470,12214966880,7779,1261383
20260701,20264027,극장판 도라에몽: 신 진구의 해저비밀성,2026-07-01,10.0,3.4,66273,55607700,66426700,6619,7521
20260701,20264427,극장판 암살교실 모두의 시간,2026-07-01,18.4,1.4,26317,51645800,51645800,4845,4845
20260701,20250489,슈퍼걸,2026-06-24,3.4,4.8,93106,30544140,1312953890,3183,127386
20260701,20264569,레디 오어 낫: 죽음의 숨바꼭질,2026-07-01,7.1,2.0,38269,21663400,22825400,2718,2884
20260701,20263948,에픽: 엘비스 프레슬리 콘서트,2026-07-01,3.2,1.4,27264,10661000,80598000,880,10871
20260630,20259781,토이 스토리 5,2026-06-17,6.4,34.4,652933,422576670,17529568230,42008,1700030
20260630,20242402,눈동자,2026-06-24,11.5,18.0,341753,396451100,3868237250,39317,383037
20260630,20252402,군체,2026-05-21,7.6,11.0,207939,152933800,60523924940,15821,5744222
20260630,20248252,와일드 씽,2026-06-03,6.1,8.7,165259,93477950,12143679410,10151,1253604
20260630,20250489,슈퍼걸,2026-06-24,2.7,12.1,229040,57685420,1282409750,6075,124203
20260630,20258945,너만 보이는 날,2026-06-24,6.7,1.1,20263,10961300,140667800,1363,15968
20260630,20264241,정동원 팬콘서트 필름 : 다시 만나는 길,2026-06-26,14.5,0.4,6873,24850000,257900000,994,10316
20260630,20250655,디스클로저 데이,2026-06-10,6.8,0.6,11895,7500500,2764124330,807,257210
20260630,20259626,마이클,2026-05-13,7.1,0.6,10690,7667510,17843071230,762,1622887
20260630,20258236,만달로리안과 그로구,2026-05-27,12.8,0.2,3924,5706850,2764055450,503,228269
20260629,20259781,토이 스토리 5,2026-06-17,6.3,34.5,649087,419863690,17106991560,40699,1658022
20260629,20242402,눈동자,2026-06-24,11.5,17.8,334334,393099650,3471786150,38498,343720
20260629,20252402,군체,2026-05-21,7.0,11.0,206199,143828720,60370991140,14403,5728401
20260629,20248252,와일드 씽,2026-06-03,5.8,8.6,161744,88137260,12050201460,9414,1243453
20260629,20250489,슈퍼걸,2026-06-24,2.7,12.6,237224,61707460,1224724330,6281,118128
20260629,20242837,왕과 사는 남자,2026-02-04,34.8,0.2,3459,8472500,163145836140,1203,16905949
20260629,20264241,정동원 팬콘서트 필름 : 다시 만나는 길,2026-06-26,15.0,0.4,6867,25675000,233050000,1027,9322
20260629,20258945,너만 보이는 날,2026-06-24,4.4,1.0,19797,7543900,129706500,871,14605
20260629,20259626,마이클,2026-05-13,6.8,0.6,10386,7199970,17835403720,702,1622125
20260629,20264352,앤팀 브이알 콘서트 : 바운드리스,2026-06-26,51.5,0.1,1360,25221000,133359000,701,3705
20260628,20259781,토이 스토리 5,2026-06-17,19.8,45.1,1018287,2053814940,16687127870,201956,1617323
20260628,20242402,눈동자,2026-06-24,26.5,14.9,336071,922439440,3078686500,88921,305222
20260628,20252402,군체,2026-05-21,15.5,9.5,214681,346105620,60227162420,33363,5713998
20260628,20248252,와일드 씽,2026-06-03,14.8,7.0,157518,227928600,11962064200,23281,1234039
20260628,20250489,슈퍼걸,2026-06-24,7.8,11.2,252551,204673270,1163016870,19591,111847
20260628,20264241,정동원 팬콘서트 필름 : 다시 만나는 길,2026-06-26,33.8,0.3,6818,57575000,207375000,2303,8295
20260628,20258945,너만 보이는 날,2026-06-24,9.2,0.8,17420,14754050,122162600,1606,13734
20260628,20259626,마이클,2026-05-13,19.9,0.4,7881,16309730,17828203750,1565,1621423
20260628,20250655,디스클로저 데이,2026-06-10,11.5,0.5,10754,11778950,2750773230,1232,255817
20260628,20264352,앤팀 브이알 콘서트 : 바운드리스,2026-06-26,61.8,0.1,1360,30270000,108138000,841,3004
20260627,20259781,토이 스토리 5,2026-06-17,21.1,44.8,1069421,2319457890,14633312930,226045,1415367
20260627,20242402,눈동자,2026-06-24,27.4,14.5,346550,977287800,2156247060,95028,216301
20260627,20252402,군체,2026-05-21,17.9,9.6,229181,432716140,59881056800,41073,5680635
20260627,20248252,와일드 씽,2026-06-03,16.8,7.1,169022,280984390,11734135600,28434,1210758
20260627,20250489,슈퍼걸,2026-06-24,9.4,11.8,281181,282640680,958343600,26356,92256
20260627,20264241,정동원 팬콘서트 필름 : 다시 만나는 길,2026-06-26,31.9,0.4,8282,65975000,149800000,2639,5992
20260627,20258945,너만 보이는 날,2026-06-24,9.4,0.7,16477,14018900,107408550,1542,12128
20260627,20259626,마이클,2026-05-13,18.2,0.3,8049,15277870,17811894020,1468,1619858
20260627,20250655,디스클로저 데이,2026-06-10,13.1,0.4,10130,13132450,2738994280,1330,254585
20260627,20264352,앤팀 브이알 콘서트 : 바운드리스,2026-06-26,86.2,0.1,1360,42192000,77868000,1172,2163
20260626,20259781,토이 스토리 5,2026-06-17,10.6,33.2,708890,784834740,12313855040,74934,1189322
20260626,20242402,눈동자,2026-06-24,15.1,15.2,324106,494979340,1178959260,48996,121273
20260626,20252402,군체,2026-05-21,9.3,10.8,231844,226349250,59448340660,21635,5639562
20260626,20248252,와일드 씽,2026-06-03,9.0,8.3,177775,156294380,11453151210,15950,1182324
20260626,20250489,슈퍼걸,2026-06-24,4.2,17.6,375565,167226470,675702920,15817,65900
20260626,20264241,정동원 팬콘서트 필름 : 다시 만나는 길,2026-06-26,38.0,0.4,8817,83825000,83825000,3353,3353
20260626,20258945,너만 보이는 날,2026-06-24,9.1,1.0,21533,16897800,93389650,1955,10586
20260626,20242837,왕과 사는 남자,2026-02-04,48.2,0.2,3316,11933600,163133708190,1597,16904375
20260626,20250655,디스클로저 데이,2026-06-10,9.3,0.7,15084,13754350,2725861830,1396,253255
20260626,20264352,앤팀 브이알 콘서트 : 바운드리스,2026-06-26,97.2,0.0,1020,35676000,35676000,991,991
20260625,20259781,토이 스토리 5,2026-06-17,7.9,31.2,601202,484400580,11529020300,47610,1114388
20260625,20242402,눈동자,2026-06-24,10.9,16.1,309697,330394050,683979920,33866,72277
20260625,20252402,군체,2026-05-21,8.6,10.5,201751,174642340,59221991410,17300,5617927
20260625,20250489,슈퍼걸,2026-06-24,3.8,19.4,374345,145238890,508476450,14329,50083
20260625,20248252,와일드 씽,2026-06-03,7.9,8.2,157886,114056150,11296856830,12409,1166374
20260625,20263948,에픽: 엘비스 프레슬리 콘서트,2026-07-01,99.9,0.3,4922,34426000,69937000,4918,9991
20260625,20258945,너만 보이는 날,2026-06-24,8.4,1.2,22881,16757050,76491850,1927,8631
20260625,20250655,디스클로저 데이,2026-06-10,8.2,0.6,12374,10242950,2712107480,1019,251859
20260625,20259626,마이클,2026-05-13,9.7,0.4,8325,8019980,17786699540,806,1617448
20260625,20263512,이상한 과자 가게 전천당,2026-05-29,72.4,0.0,717,3656000,1477807990,519,162924
20260701,20264431,무서운 영화,2026-07-01,10.0,0.4,6877,7417150,7417150,686,686
20260701,20250655,디스클로저 데이,2026-06-10,13.8,0.2,4697,5279800,2769404130,648,257858
20260701,20264241,정동원 팬콘서트 필름 : 다시 만나는 길,2026-06-26,10.7,0.3,5598,15025000,272925000,601,10917
20260701,20259626,마이클,2026-05-13,7.8,0.3,5817,4512760,17847583990,452,1623339
20260701,20264352,앤팀 브이알 콘서트 : 바운드리스,2026-06-26,32.7,0.1,1360,15948000,167352000,445,4652
20260701,20242837,왕과 사는 남자,2026-02-04,13.4,0.1,2166,2142500,163150924640,290,16906678
20260701,20258236,만달로리안과 그로구,2026-05-27,7.4,0.1,2288,1993300,2766048750,170,228439
20260701,20158482,동주,2016-02-17,95.0,0.0,141,1072000,8933337603,134,1178385
20260701,20111101,고 녀석 맛나겠다,2011-07-07,97.1,0.0,136,792000,426923400,132,61533
20260701,20261782,프로젝트 헤일메리,2026-03-18,11.4,0.1,1115,1332850,32955244440,127,2905965
20260701,20030371,태극기 휘날리며,2004-02-05,69.0,0.0,145,600000,15888393200,100,2571529
20260701,20210684,두다다쿵: 후후섬의 비밀,2023-02-15,91.0,0.0,100,637000,1149769650,91,127904
20260701,20258945,너만 보이는 날,2026-06-24,2.0,0.2,4212,868600,141536400,85,16053
20260701,20194376,탑건: 매버릭,2022-06-22,76.1,0.0,92,490000,88919104884,70,8280924
20260701,20263222,극장판 호빵맨: 세균맨과 그림책의 루룬,2026-05-23,43.6,0.0,110,336000,293994850,48,35317
20260701,20196828,걸즈 앤 판처 최종장,2020-03-12,21.8,0.0,216,539000,58263000,47,5871
20260701,20263845,정뱅이,2026-06-24,35.6,0.0,118,410000,13253800,42,1409
20260701,20263403,동지도,2026-07-01,2.4,0.1,1771,374150,1868150,42,208
20260701,20259791,악마는 프라다를 입는다 2,2026-04-29,11.3,0.0,364,392900,16186311430,41,1596812
20260701,19990147,부기나이트,1999-03-20,47.4,0.0,76,314000,17391000,36,2049
20260701,20262975,신극장판 은혼: 요시와라 대염상,2026-05-20,8.7,0.0,368,340500,905573840,32,81435
20260701,20264422,뮤지컬 푸른 사자 와니니,2026-07-01,5.0,0.0,536,360000,360000,27,27
20260701,20255168,"극장판 뱅드림! 잇츠 마이고!!!!! 후편: 노래하자, 우리가 될 수 있는 노래 & 필름 라이브",2025-06-19,5.7,0.0,332,224000,84612400,19,9204
20260701,19900241,후로마부인과 두남편,1990-07-07,9.0,0.0,212,66500,177500,19,37
20260701,20135428,어바웃 타임,2013-12-05,34.0,0.0,50,170000,25369505300,17,3455258
20260701,20254062,"극장판 뱅드림! 잇츠 마이고!!!!! 전편: 봄의 양지, 방황하는 고양이",2025-04-24,4.2,0.0,332,164000,76405700,14,8159
20260701,20060045,스윙걸즈,2006-03-23,24.1,0.0,58,140000,553623100,14,80743
20260701,20263253,극장판 내 마음의 위험한 녀석,2026-05-21,11.5,0.0,113,162500,341051600,13,30289
20260701,20254121,살목지,2026-04-08,2.2,0.0,556,105000,33321035370,12,3240685
20260701,20210752,뱅드림! 필름 라이브 세컨드 스테이지,2021-11-18,9.7,0.0,113,108000,360572327,11,35777
20260701,20249015,납치 48시간,2026-06-17,6.6,0.0,137,63000,39823290,9,3682
20260701,20263598,패신저,2026-06-24,1.6,0.0,512,76200,33054000,8,3071
20260701,20263521,카드캡터 체리 극장판,2026-05-28,6.2,0.0,113,91900,215110740,7,20135
20260701,20264358,방과후 퇴마클럽: 소녀들의 밤,2026-06-25,1.5,0.0,404,90000,8550000,6,570
20260701,20196409,뱅드림! 필름 라이브,2019-09-26,5.3,0.0,113,51000,178604980,6,20459
20260701,20263162,그림자 내각,2026-06-25,1.4,0.0,357,34000,15207050,5,1592
20260701,20264405,폴스 플랙,2026-06-25,9.4,0.0,53,30000,747000,5,93
20260701,20262771,현상수배,2026-06-10,9.5,0.0,42,28000,60147050,4,7225
20260701,20263512,이상한 과자 가게 전천당,2026-05-29,5.6,0.0,54,18000,1482136890,3,163420
20260701,20040695,이프 온리,2004-10-29,3.5,0.0,85,15000,7300733090,3,1068669
20260701,20259773,슈퍼 마리오 갤럭시,2026-04-29,2.9,0.0,70,16000,15886716360,2,1636105
20260701,20256397,원 배틀 애프터 어나더,2025-10-01,2.4,0.0,85,16000,5831128420,2,547806
20260701,20263262,맘보 점보,2026-06-03,0.5,0.0,188,14000,78627800,1,9253
20260701,20264323,2대1 : 변태섹스의 맛,2026-07-01,0.7,0.0,146,6000,6000,1,1
20260701,20250841,커플섹스 : 여러자세를 즐기는 연인,2026-07-01,0.7,0.0,146,6000,6000,1,1
20260701,20263229,누나의 떡맛,2026-07-01,1.1,0.0,91,1000,1000,1,1
20260701,20263362,스와핑 - 어린엄마,2026-07-01,0.5,0.0,194,1000,1000,1,1
20260701,20259537,스와핑 - 친구엄마,2026-07-01,1.1,0.0,91,1000,1000,1,1
20260701,20263741,처형의 맛 2,2026-07-01,1.1,0.0,91,1000,1000,1,1
20260630,20264352,앤팀 브이알 콘서트 : 바운드리스,2026-06-26,36.9,0.1,1360,18045000,151404000,502,4207
20260630,20263598,패신저,2026-06-24,3.9,0.7,12819,5319050,32977800,499,3063
20260630,20242837,왕과 사는 남자,2026-02-04,18.0,0.1,2443,2946000,163148782140,439,16906388
20260630,20264665,드림 애니멀즈: 더무비,2026-07-24,95.0,0.0,278,2312000,2568000,264,296
20260630,20259791,악마는 프라다를 입는다 2,2026-04-29,24.3,0.0,767,2222900,16185918530,186,1596771
20260630,20263512,이상한 과자 가게 전천당,2026-05-29,46.9,0.0,326,1223000,1482118890,153,163417
20260630,20261782,프로젝트 헤일메리,2026-03-18,11.1,0.1,1339,1535850,32953911590,149,2905838
20260630,20262771,현상수배,2026-06-10,19.4,0.0,700,1209000,60119050,136,7221
20260630,19560023,격퇴,1956-04-04,21.8,0.0,510,362000,1774000,111,726
20260630,20174142,아이 캔 스피크,2017-09-21,97.8,0.0,92,530000,25618861886,90,3293225
20260630,20250586,주희에게,2026-04-15,70.2,0.0,114,720000,32897900,80,3645
20260630,20020106,복수는 나의 것,2002-03-28,77.3,0.0,66,483000,32039000,51,3784
20260630,20262975,신극장판 은혼: 요시와라 대염상,2026-05-20,11.6,0.0,423,523300,905233340,49,81403
20260630,20111101,고 녀석 맛나겠다,2011-07-07,1.5,0.2,2910,450850,426131400,44,61401
20260630,20263911,극장판 전생했더니 슬라임이었던 건에 대하여 창해의 눈물편,2026-06-10,6.6,0.0,665,421500,66836300,44,6390
20260630,20050148,친절한 금자씨,2005-07-29,100.0,0.0,40,375000,20505764493,40,3121963
20260630,20124315,엔드 오브 에반게리온,2024-01-17,23.0,0.0,113,312500,513758226,26,49487
20260630,20227798,에반게리온 신극장판: 파,2022-10-14,22.1,0.0,113,288000,202355934,25,19279
20260630,20212726,걸즈 앤 판처 최종장 제3화,2022-01-12,21.3,0.0,108,284000,68792500,23,6732
20260630,20255168,"극장판 뱅드림! 잇츠 마이고!!!!! 후편: 노래하자, 우리가 될 수 있는 노래 & 필름 라이브",2025-06-19,6.9,0.0,332,276000,84388400,23,9185
20260630,20263262,맘보 점보,2026-06-03,37.1,0.0,62,161000,78613800,23,9252
20260630,20135428,어바웃 타임,2013-12-05,44.0,0.0,50,220000,25369335300,22,3455241
20260630,20227788,에반게리온 신극장판: 서,2022-10-14,18.6,0.0,113,223000,187647631,21,18210
20260630,20254121,살목지,2026-04-08,3.6,0.0,561,206000,33320930370,20,3240673
20260630,20227810,에반게리온 신극장판: Q,2022-10-14,15.9,0.0,113,218000,179484687,18,17241
20260630,20259773,슈퍼 마리오 갤럭시,2026-04-29,24.3,0.0,70,119000,15886700360,17,1636103
20260630,20263253,극장판 내 마음의 위험한 녀석,2026-05-21,13.3,0.0,113,175100,340889100,15,30276
20260630,20248218,반칙왕 몽키,2026-05-20,3.1,0.0,481,101000,17525400,15,2049
20260630,20254062,"극장판 뱅드림! 잇츠 마이고!!!!! 전편: 봄의 양지, 방황하는 고양이",2025-04-24,4.2,0.0,332,168000,76241700,14,8145
20260630,20264358,방과후 퇴마클럽: 소녀들의 밤,2026-06-25,1.3,0.0,751,150000,8460000,10,564
20260630,20264159,킬 코드,2026-06-11,6.9,0.0,145,60000,885000,10,116
20260630,20263845,정뱅이,2026-06-24,3.4,0.0,268,72500,12843800,9,1367
20260630,20196409,뱅드림! 필름 라이브,2019-09-26,4.7,0.0,170,88000,178553980,8,20453
20260630,20263162,그림자 내각,2026-06-25,1.3,0.0,636,52350,15173050,8,1587
20260630,20259058,신세기 에반게리온 극장판 사도신생,2025-10-31,6.2,0.0,113,69000,248162000,7,23651
20260630,20246091,이인,2026-05-27,3.8,0.0,186,67000,3266000,7,349
20260630,20263521,카드캡터 체리 극장판,2026-05-28,6.2,0.0,113,62000,215018840,7,20128
20260630,20210752,뱅드림! 필름 라이브 세컨드 스테이지,2021-11-18,3.5,0.0,170,69000,360464327,6,35766
20260630,20259869,국가초기화,2026-06-26,2.1,0.0,284,55000,1701500,6,160
20260630,20262639,노멀,2026-04-17,1.1,0.0,176,14000,130735900,2,20281
20260630,20264590,시아버지를 유혹하는 음란며느리,2026-06-30,0.5,0.0,194,1000,1000,1,1
20260630,19970100,첨밀밀,1997-03-01,0.0,0.0,77,0,251912450,0,24632
20260629,20250655,디스클로저 데이,2026-06-10,5.3,0.6,11023,5850600,2756623830,586,256403
20260629,20258236,만달로리안과 그로구,2026-05-27,13.7,0.2,3698,5995000,2758348600,508,227766
20260629,20263598,패신저,2026-06-24,2.8,0.7,12924,3752200,27658750,358,2564
20260629,20261782,프로젝트 헤일메리,2026-03-18,9.6,0.1,1747,1882550,32952375740,167,2905689
20260629,19560023,격퇴,1956-04-04,22.0,0.0,510,359000,1412000,112,615
20260629,20259791,악마는 프라다를 입는다 2,2026-04-29,12.4,0.0,734,979600,16183695630,91,1596585
20260629,20111101,고 녀석 맛나겠다,2011-07-07,4.5,0.1,1989,701850,425680550,90,61357
20260629,20250586,주희에게,2026-04-15,61.1,0.0,131,720000,32177900,80,3565
20260629,20020106,복수는 나의 것,2002-03-28,100.0,0.0,66,629000,31556000,66,3733
20260629,20226500,달짝지근해: 7510,2023-08-15,100.0,0.0,58,348000,13445867901,58,1388367
20260629,20124315,엔드 오브 에반게리온,2024-01-17,43.4,0.0,113,630500,513445726,49,49461
20260629,20263845,정뱅이,2026-06-24,29.6,0.0,142,376000,12771300,42,1358
20260629,20050148,친절한 금자씨,2005-07-29,100.0,0.0,40,423000,20505389493,40,3121923
20260629,20263911,극장판 전생했더니 슬라임이었던 건에 대하여 창해의 눈물편,2026-06-10,5.3,0.0,656,357000,66414800,35,6346
20260629,20264665,드림 애니멀즈: 더무비,2026-07-24,100.0,0.0,32,256000,256000,32,32
20260629,20262975,신극장판 은혼: 요시와라 대염상,2026-05-20,6.1,0.0,478,306900,904710040,29,81354
20260629,19990147,부기나이트,1999-03-20,31.5,0.0,92,290000,17077000,29,2013
20260629,20196828,걸즈 앤 판처 최종장,2020-03-12,25.0,0.0,108,324000,57724000,27,5824
20260629,20135428,어바웃 타임,2013-12-05,50.0,0.0,50,247000,25369115300,25,3455219
20260629,20241082,쿵쿵따 탐험대,2024-06-26,12.9,0.0,186,144000,32525000,24,5375
20260629,20264358,방과후 퇴마클럽: 소녀들의 밤,2026-06-25,2.4,0.0,754,270000,8310000,18,554
20260629,20210752,뱅드림! 필름 라이브 세컨드 스테이지,2021-11-18,10.6,0.0,170,202500,360395327,18,35760
20260629,20227810,에반게리온 신극장판: Q,2022-10-14,12.4,0.0,113,182000,179266687,14,17223
20260629,20255168,"극장판 뱅드림! 잇츠 마이고!!!!! 후편: 노래하자, 우리가 될 수 있는 노래 & 필름 라이브",2025-06-19,4.2,0.0,332,168000,84112400,14,9162
20260629,20263162,그림자 내각,2026-06-25,1.6,0.0,829,116500,15120700,13,1579
20260629,20254062,"극장판 뱅드림! 잇츠 마이고!!!!! 전편: 봄의 양지, 방황하는 고양이",2025-04-24,3.6,0.0,332,142000,76073700,12,8131
20260629,20196409,뱅드림! 필름 라이브,2019-09-26,7.1,0.0,170,133000,178465980,12,20445
20260629,20263521,카드캡터 체리 극장판,2026-05-28,9.7,0.0,113,124000,214956840,11,20121
20260629,20254121,살목지,2026-04-08,2.2,0.0,492,107500,33320724370,11,3240653
20260629,20227788,에반게리온 신극장판: 서,2022-10-14,8.0,0.0,113,90000,187424631,9,18189
20260629,20263512,이상한 과자 가게 전천당,2026-05-29,3.7,0.0,241,69000,1480895890,9,163264
20260629,20227798,에반게리온 신극장판: 파,2022-10-14,7.1,0.0,113,108000,202067934,8,19254
20260629,20259058,신세기 에반게리온 극장판 사도신생,2025-10-31,6.2,0.0,113,88000,248093000,7,23644
20260629,20248218,반칙왕 몽키,2026-05-20,0.5,0.1,1186,55000,17424400,6,2034
20260629,20264405,폴스 플랙,2026-06-25,5.8,0.0,86,30000,717000,5,88
20260629,20249015,납치 48시간,2026-06-17,6.5,0.0,62,36500,39760290,4,3673
20260629,20247490,누룩,2026-04-15,1.6,0.0,248,28000,52563970,4,6791
20260629,20263262,맘보 점보,2026-06-03,1.6,0.0,183,25000,78452800,3,9229
20260629,20263941,마스터즈 오브 유니버스,2026-06-05,5.9,0.0,51,21000,133302730,3,15414
20260629,20263253,극장판 내 마음의 위험한 녀석,2026-05-21,1.8,0.0,113,28000,340714000,2,30261
20260629,20262639,노멀,2026-04-17,0.6,0.0,346,17000,130721900,2,20279
20260629,20263222,극장판 호빵맨: 세균맨과 그림책의 루룬,2026-05-23,0.9,0.0,226,16000,293658850,2,35269
20260629,20262771,현상수배,2026-06-10,3.5,0.0,57,13000,58910050,2,7085
20260629,20264615,가슴 예쁜 유부녀 황제 마사지,2026-06-29,1.2,0.0,83,6000,6000,1,1
20260629,20264631,남편 위해 벗는 아내들,2026-06-29,1.2,0.0,83,6000,6000,1,1
20260629,20263251,멈출 수 없는 엉덩이 본능,2026-06-29,0.7,0.0,146,6000,6000,1,1
20260629,20256626,속살이 이쁜 알바녀 무삭제,2026-06-29,0.7,0.0,146,6000,6000,1,1
20260629,20264616,수치플레이 코스프레녀,2026-06-29,1.2,0.0,83,6000,6000,1,1
20260629,20264614,시아주버니와 흥건하게 젖은 유부녀,2026-06-29,1.2,0.0,83,6000,6000,1,1
20260629,20264634,여동생은 휴지도둑,2026-06-29,1.2,0.0,83,6000,6000,1,1
20260629,20259773,슈퍼 마리오 갤럭시,2026-04-29,1.4,0.0,72,5000,15886581360,1,1636086
20260628,20111101,고 녀석 맛나겠다,2011-07-07,7.5,0.3,7737,5587350,424978700,580,61267
20260628,20258236,만달로리안과 그로구,2026-05-27,19.8,0.1,2791,6456700,2752353600,552,227258
20260628,20263598,패신저,2026-06-24,4.3,0.4,8866,4308100,23906550,381,2206
20260628,20138661,케이온,2013-06-13,61.5,0.0,592,4630000,455987481,364,46127
20260628,20263597,최후의 만찬,2026-06-04,90.8,0.0,359,1956000,61645620,326,6539
20260628,20261782,프로젝트 헤일메리,2026-03-18,17.1,0.1,1607,3072320,32950493190,275,2905522
20260628,20263512,이상한 과자 가게 전천당,2026-05-29,12.9,0.0,993,1210150,1480826890,128,163255
20260628,19560023,격퇴,1956-04-04,20.0,0.0,510,379000,1053000,102,503
20260628,20262975,신극장판 은혼: 요시와라 대염상,2026-05-20,19.2,0.0,521,1155400,904403140,100,81325
20260628,20242837,왕과 사는 남자,2026-02-04,5.5,0.1,1685,905400,163137363640,92,16904746
20260628,20263911,극장판 전생했더니 슬라임이었던 건에 대하여 창해의 눈물편,2026-06-10,11.3,0.0,639,726200,66057800,72,6311
20260628,20210752,뱅드림! 필름 라이브 세컨드 스테이지,2021-11-18,39.4,0.0,170,830000,360192827,67,35742
20260628,20259791,악마는 프라다를 입는다 2,2026-04-29,21.9,0.0,274,700300,16182716030,60,1596494
20260628,20263262,맘보 점보,2026-06-03,7.2,0.0,762,506500,78427800,55,9226
20260628,20196409,뱅드림! 필름 라이브,2019-09-26,30.6,0.0,170,648500,178332980,52,20433
20260628,20247457,신의악단,2025-12-31,76.9,0.0,65,400000,13826866730,50,1453016
20260628,20262101,킬 빌: 더 홀 블러디 어페어,2026-04-01,26.9,0.0,134,658000,383807600,36,19353
20260628,20227810,에반게리온 신극장판: Q,2022-10-14,27.4,0.0,113,396000,179084687,31,17209
20260628,20227798,에반게리온 신극장판: 파,2022-10-14,27.4,0.0,113,381500,201959934,31,19246
20260628,20254121,살목지,2026-04-08,3.5,0.0,870,268700,33320616870,30,3240642
20260628,20264358,방과후 퇴마클럽: 소녀들의 밤,2026-06-25,3.3,0.0,846,420000,8040000,28,536
20260628,20020106,복수는 나의 것,2002-03-28,100.0,0.0,26,282000,30927000,26,3667
20260628,20135428,어바웃 타임,2013-12-05,50.0,0.0,52,260000,25368868300,26,3455194
20260628,20255168,"극장판 뱅드림! 잇츠 마이고!!!!! 후편: 노래하자, 우리가 될 수 있는 노래 & 필름 라이브",2025-06-19,7.2,0.0,332,312000,83944400,24,9148
20260628,20263222,극장판 호빵맨: 세균맨과 그림책의 루룬,2026-05-23,2.6,0.0,924,175050,293642850,24,35267
20260628,20236563,걸즈 앤 판처 최종장 제4화,2024-01-17,21.3,0.0,108,313000,129317500,23,10928
20260628,20124315,엔드 오브 에반게리온,2024-01-17,20.4,0.0,113,272500,512815226,23,49412
20260628,20259773,슈퍼 마리오 갤럭시,2026-04-29,15.2,0.0,138,208060,15886576360,21,1636085
20260628,20227788,에반게리온 신극장판: 서,2022-10-14,17.7,0.0,113,258500,187334631,20,18180
20260628,20263162,그림자 내각,2026-06-25,2.1,0.0,859,147200,15004200,18,1566
20260628,20254062,"극장판 뱅드림! 잇츠 마이고!!!!! 전편: 봄의 양지, 방황하는 고양이",2025-04-24,5.1,0.0,332,187000,75931700,17,8119
20260628,20249015,납치 48시간,2026-06-17,5.5,0.0,307,144500,39723790,17,3669
20260628,20259058,신세기 에반게리온 극장판 사도신생,2025-10-31,6.2,0.0,113,74500,248005000,7,23637
20260628,20263327,사랑의 하츄핑 특별판,2026-05-01,10.0,0.0,70,57000,142626610,7,15397
20260628,20050148,친절한 금자씨,2005-07-29,16.7,0.0,30,60000,20504966493,5,3121883
20260628,20263845,정뱅이,2026-06-24,4.2,0.0,118,51000,12395300,5,1316
20260628,20259869,국가초기화,2026-06-26,1.1,0.0,284,21000,1646500,3,154
20260628,20262639,노멀,2026-04-17,1.3,0.0,158,30000,130704900,2,20277
20260628,20262771,현상수배,2026-06-10,3.4,0.0,59,14000,58897050,2,7083
20260627,20258236,만달로리안과 그로구,2026-05-27,27.5,0.2,3518,11333210,2745896900,966,226706
20260627,20264027,극장판 도라에몽: 신 진구의 해저비밀성,2026-07-01,31.9,0.1,2138,9279000,10819000,682,902
20260627,20263598,패신저,2026-06-24,5.0,0.4,10291,5835750,19598450,519,1825
20260627,20264358,방과후 퇴마클럽: 소녀들의 밤,2026-06-25,32.0,0.1,1449,6960000,7620000,464,508
20260627,20111101,고 녀석 맛나겠다,2011-07-07,5.4,0.3,7688,3826400,419391350,412,60687
20260627,20138661,케이온,2013-06-13,64.2,0.0,592,4852600,451357481,380,45763
20260627,20242837,왕과 사는 남자,2026-02-04,12.0,0.1,2334,2750050,163136458240,279,16904654
20260627,20264056,그린랜드 2: 마이그레이션,2026-07-01,79.9,0.0,268,2862350,4698350,214,418
20260627,20210752,뱅드림! 필름 라이브 세컨드 스테이지,2021-11-18,47.4,0.0,340,2064860,359362827,161,35675
20260627,20261782,프로젝트 헤일메리,2026-03-18,12.5,0.0,1213,1605950,32947420870,151,2905247
20260627,20196409,뱅드림! 필름 라이브,2019-09-26,43.8,0.0,340,1887860,177684480,149,20381
20260627,20262975,신극장판 은혼: 요시와라 대염상,2026-05-20,17.8,0.0,729,1464700,903247740,130,81225
20260627,20263512,이상한 과자 가게 전천당,2026-05-29,13.2,0.0,832,1040750,1479616740,110,163127
20260627,20255168,"극장판 뱅드림! 잇츠 마이고!!!!! 후편: 노래하자, 우리가 될 수 있는 노래 & 필름 라이브",2025-06-19,23.2,0.0,332,991000,83632400,77,9124
20260627,20263911,극장판 전생했더니 슬라임이었던 건에 대하여 창해의 눈물편,2026-06-10,9.4,0.0,661,639200,65331600,62,6239
20260627,19770076,데미트리아스,1977-02-18,14.1,0.0,398,187000,18529000,56,9087
20260627,20252373,넘버원,2026-02-11,25.5,0.0,212,404000,2690029020,54,280857
20260627,20254062,"극장판 뱅드림! 잇츠 마이고!!!!! 전편: 봄의 양지, 방황하는 고양이",2025-04-24,15.4,0.0,332,549000,75744700,51,8102
20260627,20262101,킬 빌: 더 홀 블러디 어페어,2026-04-01,25.1,0.0,175,878000,383149600,44,19317
20260627,19990147,부기나이트,1999-03-20,29.7,0.0,118,272000,16787000,35,1984
20260627,20254121,살목지,2026-04-08,3.5,0.0,974,308500,33320348170,34,3240612
20260627,20020106,복수는 나의 것,2002-03-28,10.9,0.0,302,156500,30645000,33,3641
20260627,20236563,걸즈 앤 판처 최종장 제4화,2024-01-17,29.6,0.0,108,419000,129004500,32,10905
20260627,20259791,악마는 프라다를 입는다 2,2026-04-29,11.0,0.0,291,357600,16182015730,32,1596434
20260627,20144444,아가씨,2016-06-01,11.8,0.0,262,95500,35231532391,31,4290099
20260627,20249641,나쁜계집애: 달려라 하니,2025-10-07,100.0,0.0,30,330000,645696230,30,71255
20260627,20192696,발신제한,2021-06-23,100.0,0.0,30,330000,9104285540,30,955913
20260627,20124315,엔드 오브 에반게리온,2024-01-17,25.7,0.0,113,401500,512542726,29,49389
20260627,20050148,친절한 금자씨,2005-07-29,100.0,0.0,26,280000,20504906493,26,3121878
20260627,20227788,에반게리온 신극장판: 서,2022-10-14,21.2,0.0,113,293100,187076131,24,18160
20260627,20249015,납치 48시간,2026-06-17,7.8,0.0,307,224600,39579290,24,3652
20260627,20227798,에반게리온 신극장판: 파,2022-10-14,17.7,0.0,113,256000,201578434,20,19215
20260627,20259773,슈퍼 마리오 갤럭시,2026-04-29,11.2,0.0,178,172000,15886368300,20,1636064
20260627,20263521,카드캡터 체리 극장판,2026-05-28,15.9,0.0,113,190500,214832840,18,20110
20260627,20263162,그림자 내각,2026-06-25,1.5,0.0,1169,137000,14857000,17,1548
20260627,20263845,정뱅이,2026-06-24,6.3,0.0,238,137000,12344300,15,1311
20260627,20263222,극장판 호빵맨: 세균맨과 그림책의 루룬,2026-05-23,1.4,0.0,925,115000,293467800,13,35243
20260627,20263262,맘보 점보,2026-06-03,1.7,0.0,779,114850,77921300,13,9171
20260627,20247490,누룩,2026-04-15,30.6,0.0,36,73000,52535970,11,6787
20260627,20263327,사랑의 하츄핑 특별판,2026-05-01,12.9,0.0,70,73000,142569610,9,15390
20260627,20262771,현상수배,2026-06-10,5.0,0.0,140,46000,58883050,7,7081
20260627,20259058,신세기 에반게리온 극장판 사도신생,2025-10-31,5.3,0.0,113,84000,247930500,6,23630
20260627,20081003,박쥐,2009-04-30,10.0,0.0,30,36000,14891066000,3,2211154
20260627,20262639,노멀,2026-04-17,1.2,0.0,161,14000,130674900,2,20275
20260627,20227810,에반게리온 신극장판: Q,2022-10-14,0.9,0.0,113,15000,178688687,1,17178
20260627,20259869,국가초기화,2026-06-26,0.4,0.0,284,8500,1625500,1,151
20260626,20259626,마이클,2026-05-13,9.8,0.4,9585,9916610,17796616150,942,1618390
20260626,20263598,패신저,2026-06-24,3.5,0.7,14419,5457900,13762700,498,1306
20260626,20258236,만달로리안과 그로구,2026-05-27,12.0,0.1,2535,3580000,2734563690,305,225740
20260626,20240532,짱구,2026-04-22,97.8,0.0,184,1260000,4012419740,180,411178
20260626,20200142,소방관,2024-12-04,100.0,0.0,174,1392000,36318973170,174,3859565
20260626,20263597,최후의 만찬,2026-06-04,65.9,0.0,261,1294000,59689620,172,6213
20260626,20261782,프로젝트 헤일메리,2026-03-18,16.3,0.0,966,1771600,32945814920,157,2905096
20260626,20259773,슈퍼 마리오 갤럭시,2026-04-29,70.5,0.0,156,1100000,15886196300,110,1636044
20260626,20030371,태극기 휘날리며,2004-02-05,80.7,0.0,124,600000,15887793200,100,2571429
20260626,20263262,맘보 점보,2026-06-03,14.6,0.0,664,520000,77806450,97,9158
20260626,20263512,이상한 과자 가게 전천당,2026-05-29,49.0,0.0,190,768000,1478575990,93,163017
20260626,20232639,극장판 슈퍼윙스: 맥시멈 스피드,2023-07-20,73.6,0.0,125,644000,1201456958,92,137321
20260626,20263845,정뱅이,2026-06-24,25.0,0.0,332,986000,12207300,83,1296
20260626,20255168,"극장판 뱅드림! 잇츠 마이고!!!!! 후편: 노래하자, 우리가 될 수 있는 노래 & 필름 라이브",2025-06-19,21.7,0.0,332,932000,82641400,72,9047
20260626,20259791,악마는 프라다를 입는다 2,2026-04-29,16.8,0.0,417,918600,16181658130,70,1596402
20260626,20194376,탑건: 매버릭,2022-06-22,100.0,0.0,69,621000,88918614884,69,8280854
20260626,20111101,고 녀석 맛나겠다,2011-07-07,2.3,0.1,2644,605700,415564950,60,60275
20260626,20254062,"극장판 뱅드림! 잇츠 마이고!!!!! 전편: 봄의 양지, 방황하는 고양이",2025-04-24,17.8,0.0,332,763000,75195700,59,8051
20260626,20174142,아이 캔 스피크,2017-09-21,100.0,0.0,58,348000,25618331886,58,3293135
20260626,20226444,극장판 엄마 까투리: 도시로 간 까투리 가족,2022-09-08,61.4,0.0,88,378000,1629985999,54,176917
20260626,19770076,데미트리아스,1977-02-18,6.5,0.0,796,159000,18342000,52,9031
20260626,20263911,극장판 전생했더니 슬라임이었던 건에 대하여 창해의 눈물편,2026-06-10,6.5,0.0,704,513550,64692400,46,6177
20260626,20262975,신극장판 은혼: 요시와라 대염상,2026-05-20,7.5,0.0,610,506850,901783040,46,81095
20260626,20241941,좀비딸,2025-07-30,45.7,0.0,94,258000,53156186990,43,5642628
20260626,20050148,친절한 금자씨,2005-07-29,10.8,0.0,288,231000,20504626493,31,3121852
20260626,20040695,이프 온리,2004-10-29,100.0,0.0,30,210000,7300718090,30,1068666
20260626,19990147,부기나이트,1999-03-20,21.2,0.0,132,300000,16515000,28,1949
20260626,20209654,헤어질 결심,2022-06-29,10.7,0.0,262,92000,19802594678,28,1910564
20260626,20135428,어바웃 타임,2013-12-05,50.0,0.0,52,254000,25368608300,26,3455168
20260626,20263222,극장판 호빵맨: 세균맨과 그림책의 루룬,2026-05-23,10.5,0.0,210,166000,293352800,22,35230
20260626,20247490,누룩,2026-04-15,7.7,0.0,248,130000,52462970,19,6776
20260626,20210752,뱅드림! 필름 라이브 세컨드 스테이지,2021-11-18,10.6,0.0,170,219100,357297967,18,35514
20260626,20264358,방과후 퇴마클럽: 소녀들의 밤,2026-06-25,2.9,0.0,580,255000,660000,17,44
20260626,20124315,엔드 오브 에반게리온,2024-01-17,13.3,0.0,113,189000,512141226,15,49360
20260626,19970157,로스트 하이웨이,1997-05-10,21.9,0.0,64,140000,44460022,14,4747
20260626,20227798,에반게리온 신극장판: 파,2022-10-14,10.6,0.0,113,154000,201322434,12,19195
20260626,20262771,현상수배,2026-06-10,2.5,0.0,483,86000,58837050,12,7074
20260626,20196409,뱅드림! 필름 라이브,2019-09-26,6.5,0.0,170,141000,175796620,11,20232
20260626,20254121,살목지,2026-04-08,3.2,0.0,343,127000,33320039670,11,3240578
20260626,20263162,그림자 내각,2026-06-25,0.9,0.1,1232,97000,14720000,11,1531
20260626,20227810,에반게리온 신극장판: Q,2022-10-14,8.9,0.0,113,133500,178673687,10,17177
20260626,20264405,폴스 플랙,2026-06-25,7.5,0.0,133,60000,687000,10,83
20260626,20227788,에반게리온 신극장판: 서,2022-10-14,8.0,0.0,113,96000,186783031,9,18136
20260626,20259058,신세기 에반게리온 극장판 사도신생,2025-10-31,7.1,0.0,113,99000,247846500,8,23624
20260626,20249015,납치 48시간,2026-06-17,6.0,0.0,117,77000,39354690,7,3628
20260626,20263521,카드캡터 체리 극장판,2026-05-28,2.7,0.0,113,30500,214642340,3,20092
20260626,20262639,노멀,2026-04-17,1.1,0.0,176,22000,130660900,2,20273
20260626,20263941,마스터즈 오브 유니버스,2026-06-05,3.9,0.0,51,17000,133281730,2,15411
20260626,20259869,국가초기화,2026-06-26,0.4,0.0,284,7000,1617000,1,150
20260626,20264632,남편 없는 집 발정난 아내들,2026-06-26,1.2,0.0,83,6000,6000,1,1
20260626,20264366,남편 옆에서 낯선 남자 단백질 빼는 유부녀,2026-06-26,1.2,0.0,83,6000,6000,1,1
20260626,20264387,사위의 거대함으로 몸보신 하는 장모님,2026-06-26,1.2,0.0,83,6000,6000,1,1
20260626,20264618,유부녀 마사지 풀서비스,2026-06-26,1.2,0.0,83,6000,6000,1,1
20260626,20264617,잠든 남편 옆에서 사정 허락한 유부녀,2026-06-26,1.2,0.0,83,6000,6000,1,1
20260626,19970100,첨밀밀,1997-03-01,0.0,0.0,77,0,251912450,0,24632
20260625,20263598,패신저,2026-06-24,2.9,0.6,12263,3798850,8304800,361,808
20260625,20258236,만달로리안과 그로구,2026-05-27,14.5,0.1,2334,3597400,2730983690,338,225435
20260625,20242837,왕과 사는 남자,2026-02-04,11.8,0.1,1733,1893350,163121774590,204,16902778
20260625,20250644,직장상사 길들이기,2026-01-28,83.7,0.0,227,1900000,716097500,190,75950
20260625,20241941,좀비딸,2025-07-30,31.3,0.0,546,953000,53155928990,171,5642585
20260625,20263403,동지도,2026-07-01,100.0,0.0,166,1494000,1494000,166,166
20260625,19770076,데미트리아스,1977-02-18,13.1,0.1,1144,310000,18183000,150,8979
20260625,20245063,"희망의 발견, 알래스카에서",2026-07-04,100.0,0.0,142,1278000,3149000,142,375
20260625,20261782,프로젝트 헤일메리,2026-03-18,21.6,0.0,596,1433400,32944043320,129,2904939
20260625,20252373,넘버원,2026-02-11,60.6,0.0,165,600000,2689625020,100,280803
20260625,20137048,국제시장,2014-12-17,100.0,0.0,98,686000,110981729230,98,14269664
20260625,20174142,아이 캔 스피크,2017-09-21,100.0,0.0,93,651000,25617983886,93,3293077
20260625,20136802,카트,2014-11-13,100.0,0.0,87,870000,5934367133,87,815161
20260625,20263845,정뱅이,2026-06-24,26.4,0.0,322,837300,11221300,85,1213
20260625,20250586,주희에게,2026-04-15,59.3,0.0,135,720000,31457900,80,3485
20260625,20030371,태극기 휘날리며,2004-02-05,64.5,0.0,124,480000,15887193200,80,2571329
20260625,20264405,폴스 플랙,2026-06-25,5.1,0.1,1438,627000,627000,73,73
20260625,20249015,납치 48시간,2026-06-17,4.8,0.1,1364,598700,39277690,66,3621
20260625,20263327,사랑의 하츄핑 특별판,2026-05-01,80.5,0.0,82,399000,142496610,66,15381
20260625,20262975,신극장판 은혼: 요시와라 대염상,2026-05-20,11.2,0.0,562,700400,901276190,63,81049
20260625,20262771,현상수배,2026-06-10,25.3,0.0,241,566000,58751050,61,7062
20260625,20259791,악마는 프라다를 입는다 2,2026-04-29,12.5,0.0,409,553600,16180739530,51,1596332
20260625,20111101,고 녀석 맛나겠다,2011-07-07,1.6,0.2,3168,460200,414959250,49,60215
20260625,20263911,극장판 전생했더니 슬라임이었던 건에 대하여 창해의 눈물편,2026-06-10,7.7,0.0,624,468500,64178850,48,6131
20260625,20263262,맘보 점보,2026-06-03,20.0,0.0,205,254000,77286450,41,9061
20260625,20226444,극장판 엄마 까투리: 도시로 간 까투리 가족,2022-09-08,66.1,0.0,59,273000,1629607999,39,176863
20260625,20263162,그림자 내각,2026-06-25,3.6,0.0,1037,243000,14623000,37,1520
20260625,20253106,핑크퐁 공룡 유치원,2025-03-08,42.9,0.0,70,210000,3236500,30,480
20260625,20124315,엔드 오브 에반게리온,2024-01-17,24.8,0.0,113,349000,511952226,28,49345
20260625,20264358,방과후 퇴마클럽: 소녀들의 밤,2026-06-25,4.5,0.0,600,405000,405000,27,27
20260625,20196409,뱅드림! 필름 라이브,2019-09-26,7.7,0.0,340,306000,175655620,26,20221
20260625,20263253,극장판 내 마음의 위험한 녀석,2026-05-21,14.7,0.0,170,307000,340686000,25,30259
20260625,20135428,어바웃 타임,2013-12-05,38.5,0.0,52,200000,25368354300,20,3455142
20260625,20210752,뱅드림! 필름 라이브 세컨드 스테이지,2021-11-18,4.7,0.0,340,204500,357078867,16,35496
20260625,20254121,살목지,2026-04-08,2.1,0.0,757,147500,33319912670,16,3240567
20260625,20263521,카드캡터 체리 극장판,2026-05-28,9.4,0.0,160,178000,214611840,15,20089
20260625,20262639,노멀,2026-04-17,3.5,0.0,396,78000,130638900,14,20271
20260625,20227798,에반게리온 신극장판: 파,2022-10-14,11.5,0.0,113,147000,201168434,13,19183
20260625,20020106,복수는 나의 것,2002-03-28,30.0,0.0,40,84000,30488500,12,3608
20260625,20227788,에반게리온 신극장판: 서,2022-10-14,5.3,0.0,113,76000,186687031,6,18127
20260625,20264159,킬 코드,2026-06-11,5.4,0.0,93,30000,825000,5,106
20260625,20227810,에반게리온 신극장판: Q,2022-10-14,3.5,0.0,113,51000,178540187,4,17167
20260625,20259058,신세기 에반게리온 극장판 사도신생,2025-10-31,3.5,0.0,113,40000,247747500,4,23616
20260625,19980001,미술관 옆 동물원,1998-12-19,4.0,0.0,50,20000,7915000,2,831
20260625,20259773,슈퍼 마리오 갤럭시,2026-04-29,5.0,0.0,40,15000,15885096300,2,1635934
20260625,20263222,극장판 호빵맨: 세균맨과 그림책의 루룬,2026-05-23,1.0,0.0,204,10000,293186800,2,35208
20260625,20247490,누룩,2026-04-15,2.6,0.0,78,10000,52332970,2,6757
20260625,20256397,원 배틀 애프터 어나더,2025-10-01,1.2,0.0,85,8000,5831112420,1,547804
20260625,20264330,엄마가 기분 좋게 해줄게,2026-06-25,1.2,0.0,83,6000,6000,1,1
20260625,20264626,초대하지 않은 남자,2026-06-25,0.7,0.0,146,6000,6000,1,1
20260625,20264348,친구의 아내를 사육하는 방법,2026-06-25,1.2,0.0,83,6000,6000,1,1
20260625,20264329,폭로 대신 입맞춤:시아버지의 조건,2026-06-25,1.2,0.0,83,6000,6000,1,1
20260708,20259946,모아나,2026-07-08,8.3,41.6,811275,669874810,680482810,67025,67649
20260708,20242402,눈동자,2026-06-24,11.5,22.6,440023,473954840,9900302360,50512,981309
20260708,20259781,토이 스토리 5,2026-06-17,11.9,14.8,287994,317517550,23722506170,34341,2317159
20260708,20252402,군체,2026-05-21,8.7,5.1,99719,83813500,61811426190,8621,5869920
20260708,20248252,와일드 씽,2026-06-03,8.3,2.6,50951,35945850,12751513090,4218,1317266
20260708,20264427,극장판 암살교실 모두의 시간,2026-07-01,12.9,0.6,12113,15606850,227027500,1560,21437
20260708,20264056,그린랜드 2: 마이그레이션,2026-07-01,7.0,1.1,21557,14502400,407264550,1501,42701
20260708,20264027,극장판 도라에몽: 신 진구의 해저비밀성,2026-07-01,4.4,1.6,31480,13113050,408290950,1385,44528
20260708,20050194,회로,2026-07-08,17.6,0.3,5950,9802250,22932750,1047,2651
20260708,20264569,레디 오어 낫: 죽음의 숨바꼭질,2026-07-01,5.8,0.6,12680,7434800,130753750,739,14351
20260707,20242402,눈동자,2026-06-24,9.9,25.4,450971,443146330,9426347520,44464,930797
20260707,20259781,토이 스토리 5,2026-06-17,6.4,29.5,524654,333113730,23404988620,33386,2282818
20260707,20252402,군체,2026-05-21,5.6,9.5,168125,96531700,61727612690,9370,5861299
20260707,20248252,와일드 씽,2026-06-03,5.0,5.2,93015,43375100,12715567240,4631,1313048
20260707,20264056,그린랜드 2: 마이그레이션,2026-07-01,4.5,3.8,67470,28259500,392762150,3039,41200
20260707,20264027,극장판 도라에몽: 신 진구의 해저비밀성,2026-07-01,3.2,2.6,46705,15022200,395177900,1482,43143
20260707,20264427,극장판 암살교실 모두의 시간,2026-07-01,6.4,1.2,21137,14370000,211420650,1344,19877
20260707,20242837,왕과 사는 남자,2026-02-04,35.6,0.2,3126,7813200,163166662840,1114,16908839
20260707,20250489,슈퍼걸,2026-06-24,2.6,2.3,40377,9867320,1436651930,1060,140421
20260707,20264569,레디 오어 낫: 죽음의 숨바꼭질,2026-07-01,3.4,1.5,26491,8630850,123318950,899,13612
20260706,20242402,눈동자,2026-06-24,9.7,25.4,449042,439234960,8983201190,43649,886333
20260706,20259781,토이 스토리 5,2026-06-17,6.0,29.4,519657,310925150,23071874890,30951,2249432
20260706,20252402,군체,2026-05-21,5.6,9.8,172765,100448800,61631080990,9642,5851929
20260706,20248252,와일드 씽,2026-06-03,5.1,5.3,93577,44918750,12672192140,4806,1308417
20260706,20264056,그린랜드 2: 마이그레이션,2026-07-01,3.9,3.8,66672,24689370,364502650,2588,38161
20260706,20264027,극장판 도라에몽: 신 진구의 해저비밀성,2026-07-01,3.2,2.8,50354,16379400,380155700,1604,41661
20260706,20264427,극장판 암살교실 모두의 시간,2026-07-01,6.0,1.2,22023,14055050,197050650,1313,18533
20260706,20264352,앤팀 브이알 콘서트 : 바운드리스,2026-06-26,76.5,0.1,1360,37383000,309282000,1041,8609
20260706,20264569,레디 오어 낫: 죽음의 숨바꼭질,2026-07-01,3.5,1.6,27392,9366350,114688100,964,12713
20260706,20250489,슈퍼걸,2026-06-24,2.3,2.0,36075,7655680,1426784610,815,139361
20260705,20259781,토이 스토리 5,2026-06-17,20.1,38.9,856857,1739755750,22760949740,172404,2218481
20260705,20242402,눈동자,2026-06-24,23.8,24.3,535057,1307395760,8543966230,127134,842684
20260705,20252402,군체,2026-05-21,17.5,6.4,140506,252991750,61530632190,24538,5842287
20260705,20248252,와일드 씽,2026-06-03,13.6,4.1,90320,119173390,12627273390,12250,1303611
20260705,20264027,극장판 도라에몽: 신 진구의 해저비밀성,2026-07-01,15.6,3.3,72916,108132600,363776300,11358,40057
20260705,20264056,그린랜드 2: 마이그레이션,2026-07-01,11.1,2.9,64183,70569240,339813280,7092,35573
20260705,20264427,극장판 암살교실 모두의 시간,2026-07-01,16.8,0.9,20524,36534950,182995600,3453,17220
20260705,20250489,슈퍼걸,2026-06-24,5.7,2.2,48249,25848750,1419128930,2758,138546
20260705,20264718,블리치 천년혈전 편 : 화진담,2026-07-04,97.7,0.1,2407,32210000,63923000,2352,4642
20260705,20264569,레디 오어 낫: 죽음의 숨바꼭질,2026-07-01,7.9,1.3,29072,22527600,105321750,2293,11749
20260704,20259781,토이 스토리 5,2026-06-17,20.4,38.9,901187,1868070190,21021193990,183905,2046077
20260704,20242402,눈동자,2026-06-24,25.1,24.3,563118,1440932480,7236570470,141257,715550
20260704,20252402,군체,2026-05-21,18.4,6.4,149267,284293410,61277640440,27477,5817749
20260704,20248252,와일드 씽,2026-06-03,14.9,4.1,94497,140215530,12508100000,14047,1291361
20260704,20264027,극장판 도라에몽: 신 진구의 해저비밀성,2026-07-01,16.5,3.3,76489,114869150,255643700,12650,28699
20260704,20264056,그린랜드 2: 마이그레이션,2026-07-01,12.3,2.8,64922,78780490,269244040,7954,28481
20260704,20264427,극장판 암살교실 모두의 시간,2026-07-01,17.5,0.9,21406,39270300,146460650,3746,13767
20260704,20250489,슈퍼걸,2026-06-24,6.3,2.3,52335,31833920,1393280180,3280,135788
20260704,20264569,레디 오어 낫: 죽음의 숨바꼭질,2026-07-01,9.6,1.3,30541,28219350,82794150,2945,9456
20260704,20264718,블리치 천년혈전 편 : 화진담,2026-07-04,98.0,0.1,2338,31713000,31713000,2290,2290
20260703,20242402,눈동자,2026-06-24,20.2,22.2,451692,941041030,5795637990,91438,574293
20260703,20259781,토이 스토리 5,2026-06-17,11.7,30.5,622578,745454220,19153123800,72725,1862172
20260703,20252402,군체,2026-05-21,10.8,8.7,176944,197652810,60993347030,19053,5790272
20260703,20248252,와일드 씽,2026-06-03,7.7,5.7,115692,88140490,12367884470,8944,1277314
20260703,20264056,그린랜드 2: 마이그레이션,2026-07-01,6.8,4.1,83055,54036780,190463550,5656,20527
20260703,20264027,극장판 도라에몽: 신 진구의 해저비밀성,2026-07-01,7.8,3.4,68794,45713650,140774550,5371,16049
20260703,20250489,슈퍼걸,2026-06-24,4.1,3.1,62632,24436400,1361446260,2555,132508
20260703,20264427,극장판 암살교실 모두의 시간,2026-07-01,10.0,1.2,24990,26992200,107190350,2496,10021
20260703,20264569,레디 오어 낫: 죽음의 숨바꼭질,2026-07-01,5.6,1.6,32808,16944100,54574800,1848,6511
20260703,20264352,앤팀 브이알 콘서트 : 바운드리스,2026-06-26,69.2,0.1,1360,33660000,219606000,941,6111
20260702,20242402,눈동자,2026-06-24,14.0,19.2,361216,502105750,4854596960,50720,482855
20260702,20259781,토이 스토리 5,2026-06-17,8.6,28.1,529197,445949430,18407669580,45353,1789447
20260702,20252402,군체,2026-05-21,7.2,9.6,180326,130457230,60795694220,13009,5771219
20260702,20248252,와일드 씽,2026-06-03,6.2,6.0,112116,64777100,12279743980,6987,1268370
20260702,20264056,그린랜드 2: 마이그레이션,2026-07-01,7.0,4.8,89846,56349380,136426770,6288,14871
20260702,20264027,극장판 도라에몽: 신 진구의 해저비밀성,2026-07-01,5.1,3.3,61418,28634200,95060900,3157,10678
20260702,20264427,극장판 암살교실 모두의 시간,2026-07-01,10.3,1.4,26048,28552350,80198150,2680,7525
20260702,20250489,슈퍼걸,2026-06-24,3.1,4.3,81813,24055970,1337009860,2567,129953
20260702,20264569,레디 오어 낫: 죽음의 숨바꼭질,2026-07-01,4.8,2.0,36865,14805300,37630700,1779,4663
20260702,20264403,와인드업: 더 무비,2026-07-02,27.5,0.1,2673,11025000,11025000,735,735
20260708,20250655,디스클로저 데이,2026-06-10,33.3,0.1,2104,6642500,2796224150,700,260418
20260708,20242837,왕과 사는 남자,2026-02-04,57.7,0.1,1169,4592000,163171254840,674,16909513
20260708,20261784,미니언즈 & 몬스터즈,2026-07-15,19.4,0.1,2659,5936360,5936360,515,515
20260708,20264352,앤팀 브이알 콘서트 : 바운드리스,2026-06-26,36.3,0.1,1360,17622000,347853000,493,9686
20260708,20264241,정동원 팬콘서트 필름 : 다시 만나는 길,2026-06-26,21.9,0.1,1929,10575000,357800000,423,14312
20260708,20264665,드림 애니멀즈: 더무비,2026-07-24,90.6,0.0,413,3278000,23071000,374,2668
20260708,20259626,마이클,2026-05-13,7.4,0.2,3986,2848300,17884924730,295,1626865
20260708,20250489,슈퍼걸,2026-06-24,4.9,0.3,5625,2291500,1438943430,276,140697
20260708,19920296,금지된 장난,1992-09-26,14.9,0.1,1430,546000,9477000,213,4167
20260708,20263948,에픽: 엘비스 프레슬리 콘서트,2026-07-01,4.4,0.2,2929,1143000,119460500,130,14074
20260708,20190280,날씨의 아이,2019-10-30,92.9,0.0,113,1042500,7709777252,105,895506
20260708,20111101,고 녀석 맛나겠다,2011-07-07,75.0,0.0,136,714000,430341900,102,61948
20260708,20261782,프로젝트 헤일메리,2026-03-18,12.2,0.0,770,994650,32966295890,94,2906946
20260708,20261210,모험의 세계 원더월드 대탐험,2026-01-29,52.7,0.0,167,616000,3696000,88,328
20260708,20250586,주희에게,2026-04-15,86.0,0.0,93,720000,33617900,80,3725
20260708,20258236,만달로리안과 그로구,2026-05-27,7.7,0.0,1026,919000,2787931700,79,230349
20260708,20264403,와인드업: 더 무비,2026-07-02,5.5,0.1,1320,1095000,55950000,73,3730
20260708,20060356,싸이보그지만 괜찮아,2006-12-07,84.9,0.0,66,535000,3981942800,56,676047
20260708,20210684,두다다쿵: 후후섬의 비밀,2023-02-15,51.4,0.0,109,392000,1150651650,56,128030
20260708,20232639,극장판 슈퍼윙스: 맥시멈 스피드,2023-07-20,51.6,0.0,93,336000,1202177958,48,137424
20260708,20245063,"희망의 발견, 알래스카에서",2026-07-04,13.4,0.0,337,419000,6244500,45,733
20260708,19990147,부기나이트,1999-03-20,55.3,0.0,76,416000,19536000,42,2258
20260708,20263262,맘보 점보,2026-06-03,23.8,0.0,172,288000,80411800,41,9517
20260708,20248218,반칙왕 몽키,2026-05-20,41.8,0.0,98,250000,18427400,41,2183
20260708,20259791,악마는 프라다를 입는다 2,2026-04-29,29.8,0.0,124,435800,16190375530,37,1597180
20260708,20135428,어바웃 타임,2013-12-05,56.0,0.0,50,280000,25371030300,28,3455421
20260708,19930254,사랑의 블랙홀,1993-12-04,43.1,0.0,58,175000,19303000,25,2239
20260708,20212726,걸즈 앤 판처 최종장 제3화,2022-01-12,10.2,0.0,108,110000,69341500,11,6782
20260708,20262975,신극장판 은혼: 요시와라 대염상,2026-05-20,8.0,0.0,113,109000,908902540,9,81727
20260708,20255168,"극장판 뱅드림! 잇츠 마이고!!!!! 후편: 노래하자, 우리가 될 수 있는 노래 & 필름 라이브",2025-06-19,7.9,0.0,114,105000,85718400,9,9294
20260708,20264422,뮤지컬 푸른 사자 와니니,2026-07-01,1.5,0.0,536,120000,5955000,8,400
20260708,20254062,"극장판 뱅드림! 잇츠 마이고!!!!! 전편: 봄의 양지, 방황하는 고양이",2025-04-24,7.0,0.0,114,94000,77298700,8,8232
20260708,20249255,만약에 우리,2025-12-31,5.2,0.0,96,32000,25510808820,5,2602940
20260708,20264649,메가 샤크 어택,2026-07-02,5.4,0.0,93,30000,747000,5,93
20260708,20263521,카드캡터 체리 극장판,2026-05-28,2.7,0.0,113,26000,215621740,3,20183
20260708,20264431,무서운 영화,2026-07-01,8.3,0.0,24,19000,36850700,2,3342
20260708,20263222,극장판 호빵맨: 세균맨과 그림책의 루룬,2026-05-23,5.0,0.0,40,15000,295122850,2,35475
20260708,20263162,그림자 내각,2026-06-25,1.9,0.0,106,13000,15298050,2,1606
20260708,20262327,특별편집판 기동전사 건담 철혈의 오펀스 우르드 헌트 -작은 도전자의 궤적-,2026-04-04,0.9,0.0,113,14000,36389750,1,3555
20260708,20264322,여자도 남자만큼 하고 싶다,2026-07-08,0.7,0.0,146,6000,6000,1,1
20260707,20259946,모아나,2026-07-08,100.0,0.0,624,10608000,10608000,624,624
20260707,20264352,앤팀 브이알 콘서트 : 바운드리스,2026-06-26,42.9,0.1,1360,20949000,330231000,584,9193
20260707,20264665,드림 애니멀즈: 더무비,2026-07-24,98.6,0.0,585,5043000,19793000,577,2294
20260707,20263948,에픽: 엘비스 프레슬리 콘서트,2026-07-01,2.8,0.9,16163,5959000,118317500,452,13944
20260707,20264431,무서운 영화,2026-07-01,5.7,0.3,5793,3604400,36831700,329,3340
20260707,20264241,정동원 팬콘서트 필름 : 다시 만나는 길,2026-06-26,8.2,0.2,3906,7975000,347225000,319,13889
20260707,20259626,마이클,2026-05-13,4.3,0.4,6597,3111100,17882076430,281,1626570
20260707,19920296,금지된 장난,1992-09-26,18.3,0.1,1430,627000,8931000,261,3954
20260707,20263845,정뱅이,2026-06-24,43.2,0.0,590,2290000,16658800,255,1769
20260707,20264403,와인드업: 더 무비,2026-07-02,7.2,0.2,2828,3045000,54855000,203,3657
20260707,20258236,만달로리안과 그로구,2026-05-27,5.4,0.2,2769,1691350,2787012700,150,230270
20260707,20250655,디스클로저 데이,2026-06-10,4.0,0.2,2763,1090900,2789581650,111,259718
20260707,20261782,프로젝트 헤일메리,2026-03-18,7.3,0.1,1188,925200,32965301240,87,2906852
20260707,20252373,넘버원,2026-02-11,52.6,0.0,152,560000,2690589020,80,280937
20260707,20263403,동지도,2026-07-01,4.8,0.1,1553,707600,4562800,74,502
20260707,20245063,"희망의 발견, 알래스카에서",2026-07-04,14.6,0.0,479,534500,5825500,70,688
20260707,20210684,두다다쿵: 후후섬의 비밀,2023-02-15,64.2,0.0,109,490000,1150259650,70,127974
20260707,20258945,너만 보이는 날,2026-06-24,2.3,0.2,3000,669500,147268750,68,16595
20260707,20232639,극장판 슈퍼윙스: 맥시멈 스피드,2023-07-20,59.1,0.0,93,385000,1201841958,55,137376
20260707,20247017,대가족,2024-12-11,54.8,0.0,93,306000,3133519600,51,359733
20260707,20226444,극장판 엄마 까투리: 도시로 간 까투리 가족,2022-09-08,38.3,0.0,107,287000,1630727999,41,177023
20260707,20263262,맘보 점보,2026-06-03,27.3,0.0,132,256000,80123800,36,9476
20260707,20253106,핑크퐁 공룡 유치원,2025-03-08,44.3,0.0,70,217000,3453500,31,511
20260707,20111101,고 녀석 맛나겠다,2011-07-07,17.7,0.0,158,196000,429627900,28,61846
20260707,20262975,신극장판 은혼: 요시와라 대염상,2026-05-20,8.3,0.0,290,244500,908793540,24,81718
20260707,19990147,부기나이트,1999-03-20,92.3,0.0,26,233000,19120000,24,2216
20260707,20135428,어바웃 타임,2013-12-05,48.0,0.0,50,231000,25370750300,24,3455393
20260707,19930254,사랑의 블랙홀,1993-12-04,21.7,0.0,92,200000,19128000,20,2214
20260707,20259791,악마는 프라다를 입는다 2,2026-04-29,4.6,0.0,346,164000,16189939730,16,1597143
20260707,20254121,살목지,2026-04-08,2.3,0.0,658,146000,33322013470,15,3240784
20260707,20255168,"극장판 뱅드림! 잇츠 마이고!!!!! 후편: 노래하자, 우리가 될 수 있는 노래 & 필름 라이브",2025-06-19,3.9,0.0,332,156000,85613400,13,9285
20260707,20263521,카드캡터 체리 극장판,2026-05-28,9.7,0.0,113,145500,215595740,11,20180
20260707,20254062,"극장판 뱅드림! 잇츠 마이고!!!!! 전편: 봄의 양지, 방황하는 고양이",2025-04-24,3.3,0.0,332,132000,77204700,11,8224
20260707,20196828,걸즈 앤 판처 최종장,2020-03-12,10.2,0.0,108,116000,58458000,11,5890
20260707,20264422,뮤지컬 푸른 사자 와니니,2026-07-01,1.3,0.0,457,90000,5835000,6,392
20260707,20212726,걸즈 앤 판처 최종장 제3화,2022-01-12,5.6,0.0,108,75000,69231500,6,6771
20260707,20248218,반칙왕 몽키,2026-05-20,3.5,0.0,143,34000,18177400,5,2142
20260707,20264649,메가 샤크 어택,2026-07-02,5.8,0.0,87,30000,717000,5,88
20260707,20247490,누룩,2026-04-15,5.1,0.0,78,28000,53567970,4,6885
20260707,20263598,패신저,2026-06-24,3.8,0.0,79,30000,34303400,3,3178
20260707,20263327,사랑의 하츄핑 특별판,2026-05-01,1.8,0.0,110,18000,142824610,2,15421
20260707,20262327,특별편집판 기동전사 건담 철혈의 오펀스 우르드 헌트 -작은 도전자의 궤적-,2026-04-04,0.9,0.0,113,11000,36375750,1,3554
20260707,20263162,그림자 내각,2026-06-25,0.9,0.0,106,6000,15285050,1,1604
20260706,20264665,드림 애니멀즈: 더무비,2026-07-24,70.3,0.0,805,4877000,14750000,566,1717
20260706,20233219,호프,2026-07-15,100.0,0.0,534,7986000,7986000,534,534
20260706,20263948,에픽: 엘비스 프레슬리 콘서트,2026-07-01,2.2,1.0,17757,4550000,112358500,386,13492
20260706,20259626,마이클,2026-05-13,6.2,0.4,6115,3966350,17878965330,378,1626289
20260706,20258236,만달로리안과 그로구,2026-05-27,11.0,0.2,2862,3654800,2785321350,316,230120
20260706,20264431,무서운 영화,2026-07-01,5.0,0.3,5911,3177300,33227300,293,3011
20260706,20242837,왕과 사는 남자,2026-02-04,10.9,0.1,2432,1993600,163158849640,264,16907725
20260706,20264241,정동원 팬콘서트 필름 : 다시 만나는 길,2026-06-26,5.8,0.2,4145,5975000,339250000,239,13570
20260706,20264403,와인드업: 더 무비,2026-07-02,7.9,0.2,2828,3360000,51810000,224,3454
20260706,20250655,디스클로저 데이,2026-06-10,5.1,0.2,2905,1520100,2788490750,149,259607
20260706,20261782,프로젝트 헤일메리,2026-03-18,9.8,0.0,940,1053900,32964376040,92,2906765
20260706,20245063,"희망의 발견, 알래스카에서",2026-07-04,18.9,0.0,455,676000,5291000,86,618
20260706,20226444,극장판 엄마 까투리: 도시로 간 까투리 가족,2022-09-08,59.6,0.0,109,455000,1630440999,65,176982
20260706,19990147,부기나이트,1999-03-20,42.4,0.0,118,478000,18887000,50,2192
20260706,20263403,동지도,2026-07-01,1.9,0.1,2063,315000,3855200,39,428
20260706,20263262,맘보 점보,2026-06-03,29.6,0.0,132,273000,79867800,39,9440
20260706,20258945,너만 보이는 날,2026-06-24,1.9,0.1,1804,334800,146599250,35,16527
20260706,20248218,반칙왕 몽키,2026-05-20,8.7,0.0,378,234000,18143400,33,2137
20260706,20249255,만약에 우리,2025-12-31,62.5,0.0,48,210000,25510776820,30,2602935
20260706,20259791,악마는 프라다를 입는다 2,2026-04-29,7.2,0.0,389,297900,16189775730,28,1597127
20260706,20262975,신극장판 은혼: 요시와라 대염상,2026-05-20,6.4,0.0,328,230000,908549040,21,81694
20260706,20135428,어바웃 타임,2013-12-05,28.9,0.0,52,150000,25370519300,15,3455369
20260706,20254062,"극장판 뱅드림! 잇츠 마이고!!!!! 전편: 봄의 양지, 방황하는 고양이",2025-04-24,3.6,0.0,332,142000,77072700,12,8213
20260706,20255168,"극장판 뱅드림! 잇츠 마이고!!!!! 후편: 노래하자, 우리가 될 수 있는 노래 & 필름 라이브",2025-06-19,3.0,0.0,332,120000,85457400,10,9272
20260706,20212726,걸즈 앤 판처 최종장 제3화,2022-01-12,9.3,0.0,108,102000,69156500,10,6765
20260706,20196828,걸즈 앤 판처 최종장,2020-03-12,7.4,0.0,108,79000,58342000,8,5879
20260706,20262327,특별편집판 기동전사 건담 철혈의 오펀스 우르드 헌트 -작은 도전자의 궤적-,2026-04-04,5.3,0.0,113,68000,36364750,6,3553
20260706,20263521,카드캡터 체리 극장판,2026-05-28,2.7,0.0,226,57000,215450240,6,20169
20260706,20264649,메가 샤크 어택,2026-07-02,7.4,0.0,68,30000,687000,5,83
20260706,20264405,폴스 플랙,2026-06-25,8.5,0.0,59,30000,777000,5,98
20260706,20264422,뮤지컬 푸른 사자 와니니,2026-07-01,0.9,0.0,449,60000,5745000,4,386
20260706,20254121,살목지,2026-04-08,2.6,0.0,156,43000,33321867470,4,3240769
20260706,20111101,고 녀석 맛나겠다,2011-07-07,1.4,0.0,210,26000,429431900,3,61818
20260706,20263371,사랑의 네 가지 온도,2026-07-02,3.5,0.0,85,20000,365000,3,49
20260706,20263598,패신저,2026-06-24,2.5,0.0,79,15000,34273400,2,3175
20260706,20256627,"나쁜 여자, 아랫도리 길들이기 무삭제 : 아카리 츠무기",2026-07-06,0.7,0.0,146,6000,6000,1,1
20260706,20264619,다섯 가지 맛,2026-07-06,1.7,0.0,59,6000,6000,1,1
20260706,20264637,마사지 룸 : 멈출수 없는 경련,2026-07-06,1.7,0.0,59,6000,6000,1,1
20260706,20263252,처제의 가랑이 사이에 갇힌 형부,2026-07-06,0.7,0.0,146,6000,6000,1,1
20260706,20030126,4인용 식탁,2003-08-08,0.0,0.0,212,0,298000,0,60
20260706,20090434,불신지옥,2009-08-12,0.0,0.0,212,0,1795789500,0,248291
20260705,20264403,와인드업: 더 무비,2026-07-02,34.3,0.1,2725,14025000,48450000,935,3230
20260705,20259626,마이클,2026-05-13,14.3,0.3,5636,8384040,17874998980,808,1625911
20260705,20264352,앤팀 브이알 콘서트 : 바운드리스,2026-06-26,55.7,0.1,1360,27192000,271899000,757,7568
20260705,20264241,정동원 팬콘서트 필름 : 다시 만나는 길,2026-06-26,17.1,0.2,4074,17425000,333275000,697,13331
20260705,20247457,신의악단,2025-12-31,82.6,0.0,758,6447000,13833313730,626,1453642
20260705,20263948,에픽: 엘비스 프레슬리 콘서트,2026-07-01,3.6,0.8,16843,7150500,107808500,606,13106
20260705,20264431,무서운 영화,2026-07-01,7.3,0.3,5628,4671100,30050000,413,2718
20260705,20250655,디스클로저 데이,2026-06-10,11.6,0.2,3358,3968800,2786970650,391,259458
20260705,20258236,만달로리안과 그로구,2026-05-27,13.6,0.1,2763,4095000,2781666550,376,229804
20260705,20264422,뮤지컬 푸른 사자 와니니,2026-07-01,17.4,0.1,1562,4080000,5685000,272,382
20260705,20242837,왕과 사는 남자,2026-02-04,12.4,0.1,2068,2124500,163156856040,257,16907461
20260705,20263597,최후의 만찬,2026-06-04,64.8,0.0,324,2019000,65222620,210,6963
20260705,20261782,프로젝트 헤일메리,2026-03-18,16.3,0.1,1224,2313200,32963322140,200,2906673
20260705,20050194,회로,2026-07-08,57.3,0.0,344,2266800,13130500,197,1604
20260705,20258945,너만 보이는 날,2026-06-24,4.2,0.2,4063,1910650,146264450,170,16492
20260705,20111101,고 녀석 맛나겠다,2011-07-07,9.3,0.1,1513,1254050,429405900,141,61815
20260705,20264665,드림 애니멀즈: 더무비,2026-07-24,100.0,0.0,91,728000,9873000,91,1151
20260705,20263512,이상한 과자 가게 전천당,2026-05-29,11.3,0.0,711,833600,1485411990,80,163803
20260705,20262975,신극장판 은혼: 요시와라 대염상,2026-05-20,15.3,0.0,490,943900,908319040,75,81673
20260705,20259791,악마는 프라다를 입는다 2,2026-04-29,20.7,0.0,348,859600,16189477830,72,1597099
20260705,20245063,"희망의 발견, 알래스카에서",2026-07-04,12.8,0.0,507,619000,4615000,65,532
20260705,20210752,뱅드림! 필름 라이브 세컨드 스테이지,2021-11-18,34.1,0.0,170,719750,362829277,58,35959
20260705,20247176,드래곤 길들이기,2025-06-06,100.0,0.0,58,696000,17972756490,58,1792678
20260705,20196409,뱅드림! 필름 라이브,2019-09-26,25.3,0.0,170,520750,180422430,43,20606
20260705,20263598,패신저,2026-06-24,2.8,0.1,1422,464900,34258400,40,3173
20260705,20135428,어바웃 타임,2013-12-05,72.0,0.0,50,360000,25370369300,36,3455354
20260705,20263403,동지도,2026-07-01,2.3,0.1,1468,332400,3540200,34,389
20260705,19990147,부기나이트,1999-03-20,76.9,0.0,26,211000,18409000,20,2142
20260705,20254121,살목지,2026-04-08,2.3,0.0,726,169000,33321824470,17,3240765
20260705,20255168,"극장판 뱅드림! 잇츠 마이고!!!!! 후편: 노래하자, 우리가 될 수 있는 노래 & 필름 라이브",2025-06-19,4.5,0.0,332,189000,85337400,15,9262
20260705,20249015,납치 48시간,2026-06-17,11.0,0.0,137,105000,40173290,15,3732
20260705,20236563,걸즈 앤 판처 최종장 제4화,2024-01-17,12.0,0.0,108,170000,130073500,13,10988
20260705,20259773,슈퍼 마리오 갤럭시,2026-04-29,17.7,0.0,68,160000,15887262860,12,1636169
20260705,20263521,카드캡터 체리 극장판,2026-05-28,4.9,0.0,226,104500,215393240,11,20163
20260705,20263327,사랑의 하츄핑 특별판,2026-05-01,15.7,0.0,70,89000,142806610,11,15419
20260705,20263222,극장판 호빵맨: 세균맨과 그림책의 루룬,2026-05-23,7.4,0.0,135,76000,295107850,10,35473
20260705,20263162,그림자 내각,2026-06-25,10.4,0.0,77,53000,15279050,8,1603
20260705,20254062,"극장판 뱅드림! 잇츠 마이고!!!!! 전편: 봄의 양지, 방황하는 고양이",2025-04-24,2.1,0.0,332,89000,76930700,7,8201
20260705,20262771,현상수배,2026-06-10,18.0,0.0,39,49000,60990050,7,7360
20260705,20248218,반칙왕 몽키,2026-05-20,5.2,0.0,135,47000,17909400,7,2104
20260705,20263262,맘보 점보,2026-06-03,7.5,0.0,80,46000,79594800,6,9401
20260705,20263371,사랑의 네 가지 온도,2026-07-02,6.7,0.0,90,40000,345000,6,46
20260705,20263845,정뱅이,2026-06-24,2.1,0.0,144,24000,14368800,3,1514
20260705,20246091,이인,2026-05-27,1.1,0.0,186,20000,3286000,2,351
20260704,20264403,와인드업: 더 무비,2026-07-02,38.8,0.1,2728,15855000,34425000,1057,2295
20260704,20259626,마이클,2026-05-13,14.7,0.3,6288,10183640,17866614940,926,1625103
20260704,20263948,에픽: 엘비스 프레슬리 콘서트,2026-07-01,4.6,0.7,16714,9727500,100658000,769,12500
20260704,20264241,정동원 팬콘서트 필름 : 다시 만나는 길,2026-06-26,16.6,0.2,4460,18500000,315850000,740,12634
20260704,20264352,앤팀 브이알 콘서트 : 바운드리스,2026-06-26,51.5,0.1,1360,25101000,244707000,700,6811
20260704,20264431,무서운 영화,2026-07-01,12.4,0.2,5064,7082450,25378900,627,2305
20260704,20250655,디스클로저 데이,2026-06-10,15.1,0.2,3502,5582120,2783001850,530,259067
20260704,20258236,만달로리안과 그로구,2026-05-27,18.3,0.1,2649,5510300,2777571550,484,229428
20260704,20050194,회로,2026-07-08,41.4,0.0,723,3384700,10863700,299,1407
20260704,20261782,프로젝트 헤일메리,2026-03-18,17.9,0.1,1292,2643200,32961008940,231,2906473
20260704,20263597,최후의 만찬,2026-06-04,90.6,0.0,234,1544000,63203620,212,6753
20260704,20263512,이상한 과자 가게 전천당,2026-05-29,18.0,0.0,824,1282500,1484578390,148,163723
20260704,20258945,너만 보이는 날,2026-06-24,4.1,0.1,3165,1395350,144353800,130,16322
20260704,20111101,고 녀석 맛나겠다,2011-07-07,6.5,0.1,1575,957450,428151850,102,61674
20260704,20256034,킹 오브 프리즘 -유어 엔드리스 콜- 모두 빛나라! 프리즘 투어즈,2025-07-18,35.2,0.0,284,1100000,411790910,100,43868
20260704,20167041,킹 오브 프리즘 (바이 프리티 리듬),2016-08-11,35.2,0.0,284,800000,1024216957,100,123334
20260704,20263845,정뱅이,2026-06-24,29.7,0.0,330,1058000,14344800,98,1511
20260704,20262975,신극장판 은혼: 요시와라 대염상,2026-05-20,16.9,0.0,568,1043300,907375140,96,81598
20260704,20247490,누룩,2026-04-15,73.8,0.0,122,976000,53539970,90,6881
20260704,20210752,뱅드림! 필름 라이브 세컨드 스테이지,2021-11-18,50.6,0.0,170,1062700,362109527,86,35901
20260704,20245063,"희망의 발견, 알래스카에서",2026-07-04,17.2,0.0,489,767000,3996000,84,467
20260704,20196409,뱅드림! 필름 라이브,2019-09-26,45.3,0.0,170,963700,179901680,77,20563
20260704,20242837,왕과 사는 남자,2026-02-04,3.9,0.1,1793,622900,163154731540,70,16907204
20260704,20259791,악마는 프라다를 입는다 2,2026-04-29,9.9,0.0,494,575000,16188618230,49,1597027
20260704,20264422,뮤지컬 푸른 사자 와니니,2026-07-01,3.9,0.0,972,570000,1605000,38,110
20260704,20263598,패신저,2026-06-24,2.7,0.0,1218,381700,33793500,33,3133
20260704,20263403,동지도,2026-07-01,3.3,0.0,903,280350,3207800,30,355
20260704,20135428,어바웃 타임,2013-12-05,57.7,0.0,52,210000,25370009300,30,3455318
20260704,20263253,극장판 내 마음의 위험한 녀석,2026-05-21,25.7,0.0,113,384500,341628600,29,30333
20260704,20263222,극장판 호빵맨: 세균맨과 그림책의 루룬,2026-05-23,3.3,0.0,787,205000,295031850,26,35463
20260704,20249015,납치 48시간,2026-06-17,19.0,0.0,137,182000,40068290,26,3717
20260704,20254121,살목지,2026-04-08,3.0,0.0,844,267000,33321655470,25,3240748
20260704,20255168,"극장판 뱅드림! 잇츠 마이고!!!!! 후편: 노래하자, 우리가 될 수 있는 노래 & 필름 라이브",2025-06-19,6.3,0.0,332,269000,85148400,21,9247
20260704,20254062,"극장판 뱅드림! 잇츠 마이고!!!!! 전편: 봄의 양지, 방황하는 고양이",2025-04-24,5.1,0.0,332,217000,76841700,17,8194
20260704,20241696,극장판 프리큐어 올스타즈 F,2024-07-31,56.7,0.0,30,187000,63131346,17,6054
20260704,20236563,걸즈 앤 판처 최종장 제4화,2024-01-17,13.9,0.0,108,202000,129903500,15,10975
20260704,20259773,슈퍼 마리오 갤럭시,2026-04-29,11.1,0.0,108,106500,15887102860,12,1636157
20260704,20184801,유전,2018-06-07,36.7,0.0,30,132000,1608808430,11,182487
20260704,20263521,카드캡터 체리 극장판,2026-05-28,9.7,0.0,113,116000,215288740,11,20152
20260704,20050148,친절한 금자씨,2005-07-29,33.3,0.0,30,120000,20505884493,10,3121973
20260704,20263327,사랑의 하츄핑 특별판,2026-05-01,14.3,0.0,70,82000,142717610,10,15408
20260704,20263262,맘보 점보,2026-06-03,12.5,0.0,40,41000,79548800,5,9395
20260704,20262771,현상수배,2026-06-10,10.3,0.0,39,28000,60941050,4,7353
20260704,19970157,로스트 하이웨이,1997-05-10,6.3,0.0,32,20000,44480022,2,4749
20260704,20263162,그림자 내각,2026-06-25,1.9,0.0,106,12000,15226050,2,1595
20260703,20264665,드림 애니멀즈: 더무비,2026-07-24,89.7,0.0,663,5225000,9145000,595,1060
20260703,20264431,무서운 영화,2026-07-01,8.9,0.3,6346,6404900,18296450,566,1678
20260703,20264403,와인드업: 더 무비,2026-07-02,19.0,0.1,2642,7545000,18570000,503,1238
20260703,20259626,마이클,2026-05-13,6.5,0.4,7087,5051820,17856431300,461,1624177
20260703,20263948,에픽: 엘비스 프레슬리 콘서트,2026-07-01,2.3,0.8,17418,4861500,90930500,393,11731
20260703,20264241,정동원 팬콘서트 필름 : 다시 만나는 길,2026-06-26,7.5,0.2,4877,9100000,297350000,364,11894
20260703,20258236,만달로리안과 그로구,2026-05-27,11.9,0.1,2934,4189300,2772061250,349,228944
20260703,20242837,왕과 사는 남자,2026-02-04,12.4,0.1,2402,2005000,163154108640,297,16907134
20260703,20250655,디스클로저 데이,2026-06-10,5.0,0.2,4552,2353800,2777419730,227,258537
20260703,20261782,프로젝트 헤일메리,2026-03-18,14.4,0.0,955,1629300,32958365740,137,2906242
20260703,20259791,악마는 프라다를 입는다 2,2026-04-29,39.4,0.0,320,1272500,16188043230,126,1596978
20260703,20212932,탈주,2024-07-03,100.0,0.0,124,1736000,24246271596,124,2562529
20260703,20263222,극장판 호빵맨: 세균맨과 그림책의 루룬,2026-05-23,88.0,0.0,125,770000,294826850,110,35437
20260703,20263262,맘보 점보,2026-06-03,18.7,0.0,567,652000,79507800,106,9390
20260703,20263512,이상한 과자 가게 전천당,2026-05-29,62.6,0.0,155,757000,1483295890,97,163575
20260703,20262771,현상수배,2026-06-10,98.0,0.0,98,576000,60913050,96,7349
20260703,20263403,동지도,2026-07-01,3.6,0.1,2455,753300,2927450,89,325
20260703,20250299,고고다이노 극장판: 곤충세계 대모험,2026-01-14,100.0,0.0,87,696000,378856800,87,42464
20260703,19990147,부기나이트,1999-03-20,44.4,0.0,124,627000,18198000,55,2122
20260703,20258945,너만 보이는 날,2026-06-24,1.8,0.2,3062,573700,142958450,55,16192
20260703,20262975,신극장판 은혼: 요시와라 대염상,2026-05-20,13.9,0.0,353,550000,906331840,49,81502
20260703,20111101,고 녀석 맛나겠다,2011-07-07,12.3,0.0,318,271000,427194400,39,61572
20260703,20246777,더 폴: 디렉터스 컷,2024-12-25,56.9,0.0,58,330000,1968856400,33,190538
20260703,20263371,사랑의 네 가지 온도,2026-07-02,19.8,0.0,162,246000,305000,32,40
20260703,20249255,만약에 우리,2025-12-31,62.5,0.0,48,210000,25510566820,30,2602905
20260703,20254121,살목지,2026-04-08,3.0,0.0,837,223600,33321388470,25,3240723
20260703,20210752,뱅드림! 필름 라이브 세컨드 스테이지,2021-11-18,18.6,0.0,113,282500,361046827,21,35815
20260703,20246361,뽀로로 극장판 바닷속 대모험,2025-01-01,43.8,0.0,48,126000,3689681210,21,431131
20260703,20263598,패신저,2026-06-24,5.6,0.0,303,217300,33411800,17,3100
20260703,20196409,뱅드림! 필름 라이브,2019-09-26,14.2,0.0,113,200000,178937980,16,20486
20260703,20264422,뮤지컬 푸른 사자 와니니,2026-07-01,1.3,0.1,1138,225000,1035000,15,72
20260703,20135428,어바웃 타임,2013-12-05,30.0,0.0,50,147000,25369799300,15,3455288
20260703,20236563,걸즈 앤 판처 최종장 제4화,2024-01-17,5.1,0.0,216,130000,129701500,11,10960
20260703,20248218,반칙왕 몽키,2026-05-20,4.0,0.0,272,78000,17862400,11,2097
20260703,20263253,극장판 내 마음의 위험한 녀석,2026-05-21,8.0,0.0,113,120500,341244100,9,30304
20260703,20255168,"극장판 뱅드림! 잇츠 마이고!!!!! 후편: 노래하자, 우리가 될 수 있는 노래 & 필름 라이브",2025-06-19,2.1,0.0,332,91000,84879400,7,9226
20260703,20254062,"극장판 뱅드림! 잇츠 마이고!!!!! 전편: 봄의 양지, 방황하는 고양이",2025-04-24,1.5,0.0,332,65000,76624700,5,8177
20260703,20264649,메가 샤크 어택,2026-07-02,6.0,0.0,84,30000,657000,5,78
20260703,20263845,정뱅이,2026-06-24,1.6,0.0,186,26000,13286800,3,1413
20260703,20249015,납치 48시간,2026-06-17,7.7,0.0,39,21000,39886290,3,3691
20260703,20263521,카드캡터 체리 극장판,2026-05-28,1.8,0.0,113,22000,215172740,2,20141
20260703,20263597,최후의 만찬,2026-06-04,3.9,0.0,52,14000,61659620,2,6541
20260703,20263327,사랑의 하츄핑 특별판,2026-05-01,2.5,0.0,40,9000,142635610,1,15398
20260703,20264848,난교:떡치는 사람들 무삭제,2026-07-03,1.2,0.0,83,6000,6000,1,1
20260703,20264850,점장에게 박혀버린 진상녀,2026-07-03,1.2,0.0,83,6000,6000,1,1
20260703,20264849,취한 아내와 마을 남자들,2026-07-03,1.2,0.0,83,6000,6000,1,1
20260702,20264241,정동원 팬콘서트 필름 : 다시 만나는 길,2026-06-26,11.3,0.3,5451,15325000,288250000,613,11530
20260702,20264352,앤팀 브이알 콘서트 : 바운드리스,2026-06-26,38.1,0.1,1360,18594000,185946000,518,5170
20260702,20263948,에픽: 엘비스 프레슬리 콘서트,2026-07-01,2.2,1.1,20888,5471000,86069000,467,11338
20260702,20250655,디스클로저 데이,2026-06-10,10.9,0.2,4149,5661800,2775065930,452,258310
20260702,20264431,무서운 영화,2026-07-01,6.9,0.3,6213,4474400,11891550,426,1112
20260702,20259626,마이클,2026-05-13,5.9,0.3,6392,3795490,17851379480,377,1623716
20260702,20264665,드림 애니멀즈: 더무비,2026-07-24,100.0,0.0,169,1352000,3920000,169,465
20260702,20242837,왕과 사는 남자,2026-02-04,7.1,0.1,2233,1179000,163152103640,159,16906837
20260702,20258236,만달로리안과 그로구,2026-05-27,5.7,0.2,2763,1823200,2767871950,156,228595
20260702,20261782,프로젝트 헤일메리,2026-03-18,11.1,0.1,1263,1492000,32956736440,140,2906105
20260702,20252680,스머프,2025-08-06,62.6,0.0,206,903000,1702699430,129,193143
20260702,20217826,육사오(6/45),2022-08-24,60.6,0.0,165,600000,19795578880,100,1981339
20260702,20030371,태극기 휘날리며,2004-02-05,69.0,0.0,145,600000,15888993200,100,2571629
20260702,20258945,너만 보이는 날,2026-06-24,2.6,0.2,3293,848350,142384750,84,16137
20260702,20264649,메가 샤크 어택,2026-07-02,5.9,0.1,1236,627000,627000,73,73
20260702,20206946,시민덕희,2024-01-24,100.0,0.0,71,688000,16193264097,71,1717667
20260702,20263512,이상한 과자 가게 전천당,2026-05-29,20.6,0.0,281,402000,1482538890,58,163478
20260702,20249255,만약에 우리,2025-12-31,95.8,0.0,48,322000,25510356820,46,2602875
20260702,20259791,악마는 프라다를 입는다 2,2026-04-29,20.4,0.0,196,459300,16186770730,40,1596852
20260702,20259773,슈퍼 마리오 갤럭시,2026-04-29,57.1,0.0,70,280000,15886996360,40,1636145
20260702,20248218,반칙왕 몽키,2026-05-20,43.5,0.0,85,259000,17784400,37,2086
20260702,20263262,맘보 점보,2026-06-03,4.9,0.0,637,228000,78855800,31,9284
20260702,20264422,뮤지컬 푸른 사자 와니니,2026-07-01,3.8,0.0,793,450000,810000,30,57
20260702,20263403,동지도,2026-07-01,2.1,0.1,1343,306000,2174150,28,236
20260702,20262771,현상수배,2026-06-10,11.4,0.0,245,190000,60337050,28,7253
20260702,20212726,걸즈 앤 판처 최종장 제3화,2022-01-12,21.3,0.0,108,262000,69054500,23,6755
20260702,20236563,걸즈 앤 판처 최종장 제4화,2024-01-17,19.4,0.0,108,254000,129571500,21,10949
20260702,20262975,신극장판 은혼: 요시와라 대염상,2026-05-20,6.2,0.0,290,208000,905781840,18,81453
20260702,19990147,부기나이트,1999-03-20,19.6,0.0,92,180000,17571000,18,2067
20260702,20210752,뱅드림! 필름 라이브 세컨드 스테이지,2021-11-18,15.0,0.0,113,192000,360764327,17,35794
20260702,20255168,"극장판 뱅드림! 잇츠 마이고!!!!! 후편: 노래하자, 우리가 될 수 있는 노래 & 필름 라이브",2025-06-19,4.5,0.0,332,176000,84788400,15,9219
20260702,20135428,어바웃 타임,2013-12-05,28.9,0.0,52,147000,25369652300,15,3455273
20260702,20254062,"극장판 뱅드림! 잇츠 마이고!!!!! 전편: 봄의 양지, 방황하는 고양이",2025-04-24,3.9,0.0,332,154000,76559700,13,8172
20260702,20254121,살목지,2026-04-08,2.1,0.0,607,129500,33321164870,13,3240698
20260702,20263598,패신저,2026-06-24,2.5,0.0,475,140500,33194500,12,3083
20260702,20196409,뱅드림! 필름 라이브,2019-09-26,9.7,0.0,113,133000,178737980,11,20470
20260702,20263222,극장판 호빵맨: 세균맨과 그림책의 루룬,2026-05-23,47.6,0.0,21,62000,294056850,10,35327
20260702,20245063,"희망의 발견, 알래스카에서",2026-07-04,15.4,0.0,52,80000,3229000,8,383
20260702,20263371,사랑의 네 가지 온도,2026-07-02,4.9,0.0,162,59000,59000,8,8
20260702,20263253,극장판 내 마음의 위험한 녀석,2026-05-21,5.3,0.0,113,72000,341123600,6,30295
20260702,20249015,납치 48시간,2026-06-17,4.4,0.0,137,42000,39865290,6,3688
20260702,20263521,카드캡터 체리 극장판,2026-05-28,3.5,0.0,113,40000,215150740,4,20139
20260702,20259869,국가초기화,2026-06-26,0.4,0.0,284,7000,1708500,1,161
20260702,20263162,그림자 내각,2026-06-25,0.9,0.0,106,7000,15214050,1,1593
20260702,20263845,정뱅이,2026-06-24,1.3,0.0,78,7000,13260800,1,1410
20260715,20233219,호프,2026-07-15,28.4,61.9,1177483,3668205360,3903913360,333886,351244
20260715,20261784,미니언즈 & 몬스터즈,2026-07-15,10.7,15.6,296609,328214270,362105030,31725,35562
20260715,20259946,모아나,2026-07-08,10.5,6.5,123511,134229500,6378858980,13018,579526
20260715,20242402,눈동자,2026-06-24,11.8,5.3,100568,122870500,13765501730,11859,1338896
20260715,20259781,토이 스토리 5,2026-06-17,12.9,3.5,66165,82932620,26989562120,8518,2623694
20260715,20248252,와일드 씽,2026-06-03,17.7,0.4,6795,10023350,12939636740,1205,1338808
20260715,20252402,군체,2026-05-21,6.7,0.9,16759,11343050,62440452400,1122,5927514
20260715,20264665,드림 애니멀즈: 더무비,2026-07-24,99.6,0.0,896,7918000,50347000,892,5781
20260715,20264427,극장판 암살교실 모두의 시간,2026-07-01,18.5,0.2,3135,6319300,304127500,581,28401
20260715,20264056,그린랜드 2: 마이그레이션,2026-07-01,26.4,0.1,1830,3553000,524908150,483,55041
20260714,20259946,모아나,2026-07-08,4.2,35.7,620407,282484450,6244629480,25966,566508
20260714,20242402,눈동자,2026-06-24,5.9,22.3,388083,245576930,13642631230,22901,1327037
20260714,20259781,토이 스토리 5,2026-06-17,6.4,15.5,269554,175798050,26906629500,17149,2615176
20260714,20252402,군체,2026-05-21,6.5,5.3,92507,61387200,62429109350,5977,5926392
20260714,20248252,와일드 씽,2026-06-03,5.7,2.4,42541,22360800,12929613390,2427,1337603
20260714,20233219,호프,2026-07-15,99.4,0.1,2328,33223000,235708000,2313,17358
20260714,20264027,극장판 도라에몽: 신 진구의 해저비밀성,2026-07-01,3.1,1.5,25349,8135500,558816650,790,58757
20260714,20264056,그린랜드 2: 마이그레이션,2026-07-01,3.7,1.0,18129,6801950,521355150,668,54558
20260714,20264427,극장판 암살교실 모두의 시간,2026-07-01,6.5,0.6,10257,7730300,297808200,666,27820
20260714,20264665,드림 애니멀즈: 더무비,2026-07-24,94.4,0.0,699,5940000,42429000,660,4889
20260713,20259946,모아나,2026-07-08,4.5,36.7,653056,322845250,5962145030,29084,540542
20260713,20242402,눈동자,2026-06-24,6.7,22.5,400323,287804770,13397054300,26897,1304136
20260713,20259781,토이 스토리 5,2026-06-17,6.6,15.2,270838,184909200,26730831450,17731,2598027
20260713,20252402,군체,2026-05-21,6.6,5.2,92472,64586700,62367722150,6106,5920415
20260713,20233219,호프,2026-07-15,100.0,0.2,4365,42309000,202485000,4365,15045
20260713,20248252,와일드 씽,2026-06-03,5.1,2.2,38435,16734300,12907252590,1947,1335176
20260713,20264056,그린랜드 2: 마이그레이션,2026-07-01,6.9,1.1,19534,13169800,514553200,1346,53890
20260713,20264027,극장판 도라에몽: 신 진구의 해저비밀성,2026-07-01,3.1,1.5,26486,8758800,550681150,817,57967
20260713,20264427,극장판 암살교실 모두의 시간,2026-07-01,5.8,0.6,9992,6644850,290077900,581,27154
20260713,20264352,앤팀 브이알 콘서트 : 바운드리스,2026-06-26,29.8,0.1,1360,14403000,486930000,405,13600
20260712,20259946,모아나,2026-07-08,19.1,39.3,863496,1824374270,5639299780,164927,511458
20260712,20259781,토이 스토리 5,2026-06-17,25.1,17.9,392891,1060338000,26545922250,98662,2580296
20260712,20242402,눈동자,2026-06-24,20.9,20.8,456826,1039009150,13109249530,95577,1277239
20260712,20252402,군체,2026-05-21,16.3,3.8,83196,150602370,62303135450,13527,5914309
20260712,20233219,호프,2026-07-15,94.0,0.2,5372,75750000,160176000,5050,10680
20260712,20264027,극장판 도라에몽: 신 진구의 해저비밀성,2026-07-01,12.1,1.8,40470,51602950,541922350,4880,57150
20260712,20248252,와일드 씽,2026-06-03,10.8,1.6,34496,32698100,12890518290,3721,1333229
20260712,20264718,블리치 천년혈전 편 : 화진담,2026-07-04,89.3,0.1,2790,32860000,141409000,2492,10489
20260712,20264056,그린랜드 2: 마이그레이션,2026-07-01,11.8,0.7,14740,18084350,501383400,1735,52544
20260712,20264427,극장판 암살교실 모두의 시간,2026-07-01,16.4,0.4,9859,17336800,283433050,1620,26573
20260711,20259946,모아나,2026-07-08,19.9,39.4,905016,2016852640,3814925510,180178,346531
20260711,20242402,눈동자,2026-06-24,23.1,21.0,482525,1215565510,12070240380,111498,1181662
20260711,20259781,토이 스토리 5,2026-06-17,26.4,17.1,392931,1126596760,25485584250,103545,2481634
20260711,20252402,군체,2026-05-21,18.0,3.8,86985,175498700,62152533080,15644,5900782
20260711,20264027,극장판 도라에몽: 신 진구의 해저비밀성,2026-07-01,12.9,1.9,43199,58551550,490319400,5580,52270
20260711,20233219,호프,2026-07-15,96.0,0.2,5307,76440000,84426000,5096,5630
20260711,20248252,와일드 씽,2026-06-03,12.7,1.6,37985,42988250,12857820190,4813,1329508
20260711,20264718,블리치 천년혈전 편 : 화진담,2026-07-04,86.0,0.2,3903,44626000,108549000,3355,7997
20260711,20264056,그린랜드 2: 마이그레이션,2026-07-01,14.1,0.7,16210,23722400,483299050,2277,50809
20260711,20264427,극장판 암살교실 모두의 시간,2026-07-01,20.4,0.4,9289,20910800,266096250,1896,24953
20260710,20259946,모아나,2026-07-08,7.4,39.1,796834,677949060,1798072870,58817,166353
20260710,20242402,눈동자,2026-06-24,11.7,21.2,433043,556516060,10854674870,50730,1070164
20260710,20259781,토이 스토리 5,2026-06-17,12.4,14.4,292706,382208530,24358987490,36305,2378089
20260710,20252402,군체,2026-05-21,8.8,4.4,89435,87793600,61977034380,7837,5885138
20260710,20248252,와일드 씽,2026-06-03,8.0,2.3,47259,33009550,12814831940,3787,1324695
20260710,20264056,그린랜드 2: 마이그레이션,2026-07-01,14.6,1.0,19287,25785900,459576650,2819,48532
20260710,20261784,미니언즈 & 몬스터즈,2026-07-15,71.7,0.1,2423,14208720,21074360,1738,2318
20260710,20264027,극장판 도라에몽: 신 진구의 해저비밀성,2026-07-01,4.3,1.4,28223,13223500,431767850,1204,46690
20260710,20264352,앤팀 브이알 콘서트 : 바운드리스,2026-06-26,69.6,0.1,1360,33486000,401241000,946,11190
20260710,20264427,극장판 암살교실 모두의 시간,2026-07-01,6.9,0.6,11150,8783400,245185450,767,23057
20260709,20259946,모아나,2026-07-08,5.2,40.3,764597,439641000,1120123810,39887,107536
20260709,20242402,눈동자,2026-06-24,8.7,23.0,436394,397856450,10298158810,38125,1019434
20260709,20259781,토이 스토리 5,2026-06-17,8.5,15.2,289563,254272790,23976778960,24625,2341784
20260709,20252402,군체,2026-05-21,7.5,5.2,98120,77814590,61889240780,7381,5877301
20260709,20248252,와일드 씽,2026-06-03,7.0,2.8,52333,30309300,12781822390,3642,1320908
20260709,20264056,그린랜드 2: 마이그레이션,2026-07-01,12.7,1.2,23731,26526200,433790750,3012,45713
20260709,20264027,극장판 도라에몽: 신 진구의 해저비밀성,2026-07-01,3.3,1.5,29336,10253400,418544350,958,45486
20260709,20242837,왕과 사는 남자,2026-02-04,69.4,0.1,1308,6239000,163177493840,908,16910421
20260709,20264427,극장판 암살교실 모두의 시간,2026-07-01,7.0,0.6,12282,9374550,236402050,853,22290
20260709,20264352,앤팀 브이알 콘서트 : 바운드리스,2026-06-26,41.0,0.1,1360,19902000,367755000,558,10244
20260715,20242837,왕과 사는 남자,2026-02-04,62.6,0.0,692,2796000,163187873840,433,16912003
20260715,20264352,앤팀 브이알 콘서트 : 바운드리스,2026-06-26,24.7,0.1,1360,11973000,513114000,336,14336
20260715,20050194,회로,2026-07-08,7.9,0.2,2805,2285000,59841610,221,5907
20260715,20264027,극장판 도라에몽: 신 진구의 해저비밀성,2026-07-01,3.0,0.3,6445,2063300,560879950,193,58950
20260715,20111101,고 녀석 맛나겠다,2011-07-07,68.1,0.0,279,1150000,432185900,190,62236
20260715,20190280,날씨의 아이,2019-10-30,35.3,0.0,320,1433600,7738283072,113,897655
20260715,20259626,마이클,2026-05-13,26.6,0.0,388,1211500,17912892280,103,1629316
20260715,20259773,슈퍼 마리오 갤럭시,2026-04-29,49.1,0.0,165,486000,15889297860,81,1636492
20260715,20256283,호퍼스,2026-03-04,93.8,0.0,64,540000,7541113010,60,764999
20260715,20226444,극장판 엄마 까투리: 도시로 간 까투리 가족,2022-09-08,43.9,0.0,130,424000,1631151999,57,177080
20260715,20200142,소방관,2024-12-04,98.1,0.0,53,312000,36319285170,52,3859617
20260715,20232639,극장판 슈퍼윙스: 맥시멈 스피드,2023-07-20,46.2,0.0,104,336000,1202954958,48,137535
20260715,20060356,싸이보그지만 괜찮아,2006-12-07,68.2,0.0,66,426000,3984952800,45,676354
20260715,20081375,샤이닝,2023-06-28,66.0,0.0,50,396000,217280678,33,21374
20260715,20000228,아이즈  와이드 셧,2000-09-01,60.0,0.0,50,360000,42621500,30,5057
20260715,20241266,휴민트,2026-02-11,26.1,0.0,115,150000,20004222860,30,1982506
20260715,20245000,핑크퐁과 호기: 새 친구 니니모 1부,2025-03-08,57.5,0.0,40,161000,3397000,23,485
20260715,20258236,만달로리안과 그로구,2026-05-27,6.5,0.0,338,310000,2797589200,22,231078
20260715,20225637,뿌까의 짜장면파티,2022-07-04,22.0,0.0,100,132000,261361500,22,43350
20260715,20261782,프로젝트 헤일메리,2026-03-18,8.2,0.0,256,262000,32984822240,21,2908547
20260715,20264952,또 먹버 당하는 발정 난 노처녀,2026-07-15,27.4,0.0,73,100000,100000,20,20
20260715,20264951,마사지 샵에서 몰래 먹는 여직원,2026-07-15,22.0,0.0,91,100000,100000,20,20
20260715,20240242,키타로 탄생 게게게의 수수께끼,2024-06-12,15.0,0.0,127,216500,431431300,19,40171
20260715,20250655,디스클로저 데이,2026-06-10,7.8,0.0,153,144000,2803705250,12,261018
20260715,20263948,에픽: 엘비스 프레슬리 콘서트,2026-07-01,6.2,0.0,161,71000,125929500,10,14750
20260715,20264405,폴스 플랙,2026-06-25,7.0,0.0,142,60000,867000,10,113
20260715,20254062,"극장판 뱅드림! 잇츠 마이고!!!!! 전편: 봄의 양지, 방황하는 고양이",2025-04-24,9.1,0.0,66,58000,77945700,6,8292
20260715,20263162,그림자 내각,2026-06-25,6.0,0.0,84,30000,15478050,5,1636
20260715,20264649,메가 샤크 어택,2026-07-02,8.5,0.0,59,30000,897000,5,118
20260715,20255168,"극장판 뱅드림! 잇츠 마이고!!!!! 후편: 노래하자, 우리가 될 수 있는 노래 & 필름 라이브",2025-06-19,4.6,0.0,66,39000,86621900,3,9363
20260715,20263262,맘보 점보,2026-06-03,5.0,0.0,40,16000,82243800,2,9815
20260715,20249255,만약에 우리,2025-12-31,2.1,0.0,48,6000,25511155820,1,2602994
20260714,20264241,정동원 팬콘서트 필름 : 다시 만나는 길,2026-06-26,29.1,0.1,1745,12675000,402525000,507,16101
20260714,20242837,왕과 사는 남자,2026-02-04,44.2,0.1,1032,3015000,163185077840,456,16911570
20260714,20264352,앤팀 브이알 콘서트 : 바운드리스,2026-06-26,29.4,0.1,1360,14211000,501141000,400,14000
20260714,20050194,회로,2026-07-08,10.8,0.2,3303,3959700,57556610,358,5686
20260714,20264569,레디 오어 낫: 죽음의 숨바꼭질,2026-07-01,3.0,0.5,8915,2902800,166671100,269,17494
20260714,20259626,마이클,2026-05-13,8.3,0.2,3030,2653100,17911680780,252,1629213
20260714,20190280,날씨의 아이,2019-10-30,28.6,0.0,793,2940000,7736849472,227,897542
20260714,20262771,현상수배,2026-06-10,96.5,0.0,200,1225000,65537050,193,8051
20260714,20259773,슈퍼 마리오 갤럭시,2026-04-29,49.6,0.0,337,1010000,15888811860,167,1636411
20260714,20263948,에픽: 엘비스 프레슬리 콘서트,2026-07-01,5.2,0.2,3091,1519500,125858500,162,14740
20260714,20261782,프로젝트 헤일메리,2026-03-18,11.6,0.1,1280,1866900,32984560240,149,2908526
20260714,20250489,슈퍼걸,2026-06-24,5.5,0.1,2335,1088500,1452473930,129,142258
20260714,20158482,동주,2016-02-17,81.8,0.0,143,936000,8934273603,117,1178502
20260714,20258236,만달로리안과 그로구,2026-05-27,6.1,0.1,1563,1195900,2797279200,95,231056
20260714,20111101,고 녀석 맛나겠다,2011-07-07,71.0,0.0,124,616000,431035900,88,62046
20260714,20247017,대가족,2024-12-11,41.0,0.0,212,522000,3134041600,87,359820
20260714,20245063,"희망의 발견, 알래스카에서",2026-07-04,50.3,0.0,169,707200,11522700,85,1379
20260714,20250655,디스클로저 데이,2026-06-10,5.3,0.1,1153,756600,2803561250,61,261006
20260714,20259791,악마는 프라다를 입는다 2,2026-04-29,24.6,0.0,248,699300,16194369230,61,1597530
20260714,20263403,동지도,2026-07-01,95.7,0.0,47,405000,4967800,45,547
20260714,20060356,싸이보그지만 괜찮아,2006-12-07,90.0,0.0,40,342000,3984526800,36,676309
20260714,20262975,신극장판 은혼: 요시와라 대염상,2026-05-20,15.5,0.0,226,406000,910635540,35,81866
20260714,20000228,아이즈  와이드 셧,2000-09-01,63.5,0.0,52,396000,42261500,33,5027
20260714,20241101,호랑님의 생일날,2024-10-04,60.4,0.0,48,174000,30331000,29,5021
20260714,20240242,키타로 탄생 게게게의 수수께끼,2024-06-12,19.7,0.0,127,312700,431214800,25,40152
20260714,20263521,카드캡터 체리 극장판,2026-05-28,7.5,0.0,226,209500,216299240,17,20238
20260714,19990147,부기나이트,1999-03-20,46.2,0.0,26,115000,20452000,12,2352
20260714,20255168,"극장판 뱅드림! 잇츠 마이고!!!!! 후편: 노래하자, 우리가 될 수 있는 노래 & 필름 라이브",2025-06-19,8.8,0.0,114,118000,86582900,10,9360
20260714,20264422,뮤지컬 푸른 사자 와니니,2026-07-01,1.5,0.0,611,135000,7203000,9,488
20260714,20261664,인터랙티브 신비아파트 : 극장귀의 속삭임,2026-07-09,2.1,0.0,377,120000,4740000,8,316
20260714,20254062,"극장판 뱅드림! 잇츠 마이고!!!!! 전편: 봄의 양지, 방황하는 고양이",2025-04-24,7.0,0.0,114,76000,77887700,8,8286
20260714,20263371,사랑의 네 가지 온도,2026-07-02,16.7,0.0,36,33000,445000,6,63
20260714,20264649,메가 샤크 어택,2026-07-02,9.4,0.0,53,30000,867000,5,113
20260714,20249255,만약에 우리,2025-12-31,4.2,0.0,48,13000,25511149820,2,2602993
20260714,20263845,정뱅이,2026-06-24,1.3,0.0,78,7000,19174800,1,2029
20260714,20248218,반칙왕 몽키,2026-05-20,0.7,0.0,144,6000,19072400,1,2254
20260714,20253242,남편으로는 부족한 새엄마를 풀어주다,2026-07-14,0.5,0.0,194,1000,1000,1,1
20260714,20253227,딸의 가정을 지키기 위해 벗은 장모님,2026-07-14,0.5,0.0,194,1000,1000,1,1
20260714,20264720,미니사이즈 22살 현역 간호사,2026-07-14,0.7,0.0,140,1000,1000,1,1
20260714,20253196,새엄마 마코짱의 가슴유혹 레전드편,2026-07-14,1.1,0.0,91,1000,1000,1,1
20260714,20253223,아빠가 출장이라 집을 비운후 새엄마가 벗었다,2026-07-14,1.1,0.0,91,1000,1000,1,1
20260714,20264990,애니성우 출신의 얼굴노출,2026-07-14,0.7,0.0,140,1000,1000,1,1
20260714,20253197,완숙 거유의 엄마친구가 안아준 동정,2026-07-14,1.1,0.0,91,1000,1000,1,1
20260714,20253195,치한전철 그놈들의 장난질에 반응하다,2026-07-14,1.1,0.0,91,1000,1000,1,1
20260714,20264749,캬바걸 F컵 잘록한 허리녀,2026-07-14,0.5,0.0,194,1000,1000,1,1
20260714,20264822,헬스트레이너 최초 얼굴공개,2026-07-14,0.7,0.0,140,1000,1000,1,1
20260713,20264569,레디 오어 낫: 죽음의 숨바꼭질,2026-07-01,3.7,0.5,9407,3904650,163768300,345,17225
20260713,20050194,회로,2026-07-08,7.9,0.2,4253,3765050,53596910,334,5328
20260713,20190280,날씨의 아이,2019-10-30,40.6,0.0,716,3686500,7733909472,291,897315
20260713,20259626,마이클,2026-05-13,5.5,0.2,3660,2094900,17909027680,201,1628961
20260713,20264241,정동원 팬콘서트 필름 : 다시 만나는 길,2026-06-26,8.3,0.1,1659,3425000,389850000,137,15594
20260713,20242837,왕과 사는 남자,2026-02-04,24.1,0.0,420,630000,163182062840,101,16911114
20260713,20261782,프로젝트 헤일메리,2026-03-18,7.7,0.1,1150,1028000,32982693340,88,2908377
20260713,20245063,"희망의 발견, 알래스카에서",2026-07-04,64.7,0.0,133,782000,10815500,86,1294
20260713,20258236,만달로리안과 그로구,2026-05-27,7.0,0.1,1072,967000,2796083300,75,230961
20260713,20240242,키타로 탄생 게게게의 수수께끼,2024-06-12,57.5,0.0,127,910600,430902100,73,40127
20260713,20250489,슈퍼걸,2026-06-24,3.7,0.1,1909,593300,1451385430,70,142129
20260713,20263948,에픽: 엘비스 프레슬리 콘서트,2026-07-01,2.3,0.2,2708,609500,124339000,63,14578
20260713,20259791,악마는 프라다를 입는다 2,2026-04-29,22.0,0.0,264,669300,16193669930,58,1597469
20260713,20250655,디스클로저 데이,2026-06-10,6.6,0.0,822,673500,2802804650,54,260945
20260713,20081375,샤이닝,2023-06-28,76.9,0.0,52,480000,216884678,40,21341
20260713,20060356,싸이보그지만 괜찮아,2006-12-07,100.0,0.0,40,374000,3984184800,40,676273
20260713,19990147,부기나이트,1999-03-20,50.0,0.0,52,224000,20337000,26,2340
20260713,20262975,신극장판 은혼: 요시와라 대염상,2026-05-20,9.7,0.0,226,271000,910229540,22,81831
20260713,20218541,밀수,2023-07-26,22.4,0.0,85,95000,49688803003,19,5143748
20260713,20261664,인터랙티브 신비아파트 : 극장귀의 속삭임,2026-07-09,4.2,0.0,377,240000,4620000,16,308
20260713,20255168,"극장판 뱅드림! 잇츠 마이고!!!!! 후편: 노래하자, 우리가 될 수 있는 노래 & 필름 라이브",2025-06-19,9.7,0.0,114,142000,86464900,11,9350
20260713,20263521,카드캡터 체리 극장판,2026-05-28,4.9,0.0,226,130000,216089740,11,20221
20260713,20264422,뮤지컬 푸른 사자 와니니,2026-07-01,1.4,0.0,591,120000,7068000,8,479
20260713,20254062,"극장판 뱅드림! 잇츠 마이고!!!!! 전편: 봄의 양지, 방황하는 고양이",2025-04-24,6.1,0.0,114,98000,77811700,7,8278
20260713,20264649,메가 샤크 어택,2026-07-02,10.2,0.0,49,30000,837000,5,108
20260713,20258945,너만 보이는 날,2026-06-24,2.2,0.0,135,33000,147316750,3,16599
20260713,20240398,파과,2025-04-30,3.5,0.0,85,15000,5265846000,3,550914
20260713,20111101,고 녀석 맛나겠다,2011-07-07,5.0,0.0,40,16000,430419900,2,61958
20260713,20263262,맘보 점보,2026-06-03,5.0,0.0,40,16000,82227800,2,9813
20260713,20263845,정뱅이,2026-06-24,1.4,0.0,144,16000,19167800,2,2028
20260713,20249255,만약에 우리,2025-12-31,4.2,0.0,48,13000,25511136820,2,2602991
20260713,20257539,거유 엄마 무삭제,2026-07-13,0.7,0.0,146,6000,6000,1,1
20260713,20253635,나쁜 학부형,2026-07-13,0.7,0.0,146,6000,6000,1,1
20260713,20253646,동네 청년들을 탐하다 추잡한 주부,2026-07-13,0.7,0.0,146,6000,6000,1,1
20260713,20263226,"여상사의 음란한 혀! ""너, 정말 맛있게 싸네?""",2026-07-13,0.7,0.0,146,6000,6000,1,1
20260713,20264087,여신의 허벅지 사이로 들어간 뜨거운 거근,2026-07-13,0.7,0.0,146,6000,6000,1,1
20260713,20263371,사랑의 네 가지 온도,2026-07-02,1.4,0.0,72,5000,412000,1,57
20260712,20264352,앤팀 브이알 콘서트 : 바운드리스,2026-06-26,66.3,0.1,1360,32139000,472527000,902,13195
20260712,20259626,마이클,2026-05-13,16.8,0.2,4378,9021900,17906932780,737,1628760
20260712,20050194,회로,2026-07-08,13.8,0.2,4994,7676350,49831860,688,4994
20260712,20264569,레디 오어 낫: 죽음의 숨바꼭질,2026-07-01,5.7,0.5,10555,7118300,159863650,604,16880
20260712,20190280,날씨의 아이,2019-10-30,73.9,0.0,793,7952820,7730222972,586,897024
20260712,20264403,와인드업: 더 무비,2026-07-02,31.7,0.1,1654,7860000,67515000,524,4501
20260712,20264241,정동원 팬콘서트 필름 : 다시 만나는 길,2026-06-26,24.1,0.1,1594,9600000,386425000,384,15457
20260712,20250489,슈퍼걸,2026-06-24,7.5,0.2,3642,2354950,1450792130,273,142059
20260712,20261782,프로젝트 헤일메리,2026-03-18,15.8,0.1,1441,2905500,32981665340,228,2908289
20260712,20258236,만달로리안과 그로구,2026-05-27,13.8,0.0,1122,2097100,2795116300,155,230886
20260712,20264665,드림 애니멀즈: 더무비,2026-07-24,96.2,0.0,156,1350000,36489000,150,4229
20260712,20245063,"희망의 발견, 알래스카에서",2026-07-04,50.5,0.0,279,1161000,10033500,141,1208
20260712,20250655,디스클로저 데이,2026-06-10,13.1,0.0,857,1424400,2802131150,112,260891
20260712,20263948,에픽: 엘비스 프레슬리 콘서트,2026-07-01,4.5,0.1,2127,923500,123729500,96,14515
20260712,20263845,정뱅이,2026-06-24,100.0,0.0,75,675000,19151800,75,2026
20260712,19910234,신경쇠약 직전의 여자,1991-06-22,81.0,0.0,58,552000,7520000,47,780
20260712,20262975,신극장판 은혼: 요시와라 대염상,2026-05-20,36.3,0.0,113,535500,909958540,41,81809
20260712,20000228,아이즈  와이드 셧,2000-09-01,76.9,0.0,52,480000,41865500,40,4994
20260712,20081375,샤이닝,2023-06-28,69.2,0.0,52,432000,216404678,36,21301
20260712,20263512,이상한 과자 가게 전천당,2026-05-29,6.6,0.0,545,341000,1486319990,36,163887
20260712,20261664,인터랙티브 신비아파트 : 극장귀의 속삭임,2026-07-09,8.8,0.0,377,495000,4380000,33,292
20260712,20261784,미니언즈 & 몬스터즈,2026-07-15,3.8,0.0,836,455840,33890760,32,3837
20260712,20264422,뮤지컬 푸른 사자 와니니,2026-07-01,5.5,0.0,492,405000,6948000,27,471
20260712,20060356,싸이보그지만 괜찮아,2006-12-07,100.0,0.0,26,278000,3983810800,26,676233
20260712,20242837,왕과 사는 남자,2026-02-04,12.6,0.0,198,185000,163181432840,25,16911013
20260712,20255168,"극장판 뱅드림! 잇츠 마이고!!!!! 후편: 노래하자, 우리가 될 수 있는 노래 & 필름 라이브",2025-06-19,33.3,0.0,66,289500,86322900,22,9339
20260712,19990147,부기나이트,1999-03-20,80.8,0.0,26,218000,20113000,21,2314
20260712,20263327,사랑의 하츄핑 특별판,2026-05-01,22.9,0.0,70,126000,143151610,16,15462
20260712,20259791,악마는 프라다를 입는다 2,2026-04-29,7.5,0.0,160,159000,16193000630,12,1597411
20260712,20254062,"극장판 뱅드림! 잇츠 마이고!!!!! 전편: 봄의 양지, 방황하는 고양이",2025-04-24,18.2,0.0,66,121000,77713700,12,8271
20260712,20263262,맘보 점보,2026-06-03,13.8,0.0,80,85000,82211800,11,9811
20260712,20259773,슈퍼 마리오 갤럭시,2026-04-29,27.5,0.0,40,82000,15887801860,11,1636244
20260712,20264353,베어 헌트: 피의 추격,2026-07-09,7.1,0.0,141,60000,687000,10,83
20260712,20249255,만약에 우리,2025-12-31,8.3,0.0,96,52000,25511123820,8,2602989
20260712,20248218,반칙왕 몽키,2026-05-20,2.3,0.0,302,60000,19066400,7,2253
20260712,20263222,극장판 호빵맨: 세균맨과 그림책의 루룬,2026-05-23,7.1,0.0,70,41000,295234850,5,35489
20260712,20263521,카드캡터 체리 극장판,2026-05-28,2.7,0.0,113,45000,215959740,3,20210
20260712,20111101,고 녀석 맛나겠다,2011-07-07,7.5,0.0,40,23000,430403900,3,61956
20260712,20264431,무서운 영화,2026-07-01,8.3,0.0,24,24000,37162700,2,3370
20260712,20262327,특별편집판 기동전사 건담 철혈의 오펀스 우르드 헌트 -작은 도전자의 궤적-,2026-04-04,1.8,0.0,113,22000,36556250,2,3570
20260712,20263371,사랑의 네 가지 온도,2026-07-02,1.9,0.0,54,6000,407000,1,56
20260711,20261784,미니언즈 & 몬스터즈,2026-07-15,57.2,0.1,2598,12360560,33434920,1487,3805
20260711,20264352,앤팀 브이알 콘서트 : 바운드리스,2026-06-26,81.1,0.1,1360,39147000,440388000,1103,12293
20260711,20264569,레디 오어 낫: 죽음의 숨바꼭질,2026-07-01,8.1,0.5,11478,10733050,152745350,928,16276
20260711,20050194,회로,2026-07-08,15.0,0.2,4615,8144910,42155510,694,4306
20260711,20259626,마이클,2026-05-13,14.5,0.2,4040,6706850,17897910880,584,1628023
20260711,20190280,날씨의 아이,2019-10-30,72.3,0.0,726,7060800,7722270152,525,896438
20260711,20261782,프로젝트 헤일메리,2026-03-18,35.4,0.0,1216,5542750,32978759840,430,2908061
20260711,20250489,슈퍼걸,2026-06-24,8.2,0.2,3937,2983900,1448437180,322,141786
20260711,20264665,드림 애니멀즈: 더무비,2026-07-24,100.0,0.0,310,2636000,35139000,310,4079
20260711,20258236,만달로리안과 그로구,2026-05-27,16.8,0.0,1212,2677700,2793019200,203,230731
20260711,20242837,왕과 사는 남자,2026-02-04,43.4,0.0,438,1181000,163181247840,190,16910988
20260711,20264241,정동원 팬콘서트 필름 : 다시 만나는 길,2026-06-26,9.5,0.1,1694,4025000,376825000,161,15073
20260711,20250655,디스클로저 데이,2026-06-10,11.7,0.0,1257,1920000,2800706750,147,260779
20260711,20264403,와인드업: 더 무비,2026-07-02,12.6,0.0,1068,2025000,59655000,135,3977
20260711,20263948,에픽: 엘비스 프레슬리 콘서트,2026-07-01,5.9,0.1,2140,1327500,122806000,127,14419
20260711,20245063,"희망의 발견, 알래스카에서",2026-07-04,65.8,0.0,152,600000,8872500,100,1067
20260711,20259791,악마는 프라다를 입는다 2,2026-04-29,37.5,0.0,160,789100,16192841630,60,1597399
20260711,20259869,국가초기화,2026-06-26,100.0,0.0,60,425000,2133500,60,221
20260711,20263512,이상한 과자 가게 전천당,2026-05-29,9.2,0.0,522,567000,1485978990,48,163851
20260711,19910234,신경쇠약 직전의 여자,1991-06-22,79.3,0.0,58,540000,6968000,46,733
20260711,20060356,싸이보그지만 괜찮아,2006-12-07,100.0,0.0,40,421000,3983532800,40,676207
20260711,20264422,뮤지컬 푸른 사자 와니니,2026-07-01,8.8,0.0,432,498000,6543000,38,444
20260711,20248218,반칙왕 몽키,2026-05-20,31.5,0.0,89,274000,19006400,28,2246
20260711,20263327,사랑의 하츄핑 특별판,2026-05-01,35.7,0.0,70,201000,143025610,25,15446
20260711,20261664,인터랙티브 신비아파트 : 극장귀의 속삭임,2026-07-09,5.3,0.0,377,300000,3885000,20,259
20260711,20263262,맘보 점보,2026-06-03,23.8,0.0,80,149000,82126800,19,9800
20260711,20259773,슈퍼 마리오 갤럭시,2026-04-29,40.0,0.0,40,121000,15887719860,16,1636233
20260711,20254062,"극장판 뱅드림! 잇츠 마이고!!!!! 전편: 봄의 양지, 방황하는 고양이",2025-04-24,22.7,0.0,66,149000,77592700,15,8259
20260711,20263521,카드캡터 체리 극장판,2026-05-28,6.2,0.0,226,156000,215914740,14,20207
20260711,20249255,만약에 우리,2025-12-31,13.5,0.0,96,89000,25511071820,13,2602981
20260711,20255168,"극장판 뱅드림! 잇츠 마이고!!!!! 후편: 노래하자, 우리가 될 수 있는 노래 & 필름 라이브",2025-06-19,18.2,0.0,66,169000,86033400,12,9317
20260711,20263222,극장판 호빵맨: 세균맨과 그림책의 루룬,2026-05-23,22.5,0.0,40,71000,295193850,9,35484
20260711,20209654,헤어질 결심,2022-06-29,26.7,0.0,30,96000,19802690678,8,1910572
20260711,20135428,어바웃 타임,2013-12-05,15.4,0.0,52,56000,25371236300,8,3455444
20260711,20262327,특별편집판 기동전사 건담 철혈의 오펀스 우르드 헌트 -작은 도전자의 궤적-,2026-04-04,4.4,0.0,113,53500,36534250,5,3568
20260711,20111101,고 녀석 맛나겠다,2011-07-07,6.3,0.0,80,39000,430380900,5,61953
20260711,20263371,사랑의 네 가지 온도,2026-07-02,3.6,0.0,139,31000,401000,5,55
20260711,20263597,최후의 만찬,2026-06-04,7.7,0.0,52,32000,65268620,4,6969
20260711,20264431,무서운 영화,2026-07-01,12.5,0.0,24,31000,37138700,3,3368
20260711,20258945,너만 보이는 날,2026-06-24,0.7,0.0,135,15000,147283750,1,16596
20260711,20264168,남친보다 꽉 찬 남사친,2026-07-11,3.2,0.0,31,6000,6000,1,1
20260711,20264167,낮엔 천사 밤엔 요부 여친,2026-07-11,3.2,0.0,31,6000,6000,1,1
20260711,20264170,마사지사 손가락에 함락,2026-07-11,3.2,0.0,31,6000,6000,1,1
20260711,20264184,상사의 욕구 해소용 부하,2026-07-11,1.3,0.0,77,6000,6000,1,1
20260711,20264186,성인클럽 에이스가 된 아내,2026-07-11,3.2,0.0,31,6000,6000,1,1
20260711,20263482,소꿉친구와 질펀한 3일 동거,2026-07-11,1.3,0.0,77,6000,6000,1,1
20260711,20263459,얽힌 혀 잊힌 가정 엉겨 붙은 불륜 남녀,2026-07-11,1.3,0.0,77,6000,6000,1,1
20260711,20263477,일주일간 발기 고문 쾌락 동거,2026-07-11,1.3,0.0,77,6000,6000,1,1
20260711,20264169,입가에 번진 소꿉친구 씨앗,2026-07-11,3.2,0.0,31,6000,6000,1,1
20260711,20263460,투덜대며 핥아주는 이중생활 여상사,2026-07-11,1.3,0.0,77,6000,6000,1,1
20260710,20264665,드림 애니멀즈: 더무비,2026-07-24,89.0,0.0,754,5663000,32503000,671,3769
20260710,20050194,회로,2026-07-08,11.3,0.2,4792,6493150,34010600,539,3612
20260710,20264569,레디 오어 낫: 죽음의 숨바꼭질,2026-07-01,4.3,0.6,11413,5608450,142012300,491,15348
20260710,20250489,슈퍼걸,2026-06-24,13.2,0.2,3614,4091300,1445453280,477,141464
20260710,20242837,왕과 사는 남자,2026-02-04,53.9,0.0,699,2573000,163180066840,377,16910798
20260710,20261782,프로젝트 헤일메리,2026-03-18,32.5,0.1,1147,3565400,32973217090,373,2907631
20260710,20190280,날씨의 아이,2019-10-30,66.5,0.0,453,4100600,7715209352,301,895913
20260710,20264241,정동원 팬콘서트 필름 : 다시 만나는 길,2026-06-26,18.7,0.1,1521,7100000,372800000,284,14912
20260710,20259626,마이클,2026-05-13,7.3,0.2,3706,2991900,17891204030,269,1627439
20260710,20261664,인터랙티브 신비아파트 : 극장귀의 속삭임,2026-07-09,53.9,0.0,377,3045000,3585000,203,239
20260710,20262771,현상수배,2026-06-10,98.7,0.0,156,924000,64312050,154,7858
20260710,20263262,맘보 점보,2026-06-03,31.9,0.0,442,705000,81977800,141,9781
20260710,20263948,에픽: 엘비스 프레슬리 콘서트,2026-07-01,3.9,0.1,2848,977000,121478500,110,14292
20260710,20247457,신의악단,2025-12-31,93.5,0.0,107,1000000,13834313730,100,1453742
20260710,20263845,정뱅이,2026-06-24,60.9,0.0,151,918000,18476800,92,1951
20260710,20258236,만달로리안과 그로구,2026-05-27,8.1,0.0,1050,1158300,2790341500,85,230528
20260710,20250655,디스클로저 데이,2026-06-10,6.8,0.1,1248,1087500,2798786750,85,260632
20260710,20245063,"희망의 발견, 알래스카에서",2026-07-04,32.9,0.0,216,498000,8272500,71,967
20260710,20252432,주토피아 2,2025-11-26,74.0,0.0,96,355000,82883314200,71,8611863
20260710,20262291,뮤지컬 장수탕 선녀님,2026-03-26,58.3,0.0,120,700000,178474580,70,18555
20260710,20264403,와인드업: 더 무비,2026-07-02,5.1,0.0,1044,795000,57630000,53,3842
20260710,20060045,스윙걸즈,2006-03-23,74.1,0.0,58,430000,554053100,43,80786
20260710,20060356,싸이보그지만 괜찮아,2006-12-07,100.0,0.0,40,415000,3983111800,40,676167
20260710,19990147,부기나이트,1999-03-20,53.0,0.0,66,359000,19895000,35,2293
20260710,20249255,만약에 우리,2025-12-31,25.0,0.0,96,146000,25510982820,24,2602968
20260710,20262975,신극장판 은혼: 요시와라 대염상,2026-05-20,17.7,0.0,113,251500,909423040,20,81768
20260710,20264431,무서운 영화,2026-07-01,6.3,0.0,286,197000,37107700,18,3365
20260710,20246361,뽀로로 극장판 바닷속 대모험,2025-01-01,20.8,0.0,48,60000,3689741210,10,431141
20260710,20263521,카드캡터 체리 극장판,2026-05-28,3.5,0.0,226,109000,215758740,8,20193
20260710,20248218,반칙왕 몽키,2026-05-20,5.8,0.0,121,47000,18732400,7,2218
20260710,20255168,"극장판 뱅드림! 잇츠 마이고!!!!! 후편: 노래하자, 우리가 될 수 있는 노래 & 필름 라이브",2025-06-19,4.4,0.0,114,75000,85864400,5,9305
20260710,20254062,"극장판 뱅드림! 잇츠 마이고!!!!! 전편: 봄의 양지, 방황하는 고양이",2025-04-24,4.4,0.0,114,55000,77443700,5,8244
20260710,20259791,악마는 프라다를 입는다 2,2026-04-29,1.6,0.0,306,55000,16192052530,5,1597339
20260710,20264649,메가 샤크 어택,2026-07-02,9.4,0.0,53,30000,807000,5,103
20260710,20262327,특별편집판 기동전사 건담 철혈의 오펀스 우르드 헌트 -작은 도전자의 궤적-,2026-04-04,2.7,0.0,113,45000,36480750,3,3563
20260710,20184801,유전,2018-06-07,10.0,0.0,30,36000,1608844430,3,182490
20260710,20264422,뮤지컬 푸른 사자 와니니,2026-07-01,1.6,0.0,126,30000,6045000,2,406
20260710,20263597,최후의 만찬,2026-06-04,3.9,0.0,52,14000,65236620,2,6965
20260710,20263844,옆집 유부녀 무삭제,2026-07-10,1.2,0.0,83,6000,6000,1,1
20260709,20264569,레디 오어 낫: 죽음의 숨바꼭질,2026-07-01,4.0,0.7,12685,5650100,136403850,506,14857
20260709,20264665,드림 애니멀즈: 더무비,2026-07-24,100.0,0.0,430,3769000,26840000,430,3098
20260709,20050194,회로,2026-07-08,9.6,0.2,4382,4584700,27517450,422,3073
20260709,20262771,현상수배,2026-06-10,100.0,0.0,344,2398000,63388050,344,7704
20260709,20264241,정동원 팬콘서트 필름 : 다시 만나는 길,2026-06-26,17.5,0.1,1803,7900000,365700000,316,14628
20260709,20261782,프로젝트 헤일메리,2026-03-18,31.7,0.0,985,3355800,32969651690,312,2907258
20260709,20259626,마이클,2026-05-13,7.1,0.2,4309,3287400,17888212130,305,1627170
20260709,20250489,슈퍼걸,2026-06-24,5.8,0.3,4988,2418550,1441361980,290,140987
20260709,19920296,금지된 장난,1992-09-26,11.5,0.1,1430,453000,9930000,164,4331
20260709,20245063,"희망의 발견, 알래스카에서",2026-07-04,46.7,0.0,349,1530000,7774500,163,896
20260709,20259791,악마는 프라다를 입는다 2,2026-04-29,51.9,0.0,297,1622000,16191997530,154,1597334
20260709,20250655,디스클로저 데이,2026-06-10,7.1,0.1,1817,1475100,2797699250,129,260547
20260709,20263262,맘보 점보,2026-06-03,74.1,0.0,166,861000,81272800,123,9640
20260709,20263948,에픽: 엘비스 프레슬리 콘서트,2026-07-01,3.3,0.2,3256,1041000,120501500,108,14182
20260709,20190280,날씨의 아이,2019-10-30,93.8,0.0,113,1331500,7711108752,106,895612
20260709,20258236,만달로리안과 그로구,2026-05-27,7.3,0.1,1292,1251500,2789183200,94,230443
20260709,20263845,정뱅이,2026-06-24,79.0,0.0,114,900000,17558800,90,1859
20260709,20060356,싸이보그지만 괜찮아,2006-12-07,100.0,0.0,80,754000,3982696800,80,676127
20260709,20264353,베어 헌트: 피의 추격,2026-07-09,5.3,0.1,1367,627000,627000,73,73
20260709,20261784,미니언즈 & 몬스터즈,2026-07-15,3.8,0.1,1720,929280,6865640,65,580
20260709,20232639,극장판 슈퍼윙스: 맥시멈 스피드,2023-07-20,67.7,0.0,93,441000,1202618958,63,137487
20260709,20264403,와인드업: 더 무비,2026-07-02,5.5,0.1,1065,885000,56835000,59,3789
20260709,20210684,두다다쿵: 후후섬의 비밀,2023-02-15,47.1,0.0,119,392000,1151043650,56,128086
20260709,20259773,슈퍼 마리오 갤럭시,2026-04-29,60.0,0.0,80,336000,15887598860,48,1636217
20260709,20137048,국제시장,2014-12-17,98.0,0.0,49,288000,110982017230,48,14269712
20260709,20261664,인터랙티브 신비아파트 : 극장귀의 속삭임,2026-07-09,9.6,0.0,377,540000,540000,36,36
20260709,20000228,아이즈  와이드 셧,2000-09-01,59.6,0.0,52,372000,41385500,31,4954
20260709,20248218,반칙왕 몽키,2026-05-20,2.7,0.0,1037,258000,18685400,28,2211
20260709,20263162,그림자 내각,2026-06-25,7.3,0.0,341,150000,15448050,25,1631
20260709,20262975,신극장판 은혼: 요시와라 대염상,2026-05-20,18.6,0.0,113,269000,909171540,21,81748
20260709,20236563,걸즈 앤 판처 최종장 제4화,2024-01-17,18.5,0.0,108,224000,130297500,20,11008
20260709,20253106,핑크퐁 공룡 유치원,2025-03-08,40.0,0.0,40,112000,3565500,16,527
20260709,20135428,어바웃 타임,2013-12-05,28.9,0.0,52,150000,25371180300,15,3455436
20260709,20254062,"극장판 뱅드림! 잇츠 마이고!!!!! 전편: 봄의 양지, 방황하는 고양이",2025-04-24,6.1,0.0,114,90000,77388700,7,8239
20260709,20255168,"극장판 뱅드림! 잇츠 마이고!!!!! 후편: 노래하자, 우리가 될 수 있는 노래 & 필름 라이브",2025-06-19,5.3,0.0,114,71000,85789400,6,9300
20260709,20264431,무서운 영화,2026-07-01,3.2,0.0,155,60000,36910700,5,3347
20260709,20262327,특별편집판 기동전사 건담 철혈의 오펀스 우르드 헌트 -작은 도전자의 궤적-,2026-04-04,4.4,0.0,113,46000,36435750,5,3560
20260709,20264649,메가 샤크 어택,2026-07-02,8.8,0.0,57,30000,777000,5,98
20260709,20264405,폴스 플랙,2026-06-25,5.4,0.0,93,30000,807000,5,103
20260709,20264422,뮤지컬 푸른 사자 와니니,2026-07-01,1.8,0.0,226,60000,6015000,4,404
20260709,20249255,만약에 우리,2025-12-31,8.3,0.0,48,28000,25510836820,4,2602944
20260709,20263521,카드캡터 체리 극장판,2026-05-28,1.8,0.0,113,28000,215649740,2,20185
20260709,20264756,침투부부,2026-07-09,0.7,0.0,146,6000,6000,1,1
20260709,20263371,사랑의 네 가지 온도,2026-07-02,1.4,0.0,72,5000,370000,1,50
20260709,20264282,넥스트 레벨 - 애정의 계급,2026-07-09,0.5,0.0,194,1000,1000,1,1
20260709,20264246,되풀이하는 모모코,2026-07-09,1.1,0.0,91,1000,1000,1,1
20260709,20264247,소녀의 사랑은 잠들 수 없다,2026-07-09,0.5,0.0,194,1000,1000,1,1
20260709,20264265,소설 변태의 계절,2026-07-09,0.7,0.0,140,1000,1000,1,1
20260709,20264248,소설가의 아내…도쿄,2026-07-09,0.5,0.0,194,1000,1000,1,1
20260709,20264283,슬럼프의 루미,2026-07-09,0.7,0.0,140,1000,1000,1,1
20260709,20264245,아사미의 오후,2026-07-09,1.1,0.0,91,1000,1000,1,1
20260709,20264264,이상한 언덕의 천녀,2026-07-09,0.7,0.0,140,1000,1000,1,1
20260709,20263597,최후의 만찬,2026-06-04,0.0,0.0,52,0,65222620,0,6963
20260722,20233219,호프,2026-07-15,12.2,57.9,1081704,1346667560,27948024860,131739,2533328
20260722,20261784,미니언즈 & 몬스터즈,2026-07-15,7.9,12.3,230389,175919190,4422796420,18075,428335
20260722,20259946,모아나,2026-07-08,8.2,8.6,160082,132122460,8758275850,13159,808976
20260722,20242402,눈동자,2026-06-24,9.1,6.7,124308,114971420,15103762850,11292,1465060
20260722,20259781,토이 스토리 5,2026-06-17,9.4,5.1,95994,88939870,28591421260,9028,2775103
20260722,20252402,군체,2026-05-21,6.9,1.1,20508,15012200,62637362850,1414,5944908
20260722,20248252,와일드 씽,2026-06-03,12.3,0.4,6582,6016400,12970716440,812,1342611
20260722,20264027,극장판 도라에몽: 신 진구의 해저비밀성,2026-07-01,4.2,0.6,11324,4420800,638634350,472,66920
20260722,20242837,왕과 사는 남자,2026-02-04,67.7,0.0,678,2846000,163196511340,459,16913343
20260722,20264352,앤팀 브이알 콘서트 : 바운드리스,2026-06-26,27.1,0.1,1360,13149000,635871000,369,17787
20260721,20233219,호프,2026-07-15,11.7,59.8,1097735,1344281460,26601357300,128899,2401589
20260721,20261784,미니언즈 & 몬스터즈,2026-07-15,7.7,13.2,242679,185873530,4246877230,18765,410260
20260721,20259946,모아나,2026-07-08,8.9,7.7,142102,126872070,8626153390,12634,795817
20260721,20242402,눈동자,2026-06-24,10.6,6.3,116493,126423600,14988791430,12341,1453768
20260721,20259781,토이 스토리 5,2026-06-17,9.4,4.9,89221,84155290,28502481390,8400,2766075
20260721,20252402,군체,2026-05-21,6.5,1.0,19181,13139400,62622350650,1252,5943494
20260721,20248252,와일드 씽,2026-06-03,13.6,0.3,5226,6654950,12964700040,713,1341799
20260721,20264027,극장판 도라에몽: 신 진구의 해저비밀성,2026-07-01,4.3,0.5,9355,4197700,634213550,400,66448
20260721,20264352,앤팀 브이알 콘서트 : 바운드리스,2026-06-26,24.5,0.1,1360,11841000,622722000,333,17418
20260721,20264665,드림 애니멀즈: 더무비,2026-07-24,46.5,0.0,694,2766000,79280800,323,8678
20260720,20233219,호프,2026-07-15,13.1,60.6,1093827,1522232140,25257075840,143061,2272690
20260720,20261784,미니언즈 & 몬스터즈,2026-07-15,7.1,13.0,235663,171812230,4061003700,16807,391495
20260720,20259946,모아나,2026-07-08,8.1,7.6,137686,115022350,8499281320,11094,783183
20260720,20242402,눈동자,2026-06-24,9.1,6.2,112414,108068050,14862367830,10217,1441427
20260720,20259781,토이 스토리 5,2026-06-17,8.8,4.7,85003,77806850,28418326100,7510,2757675
20260720,20252402,군체,2026-05-21,5.9,1.1,19081,11895350,62609211250,1125,5942242
20260720,20264665,드림 애니멀즈: 더무비,2026-07-24,77.4,0.0,845,5886000,76514800,654,8355
20260720,20264352,앤팀 브이알 콘서트 : 바운드리스,2026-06-26,24.1,0.1,1360,11649000,610881000,328,17085
20260720,20264027,극장판 도라에몽: 신 진구의 해저비밀성,2026-07-01,3.5,0.5,8885,3183400,630015850,312,66048
20260720,20264427,극장판 암살교실 모두의 시간,2026-07-01,7.6,0.2,3102,2485100,324382750,236,30365
20260719,20233219,호프,2026-07-15,33.2,58.2,1196030,4405144440,23734843700,397003,2129629
20260719,20261784,미니언즈 & 몬스터즈,2026-07-15,25.1,16.6,342004,891152580,3889191470,85957,374688
20260719,20259946,모아나,2026-07-08,31.7,7.7,157560,518125570,8384258970,49965,772089
20260719,20259781,토이 스토리 5,2026-06-17,33.4,5.1,104071,370677140,28340519250,34777,2750165
20260719,20242402,눈동자,2026-06-24,20.5,4.7,96920,215820980,14754299780,19890,1431210
20260719,20252402,군체,2026-05-21,12.5,0.7,14732,20615900,62597315900,1846,5941117
20260719,20264027,극장판 도라에몽: 신 진구의 해저비밀성,2026-07-01,13.0,0.6,12970,16829600,626832450,1679,65736
20260719,20264718,블리치 천년혈전 편 : 화진담,2026-07-04,73.5,0.1,1330,12498000,186719000,977,13980
20260719,20264352,앤팀 브이알 콘서트 : 바운드리스,2026-06-26,44.7,0.1,1360,21675000,599232000,608,16757
20260719,20264665,드림 애니멀즈: 더무비,2026-07-24,69.1,0.0,672,6439800,70628800,464,7701
20260718,20233219,호프,2026-07-15,40.4,58.9,1267556,5741108520,19329699260,512174,1732626
20260718,20261784,미니언즈 & 몬스터즈,2026-07-15,27.0,16.5,355947,1008976360,2998038890,96184,288731
20260718,20259946,모아나,2026-07-08,34.7,7.5,161618,587196400,7866133400,56032,722124
20260718,20259781,토이 스토리 5,2026-06-17,36.2,4.8,102616,404654280,27969842110,37157,2715388
20260718,20242402,눈동자,2026-06-24,24.2,4.8,102816,269546300,14538478800,24829,1411320
20260718,20252402,군체,2026-05-21,18.5,0.7,15914,33374400,62576700000,2950,5939271
20260718,20264027,극장판 도라에몽: 신 진구의 해저비밀성,2026-07-01,18.3,0.6,13421,22477250,610002850,2457,64057
20260718,20264718,블리치 천년혈전 편 : 화진담,2026-07-04,80.1,0.1,1514,15972000,174221000,1212,13003
20260718,20264665,드림 애니멀즈: 더무비,2026-07-24,104.2,0.0,1004,10460000,64189000,1046,7237
20260718,20264352,앤팀 브이알 콘서트 : 바운드리스,2026-06-26,44.0,0.1,1360,21291000,577557000,599,16149
20260717,20233219,호프,2026-07-15,46.7,59.0,1272538,6683752260,13588590740,594768,1220452
20260717,20261784,미니언즈 & 몬스터즈,2026-07-15,34.2,17.1,369313,1319042570,1989062530,126338,192547
20260717,20259946,모아나,2026-07-08,44.1,7.1,153064,708200360,7278937000,67550,666092
20260717,20259781,토이 스토리 5,2026-06-17,44.7,4.4,95799,458698460,27565187830,42786,2678231
20260717,20242402,눈동자,2026-06-24,28.6,5.0,107943,331535670,14268932500,30840,1386491
20260717,20252402,군체,2026-05-21,34.2,0.9,19707,82266100,62543325600,6738,5936321
20260717,20264027,극장판 도라에몽: 신 진구의 해저비밀성,2026-07-01,20.1,0.5,11407,22827200,587525600,2288,61600
20260717,20264718,블리치 천년혈전 편 : 화진담,2026-07-04,86.2,0.1,1510,16840000,158249000,1302,11791
20260717,20264352,앤팀 브이알 콘서트 : 바운드리스,2026-06-26,55.7,0.1,1360,26973000,556266000,758,15550
20260717,20248252,와일드 씽,2026-06-03,13.0,0.3,5788,6223250,12949959990,752,1340075
20260716,20233219,호프,2026-07-15,22.5,61.5,1217807,3000925120,6904838480,274440,625684
20260716,20261784,미니언즈 & 몬스터즈,2026-07-15,10.6,14.6,290209,307914930,670019960,30647,66209
20260716,20259946,모아나,2026-07-08,14.0,6.8,135614,191877660,6570736640,19016,598542
20260716,20242402,눈동자,2026-06-24,15.0,5.6,111950,171895100,13937396830,16755,1355651
20260716,20259781,토이 스토리 5,2026-06-17,14.6,4.1,80786,116927250,27106489370,11751,2635445
20260716,20252402,군체,2026-05-21,11.0,1.0,18795,20607100,62461059500,2069,5929583
20260716,20242837,왕과 사는 남자,2026-02-04,61.2,0.0,1082,4391500,163192265340,662,16912665
20260716,20264427,극장판 암살교실 모두의 시간,2026-07-01,16.6,0.2,3254,6026250,310153750,540,28941
20260716,20248252,와일드 씽,2026-06-03,10.8,0.2,4773,4100000,12943736740,515,1339323
20260716,20264352,앤팀 브이알 콘서트 : 바운드리스,2026-06-26,33.5,0.1,1360,16179000,529293000,456,14792
20260722,20257100,산양들,2026-07-29,100.0,0.0,365,3285000,3565000,365,391
20260722,20190280,날씨의 아이,2019-10-30,23.5,0.0,850,2175900,7761774972,200,899578
20260722,20228796,하얼빈,2024-12-24,44.2,0.0,403,936000,46981109380,178,4915360
20260722,20264427,극장판 암살교실 모두의 시간,2026-07-01,20.3,0.0,792,1623750,329104600,161,30838
20260722,20264056,그린랜드 2: 마이그레이션,2026-07-01,45.8,0.0,306,990000,528442850,140,55417
20260722,20217826,육사오(6/45),2022-08-24,100.0,0.0,106,1166000,19796744880,106,1981445
20260722,20258808,뽀로로 극장판 스위트캐슬 대모험,2025-12-11,68.0,0.0,156,742000,2305634710,106,266110
20260722,20263845,정뱅이,2026-06-24,100.0,0.0,87,522000,21338800,87,2287
20260722,20261782,프로젝트 헤일메리,2026-03-18,15.4,0.0,538,947000,32993161100,83,2909235
20260722,20264714,예스! 유 캔,2026-07-22,9.0,0.0,857,684650,1024650,77,145
20260722,20050194,회로,2026-07-08,6.9,0.1,1071,681500,75729310,74,7339
20260722,20245063,"희망의 발견, 알래스카에서",2026-07-04,53.3,0.0,105,499000,13711700,56,1616
20260722,20264665,드림 애니멀즈: 더무비,2026-07-24,30.7,0.0,153,282000,79562800,47,8725
20260722,20259626,마이클,2026-05-13,23.5,0.0,196,550500,17915072780,46,1629500
20260722,20081375,샤이닝,2023-06-28,69.2,0.0,52,432000,220274678,36,21624
20260722,20250655,디스클로저 데이,2026-06-10,14.2,0.0,204,327600,2805859350,29,261188
20260722,20258236,만달로리안과 그로구,2026-05-27,6.0,0.0,464,307500,2802736400,28,231483
20260722,20263512,이상한 과자 가게 전천당,2026-05-29,57.1,0.0,49,168000,1486487990,28,163915
20260722,20000228,아이즈  와이드 셧,2000-09-01,46.2,0.0,52,288000,45474500,24,5295
20260722,19990147,부기나이트,1999-03-20,53.9,0.0,26,134000,21087000,14,2418
20260722,20255168,"극장판 뱅드림! 잇츠 마이고!!!!! 후편: 노래하자, 우리가 될 수 있는 노래 & 필름 라이브",2025-06-19,3.7,0.0,190,77500,87256400,7,9412
20260722,20264743,무에타이 파이터,2026-07-16,5.4,0.0,92,30000,777000,5,98
20260722,20264958,헬파이어: 시수의 길,2026-07-16,5.4,0.0,92,30000,753000,5,94
20260722,20254062,"극장판 뱅드림! 잇츠 마이고!!!!! 전편: 봄의 양지, 방황하는 고양이",2025-04-24,2.1,0.0,190,40500,78294200,4,8326
20260722,20248218,반칙왕 몽키,2026-05-20,5.1,0.0,78,28000,19138400,4,2263
20260722,20246091,이인,2026-05-27,1.6,0.0,186,30000,3316000,3,354
20260722,20249255,만약에 우리,2025-12-31,4.2,0.0,48,14000,25511488820,2,2603050
20260722,20263371,사랑의 네 가지 온도,2026-07-02,2.8,0.0,72,10000,882000,2,122
20260722,20263598,패신저,2026-06-24,1.1,0.0,92,10000,34313400,1,3179
20260722,20265120,활짝 열린 가랑이 속으로,2026-07-22,0.7,0.0,146,6000,6000,1,1
20260721,20225637,뿌까의 짜장면파티,2022-07-04,76.0,0.0,416,1896000,263257500,316,43666
20260721,20264427,극장판 암살교실 모두의 시간,2026-07-01,9.0,0.2,3473,3098100,327480850,312,30677
20260721,20190280,날씨의 아이,2019-10-30,25.5,0.0,913,2668600,7759599072,233,899378
20260721,20050194,회로,2026-07-08,8.1,0.1,2399,1955850,75047810,193,7265
20260721,20242837,왕과 사는 남자,2026-02-04,45.2,0.0,332,871000,163193665340,150,16912884
20260721,20262771,현상수배,2026-06-10,68.6,0.0,191,789000,66326050,131,8182
20260721,20228796,하얼빈,2024-12-24,48.0,0.0,254,644000,46980173380,122,4915182
20260721,20263222,극장판 호빵맨: 세균맨과 그림책의 루룬,2026-05-23,66.5,0.0,164,763000,296139850,109,35617
20260721,20233261,청설,2024-11-06,100.0,0.0,87,696000,7492049310,87,802938
20260721,20263845,정뱅이,2026-06-24,26.2,0.0,294,613000,20816800,77,2200
20260721,20241575,메소드연기,2026-03-18,100.0,0.0,58,348000,581866130,58,62938
20260721,20261782,프로젝트 헤일메리,2026-03-18,7.8,0.0,638,568900,32992214100,50,2909152
20260721,20060356,싸이보그지만 괜찮아,2006-12-07,80.8,0.0,52,344000,3987357800,42,676601
20260721,20259626,마이클,2026-05-13,33.6,0.0,119,404000,17914522280,40,1629454
20260721,20081375,샤이닝,2023-06-28,71.2,0.0,52,444000,219842678,37,21588
20260721,20000228,아이즈  와이드 셧,2000-09-01,50.0,0.0,52,312000,45186500,26,5271
20260721,20258236,만달로리안과 그로구,2026-05-27,5.6,0.0,377,257500,2802428900,21,231455
20260721,20259791,악마는 프라다를 입는다 2,2026-04-29,60.0,0.0,30,180000,16194549230,18,1597548
20260721,20250655,디스클로저 데이,2026-06-10,4.4,0.0,320,160000,2805531750,14,261159
20260721,20264056,그린랜드 2: 마이그레이션,2026-07-01,3.1,0.0,423,150000,527452850,13,55277
20260721,20253106,핑크퐁 공룡 유치원,2025-03-08,32.5,0.0,40,91000,3761500,13,555
20260721,19930254,사랑의 블랙홀,1993-12-04,20.7,0.0,58,118000,19481000,12,2257
20260721,20264743,무에타이 파이터,2026-07-16,13.9,0.0,36,30000,747000,5,93
20260721,20264958,헬파이어: 시수의 길,2026-07-16,8.5,0.0,59,30000,723000,5,89
20260721,20245063,"희망의 발견, 알래스카에서",2026-07-04,7.7,0.0,52,37000,13212700,4,1560
20260721,20263371,사랑의 네 가지 온도,2026-07-02,11.1,0.0,36,30000,872000,4,120
20260721,20249255,만약에 우리,2025-12-31,6.3,0.0,48,19000,25511474820,3,2603048
20260721,20254062,"극장판 뱅드림! 잇츠 마이고!!!!! 전편: 봄의 양지, 방황하는 고양이",2025-04-24,1.1,0.0,190,20000,78253700,2,8322
20260721,20255168,"극장판 뱅드림! 잇츠 마이고!!!!! 후편: 노래하자, 우리가 될 수 있는 노래 & 필름 라이브",2025-06-19,0.5,0.0,190,10000,87178900,1,9405
20260721,20263948,에픽: 엘비스 프레슬리 콘서트,2026-07-01,1.9,0.0,53,7000,127590500,1,14987
20260721,20264602,나를 읽어주세요,2026-07-21,3.2,0.0,31,6000,6000,1,1
20260721,20257540,"촉촉한, 질 좋은 옆집 여자 무삭제",2026-07-21,0.7,0.0,146,6000,6000,1,1
20260721,20247490,누룩,2026-04-15,0.5,0.0,212,5000,53572970,1,6886
20260721,20264993,압도적 미녀신인의 등장,2026-07-21,1.1,0.0,91,1000,1000,1,1
20260721,20264992,키 148센치 미니계 여대생,2026-07-21,1.1,0.0,91,1000,1000,1,1
20260720,20248252,와일드 씽,2026-06-03,5.0,0.2,4064,1750000,12958045090,203,1341086
20260720,20190280,날씨의 아이,2019-10-30,19.0,0.0,753,1635500,7756930472,143,899145
20260720,20263948,에픽: 엘비스 프레슬리 콘서트,2026-07-01,15.9,0.0,706,729000,127583500,112,14986
20260720,20050194,회로,2026-07-08,10.5,0.0,957,1016350,73091960,100,7072
20260720,20261782,프로젝트 헤일메리,2026-03-18,10.3,0.0,671,793500,32991645200,69,2909102
20260720,20264056,그린랜드 2: 마이그레이션,2026-07-01,6.9,0.0,622,426700,527302850,43,55264
20260720,20000228,아이즈  와이드 셧,2000-09-01,73.1,0.0,52,456000,44874500,38,5245
20260720,20249255,만약에 우리,2025-12-31,4.0,0.0,684,139000,25511455820,27,2603045
20260720,20060356,싸이보그지만 괜찮아,2006-12-07,96.2,0.0,26,235000,3987013800,25,676559
20260720,20081375,샤이닝,2023-06-28,46.2,0.0,52,285000,219398678,24,21551
20260720,20258236,만달로리안과 그로구,2026-05-27,7.6,0.0,290,278100,2802171400,22,231434
20260720,20250655,디스클로저 데이,2026-06-10,7.8,0.0,204,198000,2805371750,16,261145
20260720,19910234,신경쇠약 직전의 여자,1991-06-22,10.9,0.0,92,100000,8058000,10,829
20260720,20245063,"희망의 발견, 알래스카에서",2026-07-04,11.1,0.0,90,70000,13175700,10,1556
20260720,20242837,왕과 사는 남자,2026-02-04,6.2,0.0,146,75000,163192794340,9,16912734
20260720,20255168,"극장판 뱅드림! 잇츠 마이고!!!!! 후편: 노래하자, 우리가 될 수 있는 노래 & 필름 라이브",2025-06-19,3.2,0.0,190,72000,87168900,6,9404
20260720,19930254,사랑의 블랙홀,1993-12-04,6.5,0.0,92,60000,19363000,6,2245
20260720,20254062,"극장판 뱅드림! 잇츠 마이고!!!!! 전편: 봄의 양지, 방황하는 고양이",2025-04-24,3.2,0.0,190,54000,78233700,6,8320
20260720,20264743,무에타이 파이터,2026-07-16,5.8,0.0,86,30000,717000,5,88
20260720,20264958,헬파이어: 시수의 길,2026-07-16,10.2,0.0,49,30000,693000,5,84
20260720,20259626,마이클,2026-05-13,1.9,0.0,214,46000,17914118280,4,1629414
20260720,20263262,맘보 점보,2026-06-03,7.5,0.0,40,23000,82979800,3,9944
20260720,20218541,밀수,2023-07-26,3.5,0.0,85,15000,49688818003,3,5143751
20260720,20240398,파과,2025-04-30,3.5,0.0,85,15000,5265861000,3,550917
20260720,20264823,격정 상간 새엄마,2026-07-20,0.5,0.0,194,1000,1000,1,1
20260720,20264991,그라비아 출신 최초 얼굴노출,2026-07-20,0.7,0.0,140,1000,1000,1,1
20260720,20264821,내 친구와 남편이 같은 냄새,2026-07-20,1.1,0.0,91,1000,1000,1,1
20260720,20264909,니가 날 보는 게 좋아 - 새엄마,2026-07-20,1.1,0.0,91,1000,1000,1,1
20260720,20264779,신유스타일 무경험 처녀타락,2026-07-20,0.5,0.0,194,1000,1000,1,1
20260720,20264778,에로만화 발정의 새엄마,2026-07-20,1.1,0.0,91,1000,1000,1,1
20260720,20264780,연예인급 후회의 오열 첫경험,2026-07-20,0.7,0.0,140,1000,1000,1,1
20260720,20264808,위아래 다 예쁜 유부녀,2026-07-20,1.1,0.0,91,1000,1000,1,1
20260720,20264833,재강림 H컵 뒷 플레이 첫도전,2026-07-20,0.5,0.0,194,1000,1000,1,1
20260720,20264825,초귀요미 생애 첫 하드섹스,2026-07-20,0.7,0.0,140,1000,1000,1,1
20260719,20264427,극장판 암살교실 모두의 시간,2026-07-01,12.9,0.2,3021,3731800,321897650,391,30129
20260719,20190280,날씨의 아이,2019-10-30,48.4,0.0,763,4686700,7755294972,369,899002
20260719,20248252,와일드 씽,2026-06-03,7.0,0.2,4168,2260000,12956295090,290,1340883
20260719,20050194,회로,2026-07-08,8.2,0.1,2566,2196550,72075610,211,6972
20260719,20261782,프로젝트 헤일메리,2026-03-18,14.2,0.0,888,1671500,32990851700,126,2909033
20260719,20070458,냉정과 열정사이,2003-10-10,35.4,0.0,212,509000,458479600,75,57101
20260719,20258236,만달로리안과 그로구,2026-05-27,8.3,0.0,703,740500,2801893300,58,231412
20260719,20253094,아마데우스 오리지널 리마스터링,2025-06-04,18.9,0.0,212,280000,171428200,40,18609
20260719,20081375,샤이닝,2023-06-28,78.0,0.0,50,465000,219113678,39,21527
20260719,20060356,싸이보그지만 괜찮아,2006-12-07,97.5,0.0,40,414000,3986778800,39,676534
20260719,20000228,아이즈  와이드 셧,2000-09-01,76.0,0.0,50,456000,44418500,38,5207
20260719,20263948,에픽: 엘비스 프레슬리 콘서트,2026-07-01,10.4,0.0,346,270000,126854500,36,14874
20260719,20250655,디스클로저 데이,2026-06-10,34.3,0.0,102,459000,2805173750,35,261129
20260719,20258709,좀비 랜드 사가: 유메긴가 파라다이스,2026-03-04,100.0,0.0,30,210000,115042840,30,9911
20260719,20264056,그린랜드 2: 마이그레이션,2026-07-01,2.7,0.0,1085,342000,526876150,29,55221
20260719,20135428,어바웃 타임,2013-12-05,40.4,0.0,52,210000,25371807300,21,3455505
20260719,20261664,인터랙티브 신비아파트 : 극장귀의 속삭임,2026-07-09,5.3,0.0,377,300000,5325000,20,355
20260719,20263262,맘보 점보,2026-06-03,18.8,0.0,80,115000,82956800,15,9941
20260719,20242837,왕과 사는 남자,2026-02-04,8.9,0.0,146,98000,163192719340,13,16912725
20260719,20245063,"희망의 발견, 알래스카에서",2026-07-04,43.3,0.0,30,94000,13105700,13,1546
20260719,20263222,극장판 호빵맨: 세균맨과 그림책의 루룬,2026-05-23,22.5,0.0,40,67000,295376850,9,35508
20260719,20263327,사랑의 하츄핑 특별판,2026-05-01,15.0,0.0,40,50000,143242610,6,15473
20260719,20264569,레디 오어 낫: 죽음의 숨바꼭질,2026-07-01,8.8,0.0,68,41000,166773100,6,17509
20260719,20240242,키타로 탄생 게게게의 수수께끼,2024-06-12,3.9,0.0,127,66400,432164900,5,40227
20260719,20255168,"극장판 뱅드림! 잇츠 마이고!!!!! 후편: 노래하자, 우리가 될 수 있는 노래 & 필름 라이브",2025-06-19,4.6,0.0,66,45000,87096900,3,9398
20260719,20249255,만약에 우리,2025-12-31,6.3,0.0,48,19000,25511316820,3,2603018
20260719,20254062,"극장판 뱅드림! 잇츠 마이고!!!!! 전편: 봄의 양지, 방황하는 고양이",2025-04-24,3.0,0.0,66,22000,78179700,2,8314
20260719,20250489,슈퍼걸,2026-06-24,4.7,0.0,43,14000,1452607930,2,142278
20260719,20263371,사랑의 네 가지 온도,2026-07-02,5.6,0.0,36,13000,842000,2,116
20260719,20264772,계약당일 촬영한 여배우 강림,2026-07-19,0.5,0.0,194,1000,1000,1,1
20260719,20264807,내가 친구 엄마의 불륜 상대,2026-07-19,0.7,0.0,140,1000,1000,1,1
20260719,20264768,눈물 울음 후회 통신사 여직원,2026-07-19,0.5,0.0,194,1000,1000,1,1
20260719,20264752,사이코패스인 새아들,2026-07-19,1.1,0.0,91,1000,1000,1,1
20260719,20264773,새아들의 엑기스만 모았다,2026-07-19,0.7,0.0,140,1000,1000,1,1
20260719,20264806,완전 얼굴공개 신혼녀,2026-07-19,0.7,0.0,140,1000,1000,1,1
20260719,20264765,첫 야외노출 통행인과 1.5미터,2026-07-19,1.1,0.0,91,1000,1000,1,1
20260719,20264767,초미인 여대생 인기모델,2026-07-19,0.5,0.0,194,1000,1000,1,1
20260719,20264751,핫바디 엄마친구 네네짱,2026-07-19,1.1,0.0,91,1000,1000,1,1
20260719,20264766,현역 20살 여대생 최초촬영,2026-07-19,1.1,0.0,91,1000,1000,1,1
20260718,20248252,와일드 씽,2026-06-03,8.7,0.3,5986,4075100,12954035090,518,1340593
20260718,20050194,회로,2026-07-08,22.5,0.1,1735,5249350,69879060,390,6761
20260718,20190280,날씨의 아이,2019-10-30,59.7,0.0,640,4920300,7750608272,382,898633
20260718,20264427,극장판 암살교실 모두의 시간,2026-07-01,13.3,0.1,2792,3866800,318165850,370,29738
20260718,20258236,만달로리안과 그로구,2026-05-27,37.2,0.0,572,2825800,2801152800,213,231354
20260718,20261782,프로젝트 헤일메리,2026-03-18,23.8,0.0,766,2394060,32989180200,182,2908907
20260718,20070458,냉정과 열정사이,2003-10-10,42.5,0.0,212,565000,457970600,90,57026
20260718,20264714,예스! 유 캔,2026-07-22,100.0,0.0,68,340000,340000,68,68
20260718,20264056,그린랜드 2: 마이그레이션,2026-07-01,6.6,0.0,820,654000,526534150,54,55192
20260718,20245063,"희망의 발견, 알래스카에서",2026-07-04,100.0,0.0,51,459000,13011700,51,1533
20260718,20151022,걷기왕,2016-10-20,25.1,0.0,199,180000,712650075,50,95847
20260718,20263371,사랑의 네 가지 온도,2026-07-02,52.9,0.0,85,339000,829000,45,114
20260718,20259869,국가초기화,2026-06-26,70.0,0.0,60,306000,2439500,42,263
20260718,20060356,싸이보그지만 괜찮아,2006-12-07,100.0,0.0,40,418000,3986364800,40,676495
20260718,20000228,아이즈  와이드 셧,2000-09-01,73.1,0.0,52,456000,43962500,38,5169
20260718,20250655,디스클로저 데이,2026-06-10,14.5,0.0,256,503600,2804714750,37,261094
20260718,20253094,아마데우스 오리지널 리마스터링,2025-06-04,17.5,0.0,212,244000,171148200,37,18569
20260718,20081375,샤이닝,2023-06-28,65.4,0.0,52,408000,218648678,34,21488
20260718,20259626,마이클,2026-05-13,13.6,0.0,214,382000,17914072280,29,1629410
20260718,19910234,신경쇠약 직전의 여자,1991-06-22,29.4,0.0,92,318000,7958000,27,819
20260718,20263948,에픽: 엘비스 프레슬리 콘서트,2026-07-01,31.9,0.0,72,189000,126584500,23,14838
20260718,20240242,키타로 탄생 게게게의 수수께끼,2024-06-12,15.8,0.0,127,285400,432098500,20,40222
20260718,20261664,인터랙티브 신비아파트 : 극장귀의 속삭임,2026-07-09,5.0,0.0,377,285000,5025000,19,335
20260718,19990147,부기나이트,1999-03-20,50.0,0.0,26,140000,20953000,13,2404
20260718,20135428,어바웃 타임,2013-12-05,25.0,0.0,52,91000,25371597300,13,3455484
20260718,20242837,왕과 사는 남자,2026-02-04,7.5,0.0,146,75000,163192621340,11,16912712
20260718,20249255,만약에 우리,2025-12-31,18.8,0.0,48,61000,25511297820,9,2603015
20260718,20250489,슈퍼걸,2026-06-24,2.0,0.0,349,49000,1452593930,7,142276
20260718,20255168,"극장판 뱅드림! 잇츠 마이고!!!!! 후편: 노래하자, 우리가 될 수 있는 노래 & 필름 라이브",2025-06-19,7.6,0.0,66,69000,87051900,5,9395
20260718,20254062,"극장판 뱅드림! 잇츠 마이고!!!!! 전편: 봄의 양지, 방황하는 고양이",2025-04-24,6.1,0.0,66,44000,78157700,4,8312
20260718,20263262,맘보 점보,2026-06-03,7.5,0.0,40,25000,82841800,3,9926
20260718,20263327,사랑의 하츄핑 특별판,2026-05-01,4.3,0.0,70,25000,143192610,3,15467
20260718,20263222,극장판 호빵맨: 세균맨과 그림책의 루룬,2026-05-23,7.5,0.0,40,23000,295309850,3,35499
20260718,20263597,최후의 만찬,2026-06-04,3.9,0.0,52,16000,65744620,2,7017
20260718,20264569,레디 오어 낫: 죽음의 숨바꼭질,2026-07-01,1.7,0.0,59,7000,166732100,1,17503
20260718,20264761,나이만큼 성숙한 유부녀,2026-07-18,0.5,0.0,194,1000,1000,1,1
20260718,20264748,배달원으로 성욕 채우는 아내,2026-07-18,0.5,0.0,194,1000,1000,1,1
20260718,20211625,새엄마가 세워준 강한 자존심,2026-07-18,1.1,0.0,91,1000,1000,1,1
20260718,20223216,성감치료 거시기 처방전,2026-07-18,1.1,0.0,91,1000,1000,1,1
20260718,20253777,아빠가 출장중이라 집에 없는 동안만 사귀어준다는 새엄마,2026-07-18,1.1,0.0,91,1000,1000,1,1
20260718,20264908,오피스에서 즐기는 여상사,2026-07-18,0.7,0.0,140,1000,1000,1,1
20260718,20264762,입술로 적셔주는 새엄마,2026-07-18,0.7,0.0,140,1000,1000,1,1
20260718,20253765,즐거웠던 너와의 여름밤을 기억하며 새엄마의 오일마사지,2026-07-18,1.1,0.0,91,1000,1000,1,1
20260718,20264719,친구의 아내가 내 전여친,2026-07-18,0.5,0.0,194,1000,1000,1,1
20260718,20264750,터져버린 여부장의 암컷본능,2026-07-18,0.7,0.0,140,1000,1000,1,1
20260717,20264427,극장판 암살교실 모두의 시간,2026-07-01,15.5,0.1,2757,4145300,314299050,427,29368
20260717,20190280,날씨의 아이,2019-10-30,67.2,0.0,612,5080700,7745687972,411,898251
20260717,20050194,회로,2026-07-08,16.6,0.1,1665,2809550,64629710,276,6371
20260717,20261782,프로젝트 헤일메리,2026-03-18,34.9,0.0,278,1112000,32986786140,97,2908725
20260717,20258945,너만 보이는 날,2026-06-24,5.5,0.1,1327,627000,147943750,73,16672
20260717,20259626,마이클,2026-05-13,12.4,0.0,418,644000,17913690280,52,1629381
20260717,20264056,그린랜드 2: 마이그레이션,2026-07-01,4.4,0.0,1149,532000,525880150,51,55138
20260717,20263597,최후의 만찬,2026-06-04,65.7,0.0,70,460000,65728620,46,7015
20260717,20258236,만달로리안과 그로구,2026-05-27,31.9,0.0,135,471000,2798327000,43,231141
20260717,20081375,샤이닝,2023-06-28,75.0,0.0,52,468000,218240678,39,21454
20260717,20000228,아이즈  와이드 셧,2000-09-01,78.0,0.0,50,465000,43506500,39,5131
20260717,19990147,부기나이트,1999-03-20,59.1,0.0,66,361000,20813000,39,2391
20260717,20242837,왕과 사는 남자,2026-02-04,19.1,0.0,189,281000,163192546340,36,16912701
20260717,20263948,에픽: 엘비스 프레슬리 콘서트,2026-07-01,8.9,0.0,382,269000,126395500,34,14815
20260717,20138661,케이온,2013-06-13,100.0,0.0,30,330000,456317481,30,46157
20260717,20135428,어바웃 타임,2013-12-05,51.9,0.0,52,270000,25371506300,27,3455471
20260717,20060356,싸이보그지만 괜찮아,2006-12-07,100.0,0.0,26,278000,3985946800,26,676455
20260717,20255168,"극장판 뱅드림! 잇츠 마이고!!!!! 후편: 노래하자, 우리가 될 수 있는 노래 & 필름 라이브",2025-06-19,36.4,0.0,66,319000,86982900,24,9390
20260717,20250655,디스클로저 데이,2026-06-10,20.6,0.0,102,276400,2804211150,21,261057
20260717,20240242,키타로 탄생 게게게의 수수께끼,2024-06-12,15.8,0.0,127,242300,431813100,20,40202
20260717,20264956,몸으로 실수 해결하는 여직원,2026-07-17,18.9,0.0,106,100000,100000,20,20
20260717,20264955,스타킹 찢어주는 육덕녀,2026-07-17,27.4,0.0,73,100000,100000,20,20
20260717,20254062,"극장판 뱅드림! 잇츠 마이고!!!!! 전편: 봄의 양지, 방황하는 고양이",2025-04-24,21.2,0.0,66,148000,78113700,14,8308
20260717,20263262,맘보 점보,2026-06-03,13.8,0.0,80,88000,82816800,11,9923
20260717,20264743,무에타이 파이터,2026-07-16,8.9,0.0,113,60000,687000,10,83
20260717,20263222,극장판 호빵맨: 세균맨과 그림책의 루룬,2026-05-23,17.5,0.0,40,52000,295286850,7,35496
20260717,20263371,사랑의 네 가지 온도,2026-07-02,16.7,0.0,36,45000,490000,6,69
20260717,20264569,레디 오어 낫: 죽음의 숨바꼭질,2026-07-01,10.7,0.0,56,41000,166725100,6,17502
20260717,20248218,반칙왕 몽키,2026-05-20,2.2,0.0,223,38000,19110400,5,2259
20260717,20264958,헬파이어: 시수의 길,2026-07-16,5.4,0.0,93,30000,663000,5,79
20260717,20249255,만약에 우리,2025-12-31,8.3,0.0,48,26000,25511236820,4,2603006
20260717,20245063,"희망의 발견, 알래스카에서",2026-07-04,2.2,0.0,135,30000,12552700,3,1482
20260717,20263327,사랑의 하츄핑 특별판,2026-05-01,2.9,0.0,70,16000,143167610,2,15464
20260717,20250489,슈퍼걸,2026-06-24,1.8,0.0,56,7000,1452544930,1,142269
20260717,20263845,정뱅이,2026-06-24,0.7,0.0,144,6000,20203800,1,2123
20260717,20253876,남자몸이 그리운 친구엄마와 육체결합,2026-07-17,1.1,0.0,91,1000,1000,1,1
20260717,20253750,눈을 뜨자 벌써 새엄마가 올라타고 있었다,2026-07-17,0.5,0.0,194,1000,1000,1,1
20260717,20253749,비뇨기과 성기능 검진,2026-07-17,1.1,0.0,91,1000,1000,1,1
20260717,20253784,빵빵한 엉덩이의 친구엄마에게 동정을 바치다,2026-07-17,0.7,0.0,140,1000,1000,1,1
20260717,20253785,어여쁜 엄마친구와 선을 크게 넘어버린 정사,2026-07-17,0.7,0.0,140,1000,1000,1,1
20260717,20253763,옆집유부녀를 최면으로 완전지배,2026-07-17,0.5,0.0,194,1000,1000,1,1
20260717,20253737,오늘은 너만 야근이라는 여상사,2026-07-17,0.5,0.0,194,1000,1000,1,1
20260717,20253748,지루인 나를 실은 명기인 새엄마가 치료해주다,2026-07-17,1.1,0.0,91,1000,1000,1,1
20260717,20253243,친구아들의 동정욕구를 몸으로 받아주다,2026-07-17,1.1,0.0,91,1000,1000,1,1
20260717,20253764,현관에서 격렬하게 안아달라는 새엄마,2026-07-17,0.7,0.0,140,1000,1000,1,1
20260716,20264665,드림 애니멀즈: 더무비,2026-07-24,94.3,0.0,435,3382000,53729000,410,6191
20260716,20264027,극장판 도라에몽: 신 진구의 해저비밀성,2026-07-01,4.7,0.4,7769,3818450,564698400,362,59312
20260716,20226431,오펜하이머,2023-08-15,100.0,0.0,200,3184000,34450632556,200,3238225
20260716,20050194,회로,2026-07-08,7.6,0.1,2463,1978550,61820160,188,6095
20260716,20190280,날씨의 아이,2019-10-30,31.2,0.0,593,2324200,7740607272,185,897840
20260716,20245063,"희망의 발견, 알래스카에서",2026-07-04,87.0,0.0,115,1000000,12522700,100,1479
20260716,20263262,맘보 점보,2026-06-03,43.7,0.0,222,485000,82728800,97,9912
20260716,20263845,정뱅이,2026-06-24,100.0,0.0,93,1023000,20197800,93,2122
20260716,20226444,극장판 엄마 까투리: 도시로 간 까투리 가족,2022-09-08,63.9,0.0,130,581000,1631732999,83,177163
20260716,20261782,프로젝트 헤일메리,2026-03-18,22.1,0.0,366,851900,32985674140,81,2908628
20260716,20060356,싸이보그지만 괜찮아,2006-12-07,93.8,0.0,80,716000,3985668800,75,676429
20260716,20264958,헬파이어: 시수의 길,2026-07-16,5.0,0.1,1482,633000,633000,74,74
20260716,20264743,무에타이 파이터,2026-07-16,5.5,0.1,1317,627000,627000,73,73
20260716,20264056,그린랜드 2: 마이그레이션,2026-07-01,3.1,0.1,1486,440000,525348150,46,55087
20260716,20174142,아이 캔 스피크,2017-09-21,21.2,0.0,212,270000,25619131886,45,3293270
20260716,20081375,샤이닝,2023-06-28,78.9,0.0,52,492000,217772678,41,21415
20260716,20000228,아이즈  와이드 셧,2000-09-01,67.3,0.0,52,420000,43041500,35,5092
20260716,20261210,모험의 세계 원더월드 대탐험,2026-01-29,44.2,0.0,77,238000,3934000,34,362
20260716,20040695,이프 온리,2004-10-29,29.6,0.0,115,230000,7300963090,34,1068703
20260716,20263948,에픽: 엘비스 프레슬리 콘서트,2026-07-01,6.4,0.0,485,197000,126126500,31,14781
20260716,20153444,럭키,2016-10-13,100.0,0.0,30,420000,56445897256,30,6975677
20260716,20241082,쿵쿵따 탐험대,2024-06-26,20.2,0.0,104,126000,32651000,21,5396
20260716,20258236,만달로리안과 그로구,2026-05-27,13.3,0.0,150,266800,2797856000,20,231098
20260716,20264953,대물에 푹 절여진 아줌마,2026-07-16,22.0,0.0,91,100000,100000,20,20
20260716,20264954,사무실에서 몰래 섹스하는 맛,2026-07-16,27.4,0.0,73,100000,100000,20,20
20260716,20250655,디스클로저 데이,2026-06-10,17.7,0.0,102,229500,2803934750,18,261036
20260716,20253106,핑크퐁 공룡 유치원,2025-03-08,37.5,0.0,40,105000,3670500,15,542
20260716,20259626,마이클,2026-05-13,4.6,0.0,286,154000,17913046280,13,1629329
20260716,19910234,신경쇠약 직전의 여자,1991-06-22,13.0,0.0,92,120000,7640000,12,792
20260716,20240242,키타로 탄생 게게게의 수수께끼,2024-06-12,8.7,0.0,127,139500,431570800,11,40182
20260716,20250489,슈퍼걸,2026-06-24,9.0,0.0,111,64000,1452537930,10,142268
20260716,20249255,만약에 우리,2025-12-31,16.7,0.0,48,55000,25511210820,8,2603002
20260716,20255168,"극장판 뱅드림! 잇츠 마이고!!!!! 후편: 노래하자, 우리가 될 수 있는 노래 & 필름 라이브",2025-06-19,4.6,0.0,66,42000,86663900,3,9366
20260716,20254062,"극장판 뱅드림! 잇츠 마이고!!!!! 전편: 봄의 양지, 방황하는 고양이",2025-04-24,3.0,0.0,66,20000,77965700,2,8294
20260716,20111101,고 녀석 맛나겠다,2011-07-07,5.0,0.0,40,16000,432201900,2,62238
20260716,20264569,레디 오어 낫: 죽음의 숨바꼭질,2026-07-01,3.4,0.0,59,13000,166684100,2,17496
20260716,20265081,내 아내랑 하지 마라,2026-07-16,0.7,0.0,146,6000,6000,1,1
20260716,20263597,최후의 만찬,2026-06-04,0.0,0.0,52,0,65268620,0,6969
20260729,20262770,스파이더맨: 브랜드 뉴 데이,2026-07-29,53.7,64.2,1282270,6889681590,6907267590,688414,689668
20260729,20233219,호프,2026-07-15,26.0,16.9,338045,832312150,40174736360,87927,3707150
20260729,20261784,미니언즈 & 몬스터즈,2026-07-15,18.2,6.0,118773,192344300,6345872400,21655,628085
20260729,20259946,모아나,2026-07-08,15.3,3.6,72556,100993520,10155049330,11102,950945
20260729,20259781,토이 스토리 5,2026-06-17,20.4,2.3,45194,84644220,29539761920,9231,2870371
20260729,20264665,드림 애니멀즈: 더무비,2026-07-24,9.2,1.4,27460,22357400,302741650,2522,33833
20260729,20242402,눈동자,2026-06-24,9.3,1.3,26809,24170260,15755890050,2488,1527335
20260729,20242837,왕과 사는 남자,2026-02-04,70.5,0.1,1424,6874000,163215573840,1004,16916280
20260729,20257100,산양들,2026-07-29,14.6,0.3,6099,7829000,15076000,888,1709
20260729,20264027,극장판 도라에몽: 신 진구의 해저비밀성,2026-07-01,10.3,0.3,6354,5877650,681340400,657,71532
20260728,20233219,호프,2026-07-15,9.7,55.9,1031207,1023927630,39342424210,100147,3619223
20260728,20261784,미니언즈 & 몬스터즈,2026-07-15,9.7,12.3,226773,204457520,6153528100,22067,606430
20260728,20259946,모아나,2026-07-08,9.1,9.2,170263,148370140,10054055810,15557,939843
20260728,20259781,토이 스토리 5,2026-06-17,11.8,5.7,105536,119485840,29455117700,12498,2861140
20260728,20242402,눈동자,2026-06-24,6.5,5.5,100621,67535250,15731719790,6533,1524847
20260728,20264665,드림 애니멀즈: 더무비,2026-07-24,6.6,2.6,48055,28063810,280384250,3166,31311
20260728,20262770,스파이더맨: 브랜드 뉴 데이,2026-07-29,100.0,0.1,1254,17586000,17586000,1254,1254
20260728,20252402,군체,2026-05-21,5.7,0.9,16963,9713100,62709506340,967,5951746
20260728,20264027,극장판 도라에몽: 신 진구의 해저비밀성,2026-07-01,6.3,0.6,11677,6638750,675462750,730,70875
20260728,20248252,와일드 씽,2026-06-03,12.7,0.3,4725,4183600,12989963040,600,1345199
20260727,20233219,호프,2026-07-15,10.0,56.4,1032560,1057566480,38318496580,103404,3519076
20260727,20261784,미니언즈 & 몬스터즈,2026-07-15,9.6,12.2,224100,202780900,5949070580,21401,584363
20260727,20259946,모아나,2026-07-08,9.0,9.2,167750,145849290,9905685670,15049,924286
20260727,20259781,토이 스토리 5,2026-06-17,11.3,5.6,102095,112255100,29335631860,11521,2848642
20260727,20242402,눈동자,2026-06-24,6.6,5.6,101603,68698000,15664184540,6698,1518314
20260727,20264665,드림 애니멀즈: 더무비,2026-07-24,7.4,2.8,50709,33524130,252320440,3741,28145
20260727,20252402,군체,2026-05-21,5.1,0.9,16103,8312100,62699793240,813,5950779
20260727,20264027,극장판 도라에몽: 신 진구의 해저비밀성,2026-07-01,4.8,0.6,11856,5044000,668824000,571,70145
20260727,20242837,왕과 사는 남자,2026-02-04,47.2,0.0,449,1488000,163205330840,212,16914775
20260727,20248252,와일드 씽,2026-06-03,5.1,0.2,3603,1591500,12985779440,185,1344599
20260726,20233219,호프,2026-07-15,25.0,56.9,1145809,3001104110,37260930100,285872,3415672
20260726,20261784,미니언즈 & 몬스터즈,2026-07-15,18.5,13.0,261557,477803500,5746289680,48445,562962
20260726,20259946,모아나,2026-07-08,19.4,8.9,179785,346767280,9759836380,34802,909237
20260726,20259781,토이 스토리 5,2026-06-17,19.8,5.6,113779,229075600,29223376760,22487,2837121
20260726,20242402,눈동자,2026-06-24,14.0,4.6,93104,138652370,15595486540,13074,1511616
20260726,20264665,드림 애니멀즈: 더무비,2026-07-24,11.2,2.8,55827,57326820,218796310,6242,24404
20260726,20252402,군체,2026-05-21,8.5,0.7,13236,11759500,62691481140,1131,5949966
20260726,20264027,극장판 도라에몽: 신 진구의 해저비밀성,2026-07-01,9.2,0.5,10679,9367150,663780000,979,69574
20260726,20264352,앤팀 브이알 콘서트 : 바운드리스,2026-06-26,58.8,0.1,1360,28593000,716271000,800,20041
20260726,20261782,프로젝트 헤일메리,2026-03-18,33.5,0.0,1074,4692000,33001801500,360,2909942
20260725,20233219,호프,2026-07-15,27.1,57.2,1207969,3478832330,34259825990,327565,3129800
20260725,20261784,미니언즈 & 몬스터즈,2026-07-15,18.2,12.9,272692,491546840,5268486180,49512,514517
20260725,20259946,모아나,2026-07-08,19.4,8.8,186717,364078680,9413069100,36157,874435
20260725,20259781,토이 스토리 5,2026-06-17,19.2,5.4,114620,227164930,28994301160,22032,2814634
20260725,20242402,눈동자,2026-06-24,14.1,4.9,102790,154391050,15456834170,14534,1498542
20260725,20264665,드림 애니멀즈: 더무비,2026-07-24,9.9,2.7,57349,51606640,161469490,5690,18162
20260725,20252402,군체,2026-05-21,10.0,0.7,14538,15958770,62679721640,1447,5948835
20260725,20264027,극장판 도라에몽: 신 진구의 해저비밀성,2026-07-01,7.7,0.5,10956,7926100,654412850,840,68595
20260725,20264352,앤팀 브이알 콘서트 : 바운드리스,2026-06-26,46.5,0.1,1360,22620000,687678000,633,19241
20260725,20190280,날씨의 아이,2019-10-30,54.3,0.0,1132,6938900,7772383372,615,900514
20260724,20233219,호프,2026-07-15,13.5,58.4,1138575,1658248600,30780993660,153910,2802235
20260724,20261784,미니언즈 & 몬스터즈,2026-07-15,9.0,11.4,221397,196090780,4776939340,19957,465005
20260724,20259946,모아나,2026-07-08,9.8,8.4,164562,160572600,9048990420,16041,838278
20260724,20242402,눈동자,2026-06-24,8.1,6.0,117672,102241700,15302443120,9531,1484008
20260724,20259781,토이 스토리 5,2026-06-17,10.1,4.8,93761,97058920,28767136230,9456,2792602
20260724,20264665,드림 애니멀즈: 더무비,2026-07-24,7.5,2.3,44806,27319050,109862850,3368,12472
20260724,20252402,군체,2026-05-21,6.7,0.9,17906,13232820,62663762870,1199,5947388
20260724,20248252,와일드 씽,2026-06-03,20.3,0.3,5478,8107200,12981383590,1112,1344043
20260724,20242837,왕과 사는 남자,2026-02-04,65.1,0.0,822,3341000,163202847340,535,16914401
20260724,20264352,앤팀 브이알 콘서트 : 바운드리스,2026-06-26,35.5,0.1,1360,17166000,665058000,483,18608
20260723,20233219,호프,2026-07-15,10.7,58.0,1073570,1174720200,29122745060,114997,2648325
20260723,20261784,미니언즈 & 몬스터즈,2026-07-15,7.4,12.2,225484,158052140,4580848560,16713,445048
20260723,20259946,모아나,2026-07-08,8.4,8.5,157614,130141970,8888417820,13261,822237
20260723,20242402,눈동자,2026-06-24,7.7,6.6,122355,96438570,15200201420,9417,1474477
20260723,20259781,토이 스토리 5,2026-06-17,8.4,5.2,96356,78656050,28670077310,8043,2783146
20260723,20252402,군체,2026-05-21,6.2,1.1,20773,13167200,62650530050,1281,5946189
20260723,20242837,왕과 사는 남자,2026-02-04,69.6,0.0,752,2995000,163199506340,523,16913866
20260723,20264665,드림 애니멀즈: 더무비,2026-07-24,54.8,0.0,692,2981000,82543800,379,9104
20260723,20264027,극장판 도라에몽: 신 진구의 해저비밀성,2026-07-01,4.2,0.5,9030,3656100,642290450,375,67295
20260723,20264352,앤팀 브이알 콘서트 : 바운드리스,2026-06-26,24.9,0.1,1360,12021000,647892000,338,18125
20260729,20264742,불멸의 존재들. 이집트 박물관의 경이들,2026-07-29,18.2,0.0,1017,1238300,1238300,185,185
20260729,20190280,날씨의 아이,2019-10-30,21.7,0.0,452,981000,7780733972,98,901250
20260729,20050194,회로,2026-07-08,8.4,0.0,1071,652350,87957880,90,8522
20260729,20261782,프로젝트 헤일메리,2026-03-18,21.2,0.0,364,803000,33005622650,77,2910285
20260729,20245063,"희망의 발견, 알래스카에서",2026-07-04,100.0,0.0,68,476000,15611700,68,1851
20260729,20252402,군체,2026-05-21,7.0,0.0,899,541500,62710047840,63,5951809
20260729,20248252,와일드 씽,2026-06-03,62.4,0.0,101,378000,12990341040,63,1345262
20260729,20228796,하얼빈,2024-12-24,29.5,0.0,207,309000,46983636380,61,4915831
20260729,20226500,달짝지근해: 7510,2023-08-15,100.0,0.0,58,348000,13446215901,58,1388425
20260729,20148846,사도,2015-09-16,100.0,0.0,40,480000,48847984501,40,6247872
20260729,20258236,만달로리안과 그로구,2026-05-27,9.8,0.0,277,275500,2807317700,27,231856
20260729,20264714,예스! 유 캔,2026-07-22,10.9,0.0,238,191000,3998300,26,498
20260729,20135428,어바웃 타임,2013-12-05,30.8,0.0,52,112000,25372226300,16,3455552
20260729,19930254,사랑의 블랙홀,1993-12-04,13.0,0.0,92,118000,20462000,12,2350
20260729,20263222,극장판 호빵맨: 세균맨과 그림책의 루룬,2026-05-23,15.0,0.0,80,89000,296531850,12,35671
20260729,20263262,맘보 점보,2026-06-03,22.5,0.0,40,73000,83228800,9,9975
20260729,20250655,디스클로저 데이,2026-06-10,7.8,0.0,102,87000,2806492350,8,261242
20260729,20264427,극장판 암살교실 모두의 시간,2026-07-01,8.4,0.0,95,73000,336795050,8,31575
20260729,20259626,마이클,2026-05-13,8.5,0.0,82,67000,17915740780,7,1629568
20260729,20264431,무서운 영화,2026-07-01,1.6,0.0,304,66000,37228700,5,3375
20260729,20248218,반칙왕 몽키,2026-05-20,3.0,0.0,169,35700,19550100,5,2310
20260729,20264743,무에타이 파이터,2026-07-16,5.4,0.0,93,30000,957000,5,128
20260729,20264958,헬파이어: 시수의 길,2026-07-16,5.4,0.0,93,30000,903000,5,119
20260729,20263598,패신저,2026-06-24,1.0,0.0,201,22000,34449750,2,3191
20260729,20264056,그린랜드 2: 마이그레이션,2026-07-01,1.3,0.0,76,7000,528490850,1,55423
20260728,20242837,왕과 사는 남자,2026-02-04,57.7,0.0,869,3369000,163208699840,501,16915276
20260728,20190280,날씨의 아이,2019-10-30,10.9,0.1,1700,2028100,7779752972,185,901152
20260728,20261782,프로젝트 헤일메리,2026-03-18,15.3,0.0,1002,1743800,33004819650,153,2910208
20260728,20264427,극장판 암살교실 모두의 시간,2026-07-01,15.5,0.0,908,1455650,336722050,141,31567
20260728,20050194,회로,2026-07-08,7.9,0.1,1355,970100,87305530,107,8432
20260728,20257100,산양들,2026-07-29,100.0,0.0,92,828000,7247000,92,821
20260728,20174142,아이 캔 스피크,2017-09-21,100.0,0.0,58,348000,25619479886,58,3293328
20260728,20264714,예스! 유 캔,2026-07-22,4.0,0.1,1114,353900,3807300,44,472
20260728,20228796,하얼빈,2024-12-24,54.7,0.0,75,233000,46983327380,41,4915770
20260728,20252373,넘버원,2026-02-11,49.2,0.0,63,186000,2690775020,31,280968
20260728,20060356,싸이보그지만 괜찮아,2006-12-07,96.2,0.0,26,241000,3989018800,25,676773
20260728,20259626,마이클,2026-05-13,6.4,0.0,378,214000,17915673780,24,1629561
20260728,20258236,만달로리안과 그로구,2026-05-27,4.8,0.0,394,223000,2807042200,19,231829
20260728,20263262,맘보 점보,2026-06-03,27.5,0.0,40,87000,83155800,11,9966
20260728,20248218,반칙왕 몽키,2026-05-20,1.7,0.0,416,60000,19514400,7,2305
20260728,20263222,극장판 호빵맨: 세균맨과 그림책의 루룬,2026-05-23,17.5,0.0,40,52000,296442850,7,35659
20260728,20249255,만약에 우리,2025-12-31,5.2,0.0,96,33000,25512189820,5,2603163
20260728,20264743,무에타이 파이터,2026-07-16,10.2,0.0,49,30000,927000,5,123
20260728,20264958,헬파이어: 시수의 길,2026-07-16,9.4,0.0,53,30000,873000,5,114
20260728,20263598,패신저,2026-06-24,2.3,0.0,86,20000,34427750,2,3189
20260728,20040695,이프 온리,2004-10-29,2.4,0.0,85,16000,7301189090,2,1068735
20260728,20245063,"희망의 발견, 알래스카에서",2026-07-04,1.4,0.0,144,16000,15135700,2,1783
20260728,20265323,남편 상사에게 상납된 비서 아내,2026-07-28,1.2,0.0,83,6000,6000,1,1
20260728,20265324,여상사의 은밀한 사정관리,2026-07-28,1.2,0.0,83,6000,6000,1,1
20260728,20265304,횡령 유부녀 거유로 입막음,2026-07-28,1.2,0.0,83,6000,6000,1,1
20260728,20265417,대물 흑인에 뻑간 음란 유부녀들,2026-07-28,0.7,0.0,140,1000,1000,1,1
20260727,20190280,날씨의 아이,2019-10-30,12.4,0.1,1360,1916800,7777724872,169,900967
20260727,20264427,극장판 암살교실 모두의 시간,2026-07-01,12.2,0.0,924,1277850,335266400,113,31426
20260727,20261782,프로젝트 헤일메리,2026-03-18,11.6,0.0,978,1274350,33003075850,113,2910055
20260727,20050194,회로,2026-07-08,12.0,0.0,677,795200,86335430,81,8325
20260727,20264714,예스! 유 캔,2026-07-22,7.5,0.0,851,537600,3453400,64,428
20260727,20249255,만약에 우리,2025-12-31,9.8,0.0,472,240000,25512156820,46,2603158
20260727,20000228,아이즈  와이드 셧,2000-09-01,54.0,0.0,50,324000,45798500,27,5322
20260727,20263222,극장판 호빵맨: 세균맨과 그림책의 루룬,2026-05-23,33.8,0.0,80,191000,296390850,27,35652
20260727,20250655,디스클로저 데이,2026-06-10,23.5,0.0,102,300500,2806405350,24,261234
20260727,20258236,만달로리안과 그로구,2026-05-27,3.6,0.0,632,262500,2806819200,23,231810
20260727,19990147,부기나이트,1999-03-20,84.6,0.0,26,216000,21601000,22,2471
20260727,19910234,신경쇠약 직전의 여자,1991-06-22,10.9,0.0,92,98000,8428000,10,864
20260727,19930254,사랑의 블랙홀,1993-12-04,13.8,0.0,58,80000,20344000,8,2338
20260727,20263262,맘보 점보,2026-06-03,15.0,0.0,40,48000,83068800,6,9955
20260727,20259626,마이클,2026-05-13,2.0,0.0,246,54000,17915459780,5,1629537
20260727,20264743,무에타이 파이터,2026-07-16,5.8,0.0,87,30000,897000,5,118
20260727,20264958,헬파이어: 시수의 길,2026-07-16,10.2,0.0,49,30000,843000,5,109
20260727,20248218,반칙왕 몽키,2026-05-20,1.1,0.0,276,22000,19454400,3,2298
20260727,20263371,사랑의 네 가지 온도,2026-07-02,2.4,0.0,85,14000,949000,2,131
20260727,20264056,그린랜드 2: 마이그레이션,2026-07-01,1.0,0.0,104,8000,528483850,1,55422
20260727,20245063,"희망의 발견, 알래스카에서",2026-07-04,1.1,0.0,90,7000,15119700,1,1781
20260727,20265253,과부며느리 길들인 시아버지,2026-07-27,1.2,0.0,83,6000,6000,1,1
20260727,20265265,과부엄마의 아들사랑,2026-07-27,1.2,0.0,83,6000,6000,1,1
20260727,20265252,남편을 잊게 만든 흑인대물,2026-07-27,1.2,0.0,83,6000,6000,1,1
20260726,20190280,날씨의 아이,2019-10-30,35.8,0.0,793,3424700,7775808072,284,900798
20260726,20050194,회로,2026-07-08,12.3,0.1,2104,2865200,85540230,258,8244
20260726,20204117,모가디슈,2021-07-28,100.0,0.0,187,2618000,34610382926,187,3620185
20260726,20248252,와일드 씽,2026-06-03,6.2,0.2,2943,1381350,12984187940,182,1344414
20260726,20264427,극장판 암살교실 모두의 시간,2026-07-01,13.3,0.0,942,1240800,333988550,125,31313
20260726,20257100,산양들,2026-07-29,100.0,0.0,74,370000,6419000,74,729
20260726,20245063,"희망의 발견, 알래스카에서",2026-07-04,98.3,0.0,59,348000,15112700,58,1780
20260726,20264714,예스! 유 캔,2026-07-22,5.4,0.0,1031,507250,2915800,56,364
20260726,20258236,만달로리안과 그로구,2026-05-27,8.9,0.0,582,644500,2806556700,52,231787
20260726,19930254,사랑의 블랙홀,1993-12-04,56.9,0.0,58,396000,20264000,33,2330
20260726,20060356,싸이보그지만 괜찮아,2006-12-07,100.0,0.0,26,279000,3988777800,26,676748
20260726,20255168,"극장판 뱅드림! 잇츠 마이고!!!!! 후편: 노래하자, 우리가 될 수 있는 노래 & 필름 라이브",2025-06-19,21.2,0.0,66,173000,87504900,14,9433
20260726,20250655,디스클로저 데이,2026-06-10,12.8,0.0,102,144500,2806104850,13,261210
20260726,20254062,"극장판 뱅드림! 잇츠 마이고!!!!! 전편: 봄의 양지, 방황하는 고양이",2025-04-24,19.7,0.0,66,138000,78489700,13,8345
20260726,19990147,부기나이트,1999-03-20,46.2,0.0,26,96000,21385000,12,2449
20260726,20242837,왕과 사는 남자,2026-02-04,6.9,0.0,130,59000,163203842840,9,16914563
20260726,20263222,극장판 호빵맨: 세균맨과 그림책의 루룬,2026-05-23,15.0,0.0,40,45000,296199850,6,35625
20260726,20249255,만약에 우리,2025-12-31,10.4,0.0,48,35000,25511916820,5,2603112
20260726,20263262,맘보 점보,2026-06-03,5.0,0.0,40,16000,83020800,2,9949
20260726,20248218,반칙왕 몽키,2026-05-20,1.3,0.0,78,7000,19432400,1,2295
20260726,20263598,패신저,2026-06-24,0.0,0.0,266,0,34407750,0,3187
20260725,20050194,회로,2026-07-08,19.7,0.1,1229,2580500,82675030,242,7986
20260725,20258236,만달로리안과 그로구,2026-05-27,32.2,0.0,609,2494000,2805912200,196,231735
20260725,20248252,와일드 씽,2026-06-03,6.2,0.1,3028,1423000,12982806590,189,1344232
20260725,20242837,왕과 사는 남자,2026-02-04,55.4,0.0,276,936500,163203783840,153,16914554
20260725,20261782,프로젝트 헤일메리,2026-03-18,18.0,0.0,774,1618600,32997109500,139,2909582
20260725,20264427,극장판 암살교실 모두의 시간,2026-07-01,8.7,0.0,1090,965050,332747750,95,31188
20260725,20264714,예스! 유 캔,2026-07-22,11.0,0.0,793,742550,2408550,87,308
20260725,20249255,만약에 우리,2025-12-31,50.0,0.0,90,312000,25511881820,45,2603107
20260725,20081375,샤이닝,2023-06-28,78.9,0.0,52,492000,221006678,41,21685
20260725,20258709,좀비 랜드 사가: 유메긴가 파라다이스,2026-03-04,100.0,0.0,30,330000,115372840,30,9941
20260725,20135428,어바웃 타임,2013-12-05,60.0,0.0,50,300000,25372114300,30,3455536
20260725,20249641,나쁜계집애: 달려라 하니,2025-10-07,96.7,0.0,30,319000,646015230,29,71284
20260725,20060356,싸이보그지만 괜찮아,2006-12-07,67.5,0.0,40,216000,3988498800,27,676722
20260725,20248218,반칙왕 몽키,2026-05-20,50.0,0.0,50,247000,19425400,25,2294
20260725,20247219,사운드 오브 프리덤,2024-02-21,22.2,0.0,90,200000,585411700,20,53965
20260725,20250839,영원,2026-02-04,62.5,0.0,32,188000,163157400,20,17548
20260725,19930254,사랑의 블랙홀,1993-12-04,29.3,0.0,58,131000,19868000,17,2297
20260725,20259626,마이클,2026-05-13,14.6,0.0,82,137700,17915405780,12,1629532
20260725,20250365,햄넷,2026-02-25,33.3,0.0,30,120000,646890790,10,67396
20260725,20250655,디스클로저 데이,2026-06-10,5.8,0.0,154,101000,2805960350,9,261197
20260725,20264743,무에타이 파이터,2026-07-16,8.5,0.0,59,30000,867000,5,113
20260725,20263598,패신저,2026-06-24,4.4,0.0,92,44350,34407750,4,3187
20260725,20263262,맘보 점보,2026-06-03,7.5,0.0,40,25000,83004800,3,9947
20260725,20245063,"희망의 발견, 알래스카에서",2026-07-04,1.9,0.0,105,19000,14764700,2,1722
20260725,20263222,극장판 호빵맨: 세균맨과 그림책의 루룬,2026-05-23,5.0,0.0,40,15000,296154850,2,35619
20260725,20264056,그린랜드 2: 마이그레이션,2026-07-01,5.1,0.0,39,14000,528475850,2,55421
20260725,20250489,슈퍼걸,2026-06-24,0.5,0.0,220,10000,1452617930,1,142279
20260725,20263371,사랑의 네 가지 온도,2026-07-02,2.8,0.0,36,8000,935000,1,129
20260725,20231348,극장판 짱구는 못말려: 동물소환 닌자 배꼽수비대,2023-05-04,0.0,0.0,77,0,7262598609,0,732188
20260725,20263597,최후의 만찬,2026-06-04,0.0,0.0,52,0,65744620,0,7017
20260724,20264027,극장판 도라에몽: 신 진구의 해저비밀성,2026-07-01,4.8,0.5,9514,4196300,646486750,460,67755
20260724,20228796,하얼빈,2024-12-24,34.3,0.0,594,1105000,46983094380,204,4915729
20260724,20190280,날씨의 아이,2019-10-30,17.7,0.0,1020,2103500,7765444472,180,899899
20260724,20257100,산양들,2026-07-29,100.0,0.0,138,1350000,6049000,138,655
20260724,20264427,극장판 암살교실 모두의 시간,2026-07-01,15.0,0.0,786,1224950,331782700,118,31093
20260724,20261782,프로젝트 헤일메리,2026-03-18,10.7,0.0,1053,1280300,32995490900,113,2909443
20260724,20259773,슈퍼 마리오 갤럭시,2026-04-29,95.1,0.0,102,582000,15889879860,97,1636589
20260724,20050194,회로,2026-07-08,8.0,0.0,1029,844820,80094530,82,7744
20260724,20246361,뽀로로 극장판 바닷속 대모험,2025-01-01,100.0,0.0,48,336000,3690077210,48,431189
20260724,20060356,싸이보그지만 괜찮아,2006-12-07,71.2,0.0,66,483000,3988282800,47,676695
20260724,20259869,국가초기화,2026-06-26,38.1,0.0,105,230600,2670100,40,303
20260724,20264714,예스! 유 캔,2026-07-22,3.2,0.0,977,257350,1666000,31,221
20260724,20263948,에픽: 엘비스 프레슬리 콘서트,2026-07-01,7.5,0.0,413,155000,127745500,31,15018
20260724,20040695,이프 온리,2004-10-29,100.0,0.0,30,210000,7301173090,30,1068733
20260724,20262906,극장판 반짝반짝 달님이: 싱어롱 파티,2026-05-01,40.0,0.0,70,196000,113060650,28,12092
20260724,20258236,만달로리안과 그로구,2026-05-27,14.3,0.0,189,366000,2803418200,27,231539
20260724,19990147,부기나이트,1999-03-20,73.1,0.0,26,202000,21289000,19,2437
20260724,19930254,사랑의 블랙홀,1993-12-04,17.4,0.0,92,186000,19737000,16,2280
20260724,19910234,신경쇠약 직전의 여자,1991-06-22,12.0,0.0,92,132000,8330000,11,854
20260724,20249255,만약에 우리,2025-12-31,22.9,0.0,48,74000,25511569820,11,2603062
20260724,20259626,마이클,2026-05-13,3.6,0.0,165,63300,17915268080,6,1629520
20260724,20248218,반칙왕 몽키,2026-05-20,8.8,0.0,57,32000,19178400,5,2269
20260724,20264743,무에타이 파이터,2026-07-16,9.4,0.0,53,30000,837000,5,108
20260724,20264958,헬파이어: 시수의 길,2026-07-16,6.0,0.0,84,30000,813000,5,104
20260724,20263598,패신저,2026-06-24,2.3,0.0,86,30000,34363400,2,3183
20260724,20255168,"극장판 뱅드림! 잇츠 마이고!!!!! 후편: 노래하자, 우리가 될 수 있는 노래 & 필름 라이브",2025-06-19,3.0,0.0,66,24000,87331900,2,9419
20260724,20254062,"극장판 뱅드림! 잇츠 마이고!!!!! 전편: 봄의 양지, 방황하는 고양이",2025-04-24,3.0,0.0,66,19500,78351700,2,8332
20260724,20245063,"희망의 발견, 알래스카에서",2026-07-04,3.9,0.0,51,14000,14745700,2,1720
20260724,20263845,정뱅이,2026-06-24,1.3,0.0,78,7000,23081800,1,2477
20260724,20265150,남편과 섹스 후 한번 더 해주는 아주버님,2026-07-24,1.2,0.0,83,6000,6000,1,1
20260724,20265251,아내가 탈옥범들의 단백질로 채워졌다 무삭제,2026-07-24,1.2,0.0,83,6000,6000,1,1
20260724,20265262,아내의 접대-위험한 거래,2026-07-24,1.2,0.0,83,6000,6000,1,1
20260724,20265148,장모님 다리 사이에 심어둔 뿌리 깊은 나무,2026-07-24,1.2,0.0,83,6000,6000,1,1
20260724,20265335,"흐물거리는 남편, 빳빳한 짐승남",2026-07-24,1.1,0.0,91,1000,1000,1,1
20260723,20050194,회로,2026-07-08,12.3,0.1,2617,3520400,79249710,323,7662
20260723,20248252,와일드 씽,2026-06-03,5.4,0.3,5878,2559950,12973276390,320,1342931
20260723,20263845,정뱅이,2026-06-24,15.4,0.1,1231,1736000,23074800,189,2476
20260723,20228796,하얼빈,2024-12-24,53.9,0.0,306,880000,46981989380,165,4915525
20260723,20190280,날씨의 아이,2019-10-30,21.4,0.0,659,1566000,7763340972,141,899719
20260723,20264427,극장판 암살교실 모두의 시간,2026-07-01,12.4,0.1,1106,1453150,330557750,137,30975
20260723,20257100,산양들,2026-07-29,100.0,0.0,126,1134000,4699000,126,517
20260723,20245063,"희망의 발견, 알래스카에서",2026-07-04,81.6,0.0,125,1020000,14731700,102,1718
20260723,20261782,프로젝트 헤일메리,2026-03-18,14.5,0.0,657,1049500,32994210600,95,2909330
20260723,20258808,뽀로로 극장판 스위트캐슬 대모험,2025-12-11,51.3,0.0,156,560000,2306194710,80,266190
20260723,20262771,현상수배,2026-06-10,100.0,0.0,58,348000,66674050,58,8240
20260723,20060356,싸이보그지만 괜찮아,2006-12-07,71.2,0.0,66,442000,3987799800,47,676648
20260723,20264714,예스! 유 캔,2026-07-22,6.0,0.0,745,384000,1408650,45,190
20260723,20131102,수상한 그녀,2014-01-22,95.6,0.0,45,258000,62756209849,43,8665824
20260723,20210684,두다다쿵: 후후섬의 비밀,2023-02-15,26.7,0.0,135,252000,1151295650,36,128122
20260723,20258236,만달로리안과 그로구,2026-05-27,5.7,0.0,511,315800,2803052200,29,231512
20260723,20081375,샤이닝,2023-06-28,38.5,0.0,52,240000,220514678,20,21644
20260723,20225637,뿌까의 짜장면파티,2022-07-04,13.3,0.0,151,120000,263377500,20,43686
20260723,19910234,신경쇠약 직전의 여자,1991-06-22,24.1,0.0,58,140000,8198000,14,843
20260723,20259626,마이클,2026-05-13,10.7,0.0,131,132000,17915204780,14,1629514
20260723,19970157,로스트 하이웨이,1997-05-10,25.0,0.0,32,80000,44560022,8,4757
20260723,19930254,사랑의 블랙홀,1993-12-04,7.6,0.0,92,70000,19551000,7,2264
20260723,20263371,사랑의 네 가지 온도,2026-07-02,8.3,0.0,72,45000,927000,6,128
20260723,20255168,"극장판 뱅드림! 잇츠 마이고!!!!! 후편: 노래하자, 우리가 될 수 있는 노래 & 필름 라이브",2025-06-19,2.6,0.0,190,51500,87307900,5,9417
20260723,20264743,무에타이 파이터,2026-07-16,6.0,0.0,84,30000,807000,5,103
20260723,20264958,헬파이어: 시수의 길,2026-07-16,5.1,0.0,99,30000,783000,5,99
20260723,20254062,"극장판 뱅드림! 잇츠 마이고!!!!! 전편: 봄의 양지, 방황하는 고양이",2025-04-24,2.1,0.0,190,38000,78332200,4,8330
20260723,20263598,패신저,2026-06-24,2.2,0.0,92,20000,34333400,2,3181
20260723,20264056,그린랜드 2: 마이그레이션,2026-07-01,1.7,0.0,121,19000,528461850,2,55419
20260723,20263327,사랑의 하츄핑 특별판,2026-05-01,5.0,0.0,40,16000,143258610,2,15475
20260723,20248218,반칙왕 몽키,2026-05-20,0.7,0.0,144,8000,19146400,1,2264
20260723,20249255,만약에 우리,2025-12-31,2.1,0.0,48,7000,25511495820,1,2603051
20260723,20135428,어바웃 타임,2013-12-05,1.9,0.0,52,7000,25371814300,1,3455506
20260723,20265263,계약 잘 따는 쫄깃 유부녀,2026-07-23,1.2,0.0,83,6000,6000,1,1
20260723,20265249,남편 몰래 즐기는 불륜섹스,2026-07-23,1.2,0.0,83,6000,6000,1,1
20260723,20265240,새아들 맛에 빠진 미친 엄마,2026-07-23,1.2,0.0,83,6000,6000,1,1
20260723,20265250,선배 몸수발 드는 여사원 무삭제,2026-07-23,1.2,0.0,83,6000,6000,1,1
20260723,20265264,코스프레녀 커플섹스,2026-07-23,1.2,0.0,83,6000,6000,1,1
